[28Feb2026 01:32:54.147] [main/INFO] [cpw.mods.modlauncher.Launcher/MODLAUNCHER]: ModLauncher running: args [--launchTarget, forgeclientdev, --version, 21.1.219, --assetIndex, asset-index, --assetsDir, C:\Users\amon\.gradle\caches\minecraft\assets, --gameDir, ., --fml.fmlVersion, 4.0.42, --fml.mcVersion, 1.21.1, --fml.neoForgeVersion, 21.1.219, --fml.neoFormVersion, 20240808.144430]
[28Feb2026 01:32:54.152] [main/INFO] [cpw.mods.modlauncher.Launcher/MODLAUNCHER]: JVM identified as Oracle Corporation Java HotSpot(TM) 64-Bit Server VM 21.0.6+8-LTS-188
[28Feb2026 01:32:54.154] [main/INFO] [cpw.mods.modlauncher.Launcher/MODLAUNCHER]: ModLauncher 11.0.5+main.901c6ea8 starting: java version 21.0.6 by Oracle Corporation; OS Windows 10 arch amd64 version 10.0
[28Feb2026 01:32:54.200] [main/DEBUG] [cpw.mods.modlauncher.LaunchServiceHandler/MODLAUNCHER]: Found launch services [minecraft,forgeclient,forgedatauserdev,testharness,forgeserverdev,forgeserveruserdev,forgejunitdev,forgeclientdev,forgeclientuserdev,forgeserver,forgejunituserdev,forgedatadev]
[28Feb2026 01:32:54.252] [main/DEBUG] [cpw.mods.modlauncher.LaunchPluginHandler/MODLAUNCHER]: Found launch plugins: [mixin,slf4jfixer,runtime_enum_extender,accesstransformer,runtimedistcleaner]
[28Feb2026 01:32:54.277] [main/DEBUG] [cpw.mods.modlauncher.TransformationServicesHandler/MODLAUNCHER]: Discovering transformation services
[28Feb2026 01:32:54.283] [main/DEBUG] [net.neoforged.fml.loading.FMLPaths/CORE]: Path GAMEDIR is D:\Projects\more-tiny-gates\runs\client
[28Feb2026 01:32:54.283] [main/DEBUG] [net.neoforged.fml.loading.FMLPaths/CORE]: Path MODSDIR is D:\Projects\more-tiny-gates\runs\client\mods
[28Feb2026 01:32:54.283] [main/DEBUG] [net.neoforged.fml.loading.FMLPaths/CORE]: Path CONFIGDIR is D:\Projects\more-tiny-gates\runs\client\config
[28Feb2026 01:32:54.283] [main/DEBUG] [net.neoforged.fml.loading.FMLPaths/CORE]: Path FMLCONFIG is D:\Projects\more-tiny-gates\runs\client\config\fml.toml
[28Feb2026 01:32:54.334] [main/TRACE] [net.neoforged.fml.loading.FMLConfig/CORE]: Loaded FML config from D:\Projects\more-tiny-gates\runs\client\config\fml.toml
[28Feb2026 01:32:54.334] [main/TRACE] [net.neoforged.fml.loading.FMLConfig/CORE]: FMLConfig disableConfigWatcher is false
[28Feb2026 01:32:54.334] [main/TRACE] [net.neoforged.fml.loading.FMLConfig/CORE]: FMLConfig earlyWindowControl is true
[28Feb2026 01:32:54.334] [main/TRACE] [net.neoforged.fml.loading.FMLConfig/CORE]: FMLConfig maxThreads is 8
[28Feb2026 01:32:54.334] [main/TRACE] [net.neoforged.fml.loading.FMLConfig/CORE]: FMLConfig versionCheck is true
[28Feb2026 01:32:54.334] [main/TRACE] [net.neoforged.fml.loading.FMLConfig/CORE]: FMLConfig defaultConfigPath is defaultconfigs
[28Feb2026 01:32:54.335] [main/TRACE] [net.neoforged.fml.loading.FMLConfig/CORE]: FMLConfig disableOptimizedDFU is true
[28Feb2026 01:32:54.335] [main/TRACE] [net.neoforged.fml.loading.FMLConfig/CORE]: FMLConfig earlyWindowProvider is fmlearlywindow
[28Feb2026 01:32:54.335] [main/TRACE] [net.neoforged.fml.loading.FMLConfig/CORE]: FMLConfig earlyWindowWidth is 854
[28Feb2026 01:32:54.335] [main/TRACE] [net.neoforged.fml.loading.FMLConfig/CORE]: FMLConfig earlyWindowHeight is 480
[28Feb2026 01:32:54.335] [main/TRACE] [net.neoforged.fml.loading.FMLConfig/CORE]: FMLConfig earlyWindowFBScale is 1
[28Feb2026 01:32:54.335] [main/TRACE] [net.neoforged.fml.loading.FMLConfig/CORE]: FMLConfig earlyWindowMaximized is false
[28Feb2026 01:32:54.335] [main/TRACE] [net.neoforged.fml.loading.FMLConfig/CORE]: FMLConfig earlyWindowSkipGLVersions is []
[28Feb2026 01:32:54.335] [main/TRACE] [net.neoforged.fml.loading.FMLConfig/CORE]: FMLConfig earlyWindowSquir is false
[28Feb2026 01:32:54.349] [main/DEBUG] [net.neoforged.fml.loading.targets.CommonLaunchHandler/CORE]: Got mod coordinates more-tiny-gates%%D:\Projects\more-tiny-gates\build\resources\main;more-tiny-gates%%D:\Projects\more-tiny-gates\build\classes\java\main from env
[28Feb2026 01:32:54.352] [main/DEBUG] [net.neoforged.fml.loading.targets.CommonLaunchHandler/CORE]: Found supplied mod coordinates [{more-tiny-gates=[D:\Projects\more-tiny-gates\build\resources\main, D:\Projects\more-tiny-gates\build\classes\java\main]}]
[28Feb2026 01:32:54.358] [main/DEBUG] [cpw.mods.modlauncher.TransformationServicesHandler/MODLAUNCHER]: Found additional transformation services from discovery services: 
[28Feb2026 01:32:54.372] [main/INFO] [net.neoforged.fml.loading.ImmediateWindowHandler/]: Loading ImmediateWindowProvider fmlearlywindow
[28Feb2026 01:32:54.763] [main/INFO] [EARLYDISPLAY/]: Trying GL version 4.6
[28Feb2026 01:32:55.206] [main/INFO] [EARLYDISPLAY/]: Requested GL version 4.6 got version 4.6
[28Feb2026 01:32:55.351] [main/DEBUG] [cpw.mods.modlauncher.TransformationServicesHandler/MODLAUNCHER]: Found transformer services : [mixin,fml]
[28Feb2026 01:32:55.351] [main/DEBUG] [cpw.mods.modlauncher.TransformationServicesHandler/MODLAUNCHER]: Transformation services loading
[28Feb2026 01:32:55.352] [main/DEBUG] [cpw.mods.modlauncher.TransformationServiceDecorator/MODLAUNCHER]: Loading service mixin
[28Feb2026 01:32:55.352] [main/DEBUG] [cpw.mods.modlauncher.TransformationServiceDecorator/MODLAUNCHER]: Loaded service mixin
[28Feb2026 01:32:55.352] [main/DEBUG] [cpw.mods.modlauncher.TransformationServiceDecorator/MODLAUNCHER]: Loading service fml
[28Feb2026 01:32:55.353] [main/DEBUG] [net.neoforged.fml.loading.FMLLoader/CORE]: FML 4.0.42 loading
[28Feb2026 01:32:55.353] [main/DEBUG] [net.neoforged.fml.loading.FMLLoader/CORE]: FML found ModLauncher version : 11.0.5+main.901c6ea8
[28Feb2026 01:32:55.354] [main/DEBUG] [net.neoforged.fml.loading.FMLLoader/CORE]: FML found AccessTransformer version : 10.0.1+139da711
[28Feb2026 01:32:55.354] [main/DEBUG] [net.neoforged.fml.loading.FMLLoader/CORE]: FML found EventBus version : null
[28Feb2026 01:32:55.354] [main/DEBUG] [net.neoforged.fml.loading.FMLLoader/CORE]: Found Runtime Dist Cleaner
[28Feb2026 01:32:55.354] [main/DEBUG] [cpw.mods.modlauncher.TransformationServiceDecorator/MODLAUNCHER]: Loaded service fml
[28Feb2026 01:32:55.356] [main/DEBUG] [cpw.mods.modlauncher.TransformationServicesHandler/MODLAUNCHER]: Configuring option handling for services
[28Feb2026 01:32:55.414] [main/DEBUG] [net.neoforged.fml.loading.FMLServiceProvider/CORE]: Received command line version data  : VersionInfo[neoForgeVersion=21.1.219, fmlVersion=4.0.42, mcVersion=1.21.1, neoFormVersion=20240808.144430]
[28Feb2026 01:32:55.415] [main/DEBUG] [cpw.mods.modlauncher.TransformationServicesHandler/MODLAUNCHER]: Transformation services initializing
[28Feb2026 01:32:55.416] [main/DEBUG] [cpw.mods.modlauncher.TransformationServiceDecorator/MODLAUNCHER]: Initializing transformation service mixin
[28Feb2026 01:32:55.450] [main/DEBUG] [mixin/]: MixinService [ModLauncher] was successfully booted in cpw.mods.cl.ModuleClassLoader@782663d3
[28Feb2026 01:32:55.470] [main/INFO] [mixin/]: SpongePowered MIXIN Subsystem Version=0.8.7 Source=union:/C:/Users/amon/.gradle/caches/modules-2/files-2.1/net.fabricmc/sponge-mixin/0.15.2+mixin.0.8.7/2af2f021d8e02a0220dc27a7a72b4666d66d44ca/sponge-mixin-0.15.2+mixin.0.8.7.jar%23142!/ Service=ModLauncher Env=CLIENT
[28Feb2026 01:32:55.475] [main/DEBUG] [mixin/]: Initialising Mixin Platform Manager
[28Feb2026 01:32:55.475] [main/DEBUG] [mixin/]: Adding mixin platform agents for container ModLauncher Root Container(ModLauncher:4f56a0a2)
[28Feb2026 01:32:55.481] [main/DEBUG] [mixin/]: Instancing new MixinPlatformAgentMinecraftForge for ModLauncher Root Container(ModLauncher:4f56a0a2)
[28Feb2026 01:32:55.482] [main/DEBUG] [mixin/]: MixinPlatformAgentMinecraftForge rejected container ModLauncher Root Container(ModLauncher:4f56a0a2)
[28Feb2026 01:32:55.483] [main/DEBUG] [mixin/]: Instancing new MixinPlatformAgentDefault for ModLauncher Root Container(ModLauncher:4f56a0a2)
[28Feb2026 01:32:55.484] [main/DEBUG] [mixin/]: MixinPlatformAgentDefault accepted container ModLauncher Root Container(ModLauncher:4f56a0a2)
[28Feb2026 01:32:55.491] [main/DEBUG] [cpw.mods.modlauncher.TransformationServiceDecorator/MODLAUNCHER]: Initialized transformation service mixin
[28Feb2026 01:32:55.492] [main/DEBUG] [cpw.mods.modlauncher.TransformationServiceDecorator/MODLAUNCHER]: Initializing transformation service fml
[28Feb2026 01:32:55.492] [main/DEBUG] [net.neoforged.fml.loading.FMLServiceProvider/CORE]: Setting up basic FML game directories
[28Feb2026 01:32:55.492] [main/DEBUG] [net.neoforged.fml.loading.FMLPaths/CORE]: Path GAMEDIR is D:\Projects\more-tiny-gates\runs\client
[28Feb2026 01:32:55.493] [main/DEBUG] [net.neoforged.fml.loading.FMLPaths/CORE]: Path MODSDIR is D:\Projects\more-tiny-gates\runs\client\mods
[28Feb2026 01:32:55.493] [main/DEBUG] [net.neoforged.fml.loading.FMLPaths/CORE]: Path CONFIGDIR is D:\Projects\more-tiny-gates\runs\client\config
[28Feb2026 01:32:55.493] [main/DEBUG] [net.neoforged.fml.loading.FMLPaths/CORE]: Path FMLCONFIG is D:\Projects\more-tiny-gates\runs\client\config\fml.toml
[28Feb2026 01:32:55.493] [main/DEBUG] [net.neoforged.fml.loading.FMLServiceProvider/CORE]: Loading configuration
[28Feb2026 01:32:55.495] [main/TRACE] [net.neoforged.fml.loading.FMLConfig/CORE]: Loaded FML config from D:\Projects\more-tiny-gates\runs\client\config\fml.toml
[28Feb2026 01:32:55.495] [main/TRACE] [net.neoforged.fml.loading.FMLConfig/CORE]: FMLConfig disableConfigWatcher is false
[28Feb2026 01:32:55.495] [main/TRACE] [net.neoforged.fml.loading.FMLConfig/CORE]: FMLConfig earlyWindowControl is true
[28Feb2026 01:32:55.496] [main/TRACE] [net.neoforged.fml.loading.FMLConfig/CORE]: FMLConfig maxThreads is 8
[28Feb2026 01:32:55.496] [main/TRACE] [net.neoforged.fml.loading.FMLConfig/CORE]: FMLConfig versionCheck is true
[28Feb2026 01:32:55.496] [main/TRACE] [net.neoforged.fml.loading.FMLConfig/CORE]: FMLConfig defaultConfigPath is defaultconfigs
[28Feb2026 01:32:55.496] [main/TRACE] [net.neoforged.fml.loading.FMLConfig/CORE]: FMLConfig disableOptimizedDFU is true
[28Feb2026 01:32:55.496] [main/TRACE] [net.neoforged.fml.loading.FMLConfig/CORE]: FMLConfig earlyWindowProvider is fmlearlywindow
[28Feb2026 01:32:55.496] [main/TRACE] [net.neoforged.fml.loading.FMLConfig/CORE]: FMLConfig earlyWindowWidth is 854
[28Feb2026 01:32:55.496] [main/TRACE] [net.neoforged.fml.loading.FMLConfig/CORE]: FMLConfig earlyWindowHeight is 480
[28Feb2026 01:32:55.496] [main/TRACE] [net.neoforged.fml.loading.FMLConfig/CORE]: FMLConfig earlyWindowFBScale is 1
[28Feb2026 01:32:55.496] [main/TRACE] [net.neoforged.fml.loading.FMLConfig/CORE]: FMLConfig earlyWindowMaximized is false
[28Feb2026 01:32:55.496] [main/TRACE] [net.neoforged.fml.loading.FMLConfig/CORE]: FMLConfig earlyWindowSkipGLVersions is []
[28Feb2026 01:32:55.498] [main/TRACE] [net.neoforged.fml.loading.FMLConfig/CORE]: FMLConfig earlyWindowSquir is false
[28Feb2026 01:32:55.502] [main/DEBUG] [net.neoforged.fml.loading.LaunchContext/SCAN]: Located paths when launch context was created: [C:\Users\amon\.gradle\caches\modules-2\files-2.1\org.antlr\antlr4-runtime\4.13.1\17125bae1d965624e265ef49552f6465a2bfa307\antlr4-runtime-4.13.1.jar, C:\Users\amon\.gradle\caches\modules-2\files-2.1\net.sf.jopt-simple\jopt-simple\5.0.4\4fdac2fbe92dfad86aa6e9301736f6b4342a3f5c\jopt-simple-5.0.4.jar, C:\Users\amon\.gradle\caches\modules-2\files-2.1\org.lwjgl\lwjgl-glfw\3.3.3\32334f3fd5270a59bad9939a93115acb6de36dcf\lwjgl-glfw-3.3.3-natives-windows-x86.jar, C:\Users\amon\.gradle\caches\modules-2\files-2.1\net.minecrell\terminalconsoleappender\1.3.0\b562e9bb61235c9520e26282cdee71f8f802d1fc\terminalconsoleappender-1.3.0.jar, C:\Users\amon\.gradle\caches\modules-2\files-2.1\org.lwjgl\lwjgl-glfw\3.3.3\efa1eb78c5ccd840e9f329717109b5e892d72f8e\lwjgl-glfw-3.3.3.jar, C:\Users\amon\.gradle\caches\modules-2\files-2.1\com.google.errorprone\error_prone_annotations\2.18.0\89b684257096f548fa39a7df9fdaa409d4d4df91\error_prone_annotations-2.18.0.jar, C:\Users\amon\.gradle\caches\modules-2\files-2.1\net.minecraftforge\srgutils\0.4.15\ca408b131759478f164e010fae0d73997e125fb5\srgutils-0.4.15.jar, C:\Users\amon\.gradle\caches\modules-2\files-2.1\com.mojang\text2speech\1.17.9\3cad216e3a7f0c19b4b394388bc9ffc446f13b14\text2speech-1.17.9.jar, C:\Users\amon\.gradle\caches\modules-2\files-2.1\com.google.guava\guava\32.1.2-jre\5e64ec7e056456bef3a4bc4c6fdaef71e8ab6318\guava-32.1.2-jre.jar, C:\Users\amon\.gradle\caches\modules-2\files-2.1\org.lwjgl\lwjgl-openal\3.3.3\daada81ceb5fc0c291fbfdd4433cb8d9423577f2\lwjgl-openal-3.3.3.jar, C:\Users\amon\.gradle\caches\modules-2\files-2.1\io.netty\netty-common\4.1.97.Final\7cceacaf11df8dc63f23d0fb58e9d4640fc88404\netty-common-4.1.97.Final.jar, C:\Users\amon\.gradle\caches\modules-2\files-2.1\org.lwjgl\lwjgl-tinyfd\3.3.3\82d755ca94b102e9ca77283b9e2dc46d1b15fbe5\lwjgl-tinyfd-3.3.3.jar, C:\Users\amon\.gradle\caches\modules-2\files-2.1\org.lwjgl\lwjgl-freetype\3.3.3\a0db6c84a8becc8ca05f9dbfa985edc348a824c7\lwjgl-freetype-3.3.3.jar, C:\Users\amon\.gradle\caches\modules-2\files-2.1\net.neoforged\mergetool\2.0.3\1275202cbbb248f49345cf6787ce299afd9a02fb\mergetool-2.0.3-api.jar, C:\Users\amon\.gradle\caches\modules-2\files-2.1\com.machinezoo.noexception\noexception\1.7.1\b65330c98e38a1f915fa54a6e5eca496505e3f0a\noexception-1.7.1.jar, C:\Users\amon\.gradle\caches\modules-2\files-2.1\io.netty\netty-transport-classes-epoll\4.1.97.Final\795da37ded759e862457a82d9d92c4d39ce8ecee\netty-transport-classes-epoll-4.1.97.Final.jar, C:\Users\amon\.gradle\caches\modules-2\files-2.1\io.netty\netty-buffer\4.1.97.Final\f8f3d8644afa5e6e1a40a3a6aeb9d9aa970ecb4f\netty-buffer-4.1.97.Final.jar, C:\Users\amon\.gradle\caches\modules-2\files-2.1\org.slf4j\slf4j-api\2.0.9\7cf2726fdcfbc8610f9a71fb3ed639871f315340\slf4j-api-2.0.9.jar, C:\Users\amon\.gradle\caches\modules-2\files-2.1\org.lwjgl\lwjgl-opengl\3.3.3\65e956d3735a1abdc82eff4baec1b61174697d4b\lwjgl-opengl-3.3.3-natives-windows-arm64.jar, C:\Users\amon\.gradle\caches\modules-2\files-2.1\org.apache.logging.log4j\log4j-slf4j2-impl\2.22.1\d7e6693c2606cb7e7335047d7bb96dec52db5665\log4j-slf4j2-impl-2.22.1.jar, C:\Users\amon\.gradle\caches\modules-2\files-2.1\commons-io\commons-io\2.15.1\f11560da189ab563a5c8e351941415430e9304ea\commons-io-2.15.1.jar, C:\Users\amon\.gradle\caches\modules-2\files-2.1\com.google.code.gson\gson\2.10.1\b3add478d4382b78ea20b1671390a858002feb6c\gson-2.10.1.jar, C:\Users\amon\.gradle\caches\modules-2\files-2.1\org.lwjgl\lwjgl\3.3.3\9e670718e050aeaeea0c2d5b907cffb142f2e58f\lwjgl-3.3.3-natives-windows-x86.jar, C:\Users\amon\.gradle\caches\modules-2\files-2.1\io.netty\netty-handler\4.1.97.Final\abb86c6906bf512bf2b797a41cd7d2e8d3cd7c36\netty-handler-4.1.97.Final.jar, C:\Users\amon\.gradle\caches\modules-2\files-2.1\org.lwjgl\lwjgl-stb\3.3.3\25dd6161988d7e65f71d5065c99902402ee32746\lwjgl-stb-3.3.3.jar, C:\Users\amon\.gradle\caches\modules-2\files-2.1\org.codehaus.plexus\plexus-utils\3.3.0\cf43b5391de623b36fe066a21127baef82c64022\plexus-utils-3.3.0.jar, C:\Users\amon\.gradle\caches\modules-2\files-2.1\org.lwjgl\lwjgl-openal\3.3.3\87b8d5050e3adb46bb58fe1cb2669a4a48fce10d\lwjgl-openal-3.3.3-natives-windows-x86.jar, C:\Users\amon\.gradle\caches\modules-2\files-2.1\net.fabricmc\sponge-mixin\0.15.2+mixin.0.8.7\2af2f021d8e02a0220dc27a7a72b4666d66d44ca\sponge-mixin-0.15.2+mixin.0.8.7.jar, C:\Users\amon\.gradle\caches\modules-2\files-2.1\com.mojang\logging\1.2.7\24cb95ffb0e3433fd6e844c04e68009e504ca1c0\logging-1.2.7.jar, C:\Users\amon\.gradle\caches\modules-2\files-2.1\org.apache.maven\maven-artifact\3.8.5\4433f50c07debefaed0553bd0068f4f48d449313\maven-artifact-3.8.5.jar, C:\Users\amon\.gradle\caches\modules-2\files-2.1\com.mojang\datafixerupper\8.0.16\67d4de6d7f95d89bcf5862995fb854ebaec02a34\datafixerupper-8.0.16.jar, C:\Users\amon\.gradle\caches\modules-2\files-2.1\org.lwjgl\lwjgl-tinyfd\3.3.3\a6697981b0449a5087c1d546fc08b4f73e8f98c9\lwjgl-tinyfd-3.3.3-natives-windows.jar, C:\Users\amon\.gradle\caches\modules-2\files-2.1\net.java.dev.jna\jna-platform\5.14.0\28934d48aed814f11e4c584da55c49fa7032b31b\jna-platform-5.14.0.jar, C:\Users\amon\.gradle\caches\modules-2\files-2.1\com.electronwill.night-config\toml\3.8.3\90b2fd6efcb4a7d5b9810cf78f9d824994d717f2\toml-3.8.3.jar, C:\Users\amon\.gradle\caches\modules-2\files-2.1\com.google.code.findbugs\jsr305\3.0.2\25ea2e8b0c338a877313bd4672d3fe056ea78f0d\jsr305-3.0.2.jar, C:\Users\amon\.gradle\caches\modules-2\files-2.1\io.netty\netty-resolver\4.1.97.Final\cec8348108dc76c47cf87c669d514be52c922144\netty-resolver-4.1.97.Final.jar, C:\Users\amon\.gradle\caches\modules-2\files-2.1\io.netty\netty-transport-native-unix-common\4.1.97.Final\d469d84265ab70095b01b40886cabdd433b6e664\netty-transport-native-unix-common-4.1.97.Final.jar, C:\Users\amon\.gradle\caches\modules-2\files-2.1\com.google.j2objc\j2objc-annotations\2.8\c85270e307e7b822f1086b93689124b89768e273\j2objc-annotations-2.8.jar, C:\Users\amon\.gradle\caches\modules-2\files-2.1\org.lz4\lz4-java\1.8.0\4b986a99445e49ea5fbf5d149c4b63f6ed6c6780\lz4-java-1.8.0.jar, C:\Users\amon\.gradle\caches\modules-2\files-2.1\com.google.guava\failureaccess\1.0.1\1dcf1de382a0bf95a3d8b0849546c88bac1292c9\failureaccess-1.0.1.jar, C:\Users\amon\.gradle\caches\modules-2\files-2.1\org.jline\jline-reader\3.20.0\8f15415b022a25b473e8e16c28ae913186ffb9c4\jline-reader-3.20.0.jar, C:\Users\amon\.gradle\caches\modules-2\files-2.1\com.mojang\blocklist\1.0.10\5c685c5ffa94c4cd39496c7184c1d122e515ecef\blocklist-1.0.10.jar, C:\Users\amon\.gradle\caches\modules-2\files-2.1\org.lwjgl\lwjgl-stb\3.3.3\1d9facdf6541de114b0f963be33505b7679c78cb\lwjgl-stb-3.3.3-natives-windows.jar, C:\Users\amon\.gradle\caches\modules-2\files-2.1\org.apache.commons\commons-compress\1.26.0\659feffdd12280201c8aacb8f7be94f9a883c824\commons-compress-1.26.0.jar, C:\Users\amon\.gradle\caches\modules-2\files-2.1\org.lwjgl\lwjgl-jemalloc\3.3.3\426222fc027602a5f21b9c0fe79cde6a4c7a011f\lwjgl-jemalloc-3.3.3-natives-windows.jar, C:\Users\amon\.gradle\caches\modules-2\files-2.1\org.checkerframework\checker-qual\3.33.0\de2b60b62da487644fc11f734e73c8b0b431238f\checker-qual-3.33.0.jar, C:\Users\amon\.gradle\caches\modules-2\files-2.1\ca.weblite\java-objc-bridge\1.1\1227f9e0666314f9de41477e3ec277e542ed7f7b\java-objc-bridge-1.1.jar, C:\Users\amon\.gradle\caches\modules-2\files-2.1\net.neoforged\accesstransformers\10.0.1\fd83b5725f76eae9115e9355fa1c456a6a441400\accesstransformers-10.0.1.jar, C:\Users\amon\.gradle\caches\modules-2\files-2.1\com.ibm.icu\icu4j\73.2\61ad4ef7f9131fcf6d25c34b817f90d6da06c9e9\icu4j-73.2.jar, C:\Users\amon\.gradle\caches\modules-2\files-2.1\com.mojang\brigadier\1.3.10\d15b53a14cf20fdcaa98f731af5dda654452c010\brigadier-1.3.10.jar, C:\Users\amon\.gradle\caches\modules-2\files-2.1\org.apache.httpcomponents\httpcore\4.4.16\51cf043c87253c9f58b539c9f7e44c8894223850\httpcore-4.4.16.jar, C:\Users\amon\.gradle\caches\modules-2\files-2.1\org.lwjgl\lwjgl\3.3.3\29589b5f87ed335a6c7e7ee6a5775f81f97ecb84\lwjgl-3.3.3.jar, C:\Users\amon\.gradle\caches\modules-2\files-2.1\org.lwjgl\lwjgl-jemalloc\3.3.3\b543467b7ff3c6920539a88ee602d34098628be5\lwjgl-jemalloc-3.3.3.jar, C:\Users\amon\.gradle\caches\modules-2\files-2.1\com.google.guava\listenablefuture\9999.0-empty-to-avoid-conflict-with-guava\b421526c5f297295adef1c886e5246c39d4ac629\listenablefuture-9999.0-empty-to-avoid-conflict-with-guava.jar, C:\Users\amon\.gradle\caches\modules-2\files-2.1\commons-logging\commons-logging\1.2\4bfc12adfe4842bf07b657f0369c4cb522955686\commons-logging-1.2.jar, C:\Users\amon\.gradle\caches\modules-2\files-2.1\com.github.oshi\oshi-core\6.4.10\b1d8ab82d11d92fd639b56d639f8f46f739dd5fa\oshi-core-6.4.10.jar, C:\Users\amon\.gradle\caches\modules-2\files-2.1\org.apache.logging.log4j\log4j-core\2.22.1\7183a25510a02ad00cc6a95d3b3d2a7d3c5a8dc4\log4j-core-2.22.1.jar, C:\Users\amon\.gradle\caches\modules-2\files-2.1\org.jcraft\jorbis\0.0.17\8872d22b293e8f5d7d56ff92be966e6dc28ebdc6\jorbis-0.0.17.jar, C:\Users\amon\.gradle\caches\modules-2\files-2.1\com.mojang\authlib\6.0.54\de8bc95660e1b2fe8793fd427a7a10dcec5b3ea7\authlib-6.0.54.jar, C:\Users\amon\.gradle\caches\modules-2\files-2.1\net.neoforged\bus\8.0.5\5b2d33285ab5d1554e9798ad98c40d6ea3868bd5\bus-8.0.5.jar, C:\Users\amon\.gradle\caches\modules-2\files-2.1\org.jline\jline-terminal\3.20.0\d0ddcc708ddf527a3454c941b7b9225cc83a15ff\jline-terminal-3.20.0.jar, C:\Users\amon\.gradle\caches\modules-2\files-2.1\org.jetbrains\annotations\24.1.0\7af6a669488450c4a07c2c3254e2151df42d7d04\annotations-24.1.0.jar, C:\Users\amon\.gradle\caches\modules-2\files-2.1\org.joml\joml\1.10.5\22566d58af70ad3d72308bab63b8339906deb649\joml-1.10.5.jar, C:\Users\amon\.gradle\caches\modules-2\files-2.1\io.netty\netty-codec\4.1.97.Final\384ba4d75670befbedb45c4d3b497a93639c206d\netty-codec-4.1.97.Final.jar, C:\Users\amon\.gradle\caches\modules-2\files-2.1\org.apache.commons\commons-lang3\3.14.0\1ed471194b02f2c6cb734a0cd6f6f107c673afae\commons-lang3-3.14.0.jar, C:\Users\amon\.gradle\caches\modules-2\files-2.1\org.openjdk.nashorn\nashorn-core\15.4\f67f5ffaa5f5130cf6fb9b133da00c7df3b532a5\nashorn-core-15.4.jar, C:\Users\amon\.gradle\caches\modules-2\files-2.1\org.lwjgl\lwjgl-opengl\3.3.3\2f6b0147078396a58979125a4c947664e98293a\lwjgl-opengl-3.3.3.jar, C:\Users\amon\.gradle\caches\modules-2\files-2.1\org.lwjgl\lwjgl-freetype\3.3.3\15a8c1de7f51d07a92eae7ce1222557073a0c0c3\lwjgl-freetype-3.3.3-natives-windows-x86.jar, C:\Users\amon\.gradle\caches\modules-2\files-2.1\cpw.mods\modlauncher\11.0.5\b8f0d49294f733fdb6173931b263553e943dc950\modlauncher-11.0.5.jar, C:\Users\amon\.gradle\caches\modules-2\files-2.1\net.neoforged\JarJarSelector\0.4.1\fb3cc7a58af22ad2880adb98af6d518128c47dae\JarJarSelector-0.4.1.jar, C:\Users\amon\.gradle\caches\modules-2\files-2.1\org.apache.httpcomponents\httpclient\4.5.13\e5f6cae5ca7ecaac1ec2827a9e2d65ae2869cada\httpclient-4.5.13.jar, C:\Users\amon\.gradle\caches\modules-2\files-2.1\org.apache.logging.log4j\log4j-api\2.22.1\bea6fede6328fabafd7e68363161a7ea6605abd1\log4j-api-2.22.1.jar, C:\Users\amon\.gradle\caches\modules-2\files-2.1\com.mojang\patchy\2.2.10\da05971b07cbb379d002cf7eaec6a2048211fefc\patchy-2.2.10.jar, C:\Users\amon\.gradle\caches\modules-2\files-2.1\net.java.dev.jna\jna\5.14.0\67bf3eaea4f0718cb376a181a629e5f88fa1c9dd\jna-5.14.0.jar, C:\Users\amon\.gradle\caches\modules-2\files-2.1\net.neoforged.accesstransformers\at-modlauncher\10.0.1\5aba50202aceead086bc09fbc2751c9f05cb4890\at-modlauncher-10.0.1.jar, C:\Users\amon\.gradle\caches\modules-2\files-2.1\io.netty\netty-transport\4.1.97.Final\f37380d23c9bb079bc702910833b2fd532c9abd0\netty-transport-4.1.97.Final.jar, C:\Users\amon\.gradle\caches\modules-2\files-2.1\net.neoforged\JarJarMetadata\0.4.1\f8da03683dc81694556dc3e177c5e3bb77ae6fcb\JarJarMetadata-0.4.1.jar, C:\Users\amon\.gradle\caches\modules-2\files-2.1\net.jodah\typetools\0.6.3\a01aaa6ddaea9ec07ec4f209487b7a46a526283a\typetools-0.6.3.jar, C:\Users\amon\.gradle\caches\modules-2\files-2.1\com.electronwill.night-config\core\3.8.3\b442a95f09e349927f5a945ecb594455870fcf4f\core-3.8.3.jar, C:\Users\amon\.gradle\caches\modules-2\files-2.1\net.neoforged.fancymodloader\loader\4.0.42\76e15f98bf676fb44b36c5e776f52a55581ec43a\loader-4.0.42.jar, C:\Users\amon\.gradle\caches\modules-2\files-2.1\it.unimi.dsi\fastutil\8.5.12\c24946d46824bd528054bface3231d2ecb7e95e8\fastutil-8.5.12.jar, C:\Users\amon\.gradle\caches\modules-2\files-2.1\net.neoforged\coremods\7.0.3\9147e6f638b4272b3bd5fc8f92ad37802512c6c\coremods-7.0.3.jar, D:\Projects\more-tiny-gates\.gradle\repositories\ng_dummy_ng\net\minecraft\client\1.21.1\client-1.21.1-client-extra.jar, C:\Users\amon\.gradle\caches\modules-2\files-2.1\commons-codec\commons-codec\1.16.0\4e3eb3d79888d76b54e28b350915b5dc3919c9de\commons-codec-1.16.0.jar, C:\Users\amon\.gradle\caches\modules-2\files-2.1\net.neoforged.fancymodloader\earlydisplay\4.0.42\46555dbfff14e9e052f1f693aed14d542a74e111\earlydisplay-4.0.42.jar]
[28Feb2026 01:32:55.503] [main/DEBUG] [net.neoforged.fml.loading.FMLServiceProvider/CORE]: Preparing launch handler
[28Feb2026 01:32:55.504] [main/DEBUG] [net.neoforged.fml.loading.FMLLoader/CORE]: Using forgeclientdev as launch service
[28Feb2026 01:32:55.504] [main/DEBUG] [net.neoforged.fml.common.asm.RuntimeDistCleaner/DISTXFORM]: Configuring for Dist CLIENT
[28Feb2026 01:32:55.508] [main/DEBUG] [cpw.mods.modlauncher.TransformationServiceDecorator/MODLAUNCHER]: Initialized transformation service fml
[28Feb2026 01:32:55.508] [main/DEBUG] [cpw.mods.modlauncher.TransformationServicesHandler/MODLAUNCHER]: Transformation services begin scanning
[28Feb2026 01:32:55.509] [main/DEBUG] [cpw.mods.modlauncher.TransformationServiceDecorator/MODLAUNCHER]: Beginning scan trigger - transformation service mixin
[28Feb2026 01:32:55.510] [main/DEBUG] [cpw.mods.modlauncher.TransformationServiceDecorator/MODLAUNCHER]: End scan trigger - transformation service mixin
[28Feb2026 01:32:55.510] [main/DEBUG] [cpw.mods.modlauncher.TransformationServiceDecorator/MODLAUNCHER]: Beginning scan trigger - transformation service fml
[28Feb2026 01:32:55.510] [main/DEBUG] [net.neoforged.fml.loading.FMLServiceProvider/CORE]: Initiating mod scan
[28Feb2026 01:32:55.510] [main/DEBUG] [net.neoforged.fml.loading.targets.CommonLaunchHandler/CORE]: Got mod coordinates more-tiny-gates%%D:\Projects\more-tiny-gates\build\resources\main;more-tiny-gates%%D:\Projects\more-tiny-gates\build\classes\java\main from env
[28Feb2026 01:32:55.510] [main/DEBUG] [net.neoforged.fml.loading.targets.CommonLaunchHandler/CORE]: Found supplied mod coordinates [{more-tiny-gates=[D:\Projects\more-tiny-gates\build\resources\main, D:\Projects\more-tiny-gates\build\classes\java\main]}]
[28Feb2026 01:32:55.518] [main/DEBUG] [net.neoforged.fml.loading.targets.CommonDevLaunchHandler/]: Launching with NeoForge from D:\Projects\more-tiny-gates\.gradle\repositories\ng_dummy_ng\net\neoforged\neoforge\21.1.219\neoforge-21.1.219.jar
[28Feb2026 01:32:55.551] [main/DEBUG] [net.neoforged.fml.util.ServiceLoaderUtil/CORE]: Found 4 implementations of IModFileCandidateLocator:
[28Feb2026 01:32:55.552] [main/DEBUG] [net.neoforged.fml.util.ServiceLoaderUtil/CORE]: 	       0 - [built-in] net.neoforged.fml.loading.moddiscovery.locators.NeoForgeDevProvider from loader-4.0.42.jar
[28Feb2026 01:32:55.553] [main/DEBUG] [net.neoforged.fml.util.ServiceLoaderUtil/CORE]: 	       0 - net.neoforged.fml.loading.moddiscovery.locators.ModsFolderLocator from loader-4.0.42.jar
[28Feb2026 01:32:55.553] [main/DEBUG] [net.neoforged.fml.util.ServiceLoaderUtil/CORE]: 	       0 - net.neoforged.fml.loading.moddiscovery.locators.MavenDirectoryLocator from loader-4.0.42.jar
[28Feb2026 01:32:55.553] [main/DEBUG] [net.neoforged.fml.util.ServiceLoaderUtil/CORE]: 	   -1000 - [built-in] net.neoforged.fml.loading.moddiscovery.locators.UserdevLocator from loader-4.0.42.jar
[28Feb2026 01:32:55.556] [main/DEBUG] [net.neoforged.fml.util.ServiceLoaderUtil/CORE]: Found 2 implementations of IModFileReader:
[28Feb2026 01:32:55.557] [main/DEBUG] [net.neoforged.fml.util.ServiceLoaderUtil/CORE]: 	       0 - net.neoforged.fml.loading.moddiscovery.readers.JarModsDotTomlModFileReader from loader-4.0.42.jar
[28Feb2026 01:32:55.557] [main/DEBUG] [net.neoforged.fml.util.ServiceLoaderUtil/CORE]: 	   -1000 - net.neoforged.fml.loading.moddiscovery.readers.NestedLibraryModReader from loader-4.0.42.jar
[28Feb2026 01:32:55.559] [main/DEBUG] [net.neoforged.fml.util.ServiceLoaderUtil/CORE]: Found 1 implementations of IDependencyLocator:
[28Feb2026 01:32:55.560] [main/DEBUG] [net.neoforged.fml.util.ServiceLoaderUtil/CORE]: 	       0 - net.neoforged.fml.loading.moddiscovery.locators.JarInJarDependencyLocator from loader-4.0.42.jar
[28Feb2026 01:32:55.560] [main/DEBUG] [net.neoforged.fml.loading.moddiscovery.ModDiscoverer/SCAN]: Scanning for mods and other resources to load. We know 4 ways to find mods
[28Feb2026 01:32:55.561] [main/DEBUG] [net.neoforged.fml.loading.moddiscovery.ModDiscoverer/SCAN]: Trying locator neoforge devenv provider ([D:\Projects\more-tiny-gates\.gradle\repositories\ng_dummy_ng\net\neoforged\neoforge\21.1.219\neoforge-21.1.219.jar])
[28Feb2026 01:32:55.851] [main/DEBUG] [net.neoforged.fml.loading.moddiscovery.ModFileInfo/LOADING]: Found valid mod file neoforge-21.1.219.jar with {minecraft} mods - versions {1.21.1}
[28Feb2026 01:32:55.851] [main/INFO] [net.neoforged.fml.loading.moddiscovery.ModDiscoverer/SCAN]: Found mod file "neoforge-21.1.219.jar" [locator: neoforge devenv provider ([D:\Projects\more-tiny-gates\.gradle\repositories\ng_dummy_ng\net\neoforged\neoforge\21.1.219\neoforge-21.1.219.jar])]
[28Feb2026 01:32:55.861] [main/DEBUG] [net.neoforged.fml.loading.moddiscovery.readers.JarModsDotTomlModFileReader/SCAN]: Found META-INF/neoforge.mods.toml mod of type null: D:\Projects\more-tiny-gates\.gradle\repositories\ng_dummy_ng\net\neoforged\neoforge\21.1.219\neoforge-21.1.219.jar
[28Feb2026 01:32:55.861] [main/DEBUG] [net.neoforged.fml.loading.moddiscovery.ModFileParser/LOADING]: Considering mod file candidate D:\Projects\more-tiny-gates\.gradle\repositories\ng_dummy_ng\net\neoforged\neoforge\21.1.219\neoforge-21.1.219.jar
[28Feb2026 01:32:55.900] [main/DEBUG] [net.neoforged.fml.loading.moddiscovery.ModFileInfo/LOADING]: Found valid mod file neoforge-21.1.219.jar with {neoforge} mods - versions {21.1.219}
[28Feb2026 01:32:55.900] [main/INFO] [net.neoforged.fml.loading.moddiscovery.ModDiscoverer/SCAN]: Found mod file "neoforge-21.1.219.jar" [locator: neoforge devenv provider ([D:\Projects\more-tiny-gates\.gradle\repositories\ng_dummy_ng\net\neoforged\neoforge\21.1.219\neoforge-21.1.219.jar])]
[28Feb2026 01:32:55.900] [main/DEBUG] [net.neoforged.fml.loading.moddiscovery.ModDiscoverer/SCAN]: Locator neoforge devenv provider ([D:\Projects\more-tiny-gates\.gradle\repositories\ng_dummy_ng\net\neoforged\neoforge\21.1.219\neoforge-21.1.219.jar]) found 2 mods, 0 warnings, 0 errors and skipped 0 candidates
[28Feb2026 01:32:55.901] [main/DEBUG] [net.neoforged.fml.loading.moddiscovery.ModDiscoverer/SCAN]: Trying locator {mods folder locator at D:\Projects\more-tiny-gates\runs\client\mods}
[28Feb2026 01:32:55.901] [main/DEBUG] [net.neoforged.fml.loading.moddiscovery.locators.ModsFolderLocator/SCAN]: Scanning mods dir D:\Projects\more-tiny-gates\runs\client\mods for mods
[28Feb2026 01:32:55.902] [main/DEBUG] [net.neoforged.fml.loading.moddiscovery.ModDiscoverer/SCAN]: Locator {mods folder locator at D:\Projects\more-tiny-gates\runs\client\mods} found 0 mods, 0 warnings, 0 errors and skipped 0 candidates
[28Feb2026 01:32:55.903] [main/DEBUG] [net.neoforged.fml.loading.moddiscovery.ModDiscoverer/SCAN]: Trying locator maven libs
[28Feb2026 01:32:55.907] [main/DEBUG] [net.neoforged.fml.loading.moddiscovery.ModListHandler/CORE]: Found mod coordinates from lists: []
[28Feb2026 01:32:55.907] [main/DEBUG] [net.neoforged.fml.loading.moddiscovery.ModDiscoverer/SCAN]: Locator maven libs found 0 mods, 0 warnings, 0 errors and skipped 0 candidates
[28Feb2026 01:32:55.907] [main/DEBUG] [net.neoforged.fml.loading.moddiscovery.ModDiscoverer/SCAN]: Trying locator userdev mods and services
[28Feb2026 01:32:55.910] [main/DEBUG] [net.neoforged.fml.loading.moddiscovery.readers.JarModsDotTomlModFileReader/SCAN]: Found META-INF/neoforge.mods.toml mod of type null: D:\Projects\more-tiny-gates\build\resources\main
[28Feb2026 01:32:55.910] [main/DEBUG] [net.neoforged.fml.loading.moddiscovery.ModFileParser/LOADING]: Considering mod file candidate D:\Projects\more-tiny-gates\build\resources\main
[28Feb2026 01:32:55.919] [main/DEBUG] [net.neoforged.fml.loading.moddiscovery.ModFileInfo/LOADING]: Found valid mod file main with {moretinygates} mods - versions {1.21.1-1.0.6}
[28Feb2026 01:32:55.919] [main/INFO] [net.neoforged.fml.loading.moddiscovery.ModDiscoverer/SCAN]: Found mod file "main" [locator: userdev mods and services, reader: mod manifest]
[28Feb2026 01:32:55.936] [main/DEBUG] [net.neoforged.fml.loading.moddiscovery.readers.JarModsDotTomlModFileReader/SCAN]: Found META-INF/neoforge.mods.toml mod of type null: D:\Projects\more-tiny-gates\.gradle\repositories\ng_dummy_ng\net\neoforged\neoforge\21.1.219\neoforge-21.1.219.jar
[28Feb2026 01:32:55.936] [main/DEBUG] [net.neoforged.fml.loading.moddiscovery.ModFileParser/LOADING]: Considering mod file candidate D:\Projects\more-tiny-gates\.gradle\repositories\ng_dummy_ng\net\neoforged\neoforge\21.1.219\neoforge-21.1.219.jar
[28Feb2026 01:32:55.939] [main/DEBUG] [net.neoforged.fml.loading.moddiscovery.ModFileInfo/LOADING]: Found valid mod file neoforge-21.1.219.jar with {neoforge} mods - versions {21.1.219}
[28Feb2026 01:32:55.939] [main/INFO] [net.neoforged.fml.loading.moddiscovery.ModDiscoverer/SCAN]: Found mod file "neoforge-21.1.219.jar" [locator: userdev mods and services, reader: mod manifest]
[28Feb2026 01:32:55.943] [main/DEBUG] [net.neoforged.fml.loading.moddiscovery.readers.JarModsDotTomlModFileReader/SCAN]: Found META-INF/neoforge.mods.toml mod of type null: C:\Users\amon\.gradle\caches\modules-2\files-2.1\curse.maven\tinyredstone-453746\7680159\3fe5fcf319bfa99435710c3329beb63a9b96d30f\tinyredstone-453746-7680159.jar
[28Feb2026 01:32:55.943] [main/DEBUG] [net.neoforged.fml.loading.moddiscovery.ModFileParser/LOADING]: Considering mod file candidate C:\Users\amon\.gradle\caches\modules-2\files-2.1\curse.maven\tinyredstone-453746\7680159\3fe5fcf319bfa99435710c3329beb63a9b96d30f\tinyredstone-453746-7680159.jar
[28Feb2026 01:32:55.946] [main/DEBUG] [net.neoforged.fml.loading.moddiscovery.ModFileInfo/LOADING]: Found valid mod file tinyredstone-453746-7680159.jar with {tinyredstone} mods - versions {1.21.1-6.1.0}
[28Feb2026 01:32:55.947] [main/INFO] [net.neoforged.fml.loading.moddiscovery.ModDiscoverer/SCAN]: Found mod file "tinyredstone-453746-7680159.jar" [locator: userdev mods and services, reader: mod manifest]
[28Feb2026 01:32:55.950] [main/DEBUG] [net.neoforged.fml.loading.moddiscovery.readers.JarModsDotTomlModFileReader/SCAN]: Found META-INF/neoforge.mods.toml mod of type null: C:\Users\amon\.gradle\caches\modules-2\files-2.1\curse.maven\tinygates-522875\7664787\c6ae1605ae958cdfedf29d793a68b8adce2306e7\tinygates-522875-7664787.jar
[28Feb2026 01:32:55.950] [main/DEBUG] [net.neoforged.fml.loading.moddiscovery.ModFileParser/LOADING]: Considering mod file candidate C:\Users\amon\.gradle\caches\modules-2\files-2.1\curse.maven\tinygates-522875\7664787\c6ae1605ae958cdfedf29d793a68b8adce2306e7\tinygates-522875-7664787.jar
[28Feb2026 01:32:55.954] [main/DEBUG] [net.neoforged.fml.loading.moddiscovery.ModFileInfo/LOADING]: Found valid mod file tinygates-522875-7664787.jar with {tinygates} mods - versions {1.21.1-5.0.0}
[28Feb2026 01:32:55.954] [main/INFO] [net.neoforged.fml.loading.moddiscovery.ModDiscoverer/SCAN]: Found mod file "tinygates-522875-7664787.jar" [locator: userdev mods and services, reader: mod manifest]
[28Feb2026 01:32:56.000] [main/DEBUG] [net.neoforged.fml.loading.moddiscovery.ModDiscoverer/]: Skipping C:\Users\amon\.gradle\caches\modules-2\files-2.1\com.github.oshi\oshi-core\6.4.10\b1d8ab82d11d92fd639b56d639f8f46f739dd5fa\oshi-core-6.4.10.jar because it was already located earlier
[28Feb2026 01:32:56.000] [main/DEBUG] [net.neoforged.fml.loading.moddiscovery.ModDiscoverer/]: Skipping C:\Users\amon\.gradle\caches\modules-2\files-2.1\com.mojang\authlib\6.0.54\de8bc95660e1b2fe8793fd427a7a10dcec5b3ea7\authlib-6.0.54.jar because it was already located earlier
[28Feb2026 01:32:56.000] [main/DEBUG] [net.neoforged.fml.loading.moddiscovery.ModDiscoverer/]: Skipping C:\Users\amon\.gradle\caches\modules-2\files-2.1\com.mojang\datafixerupper\8.0.16\67d4de6d7f95d89bcf5862995fb854ebaec02a34\datafixerupper-8.0.16.jar because it was already located earlier
[28Feb2026 01:32:56.000] [main/DEBUG] [net.neoforged.fml.loading.moddiscovery.ModDiscoverer/]: Skipping C:\Users\amon\.gradle\caches\modules-2\files-2.1\net.neoforged.fancymodloader\earlydisplay\4.0.42\46555dbfff14e9e052f1f693aed14d542a74e111\earlydisplay-4.0.42.jar because it was already located earlier
[28Feb2026 01:32:56.000] [main/DEBUG] [net.neoforged.fml.loading.moddiscovery.ModDiscoverer/]: Skipping C:\Users\amon\.gradle\caches\modules-2\files-2.1\net.neoforged.fancymodloader\loader\4.0.42\76e15f98bf676fb44b36c5e776f52a55581ec43a\loader-4.0.42.jar because it was already located earlier
[28Feb2026 01:32:56.000] [main/DEBUG] [net.neoforged.fml.loading.moddiscovery.ModDiscoverer/]: Skipping C:\Users\amon\.gradle\caches\modules-2\files-2.1\net.neoforged\JarJarSelector\0.4.1\fb3cc7a58af22ad2880adb98af6d518128c47dae\JarJarSelector-0.4.1.jar because it was already located earlier
[28Feb2026 01:32:56.000] [main/DEBUG] [net.neoforged.fml.loading.moddiscovery.ModDiscoverer/]: Skipping C:\Users\amon\.gradle\caches\modules-2\files-2.1\net.neoforged\JarJarMetadata\0.4.1\f8da03683dc81694556dc3e177c5e3bb77ae6fcb\JarJarMetadata-0.4.1.jar because it was already located earlier
[28Feb2026 01:32:56.001] [main/DEBUG] [net.neoforged.fml.loading.moddiscovery.ModDiscoverer/]: Skipping C:\Users\amon\.gradle\caches\modules-2\files-2.1\net.fabricmc\sponge-mixin\0.15.2+mixin.0.8.7\2af2f021d8e02a0220dc27a7a72b4666d66d44ca\sponge-mixin-0.15.2+mixin.0.8.7.jar because it was already located earlier
[28Feb2026 01:32:56.001] [main/DEBUG] [net.neoforged.fml.loading.moddiscovery.ModDiscoverer/]: Skipping C:\Users\amon\.gradle\caches\modules-2\files-2.1\com.google.code.gson\gson\2.10.1\b3add478d4382b78ea20b1671390a858002feb6c\gson-2.10.1.jar because it was already located earlier
[28Feb2026 01:32:56.001] [main/DEBUG] [net.neoforged.fml.loading.moddiscovery.ModDiscoverer/]: Skipping C:\Users\amon\.gradle\caches\modules-2\files-2.1\com.mojang\patchy\2.2.10\da05971b07cbb379d002cf7eaec6a2048211fefc\patchy-2.2.10.jar because it was already located earlier
[28Feb2026 01:32:56.001] [main/DEBUG] [net.neoforged.fml.loading.moddiscovery.ModDiscoverer/]: Skipping C:\Users\amon\.gradle\caches\modules-2\files-2.1\com.mojang\text2speech\1.17.9\3cad216e3a7f0c19b4b394388bc9ffc446f13b14\text2speech-1.17.9.jar because it was already located earlier
[28Feb2026 01:32:56.001] [main/DEBUG] [net.neoforged.fml.loading.moddiscovery.ModDiscoverer/]: Skipping C:\Users\amon\.gradle\caches\modules-2\files-2.1\com.google.guava\guava\32.1.2-jre\5e64ec7e056456bef3a4bc4c6fdaef71e8ab6318\guava-32.1.2-jre.jar because it was already located earlier
[28Feb2026 01:32:56.001] [main/DEBUG] [net.neoforged.fml.loading.moddiscovery.ModDiscoverer/]: Skipping C:\Users\amon\.gradle\caches\modules-2\files-2.1\com.google.guava\failureaccess\1.0.1\1dcf1de382a0bf95a3d8b0849546c88bac1292c9\failureaccess-1.0.1.jar because it was already located earlier
[28Feb2026 01:32:56.001] [main/DEBUG] [net.neoforged.fml.loading.moddiscovery.ModDiscoverer/]: Skipping C:\Users\amon\.gradle\caches\modules-2\files-2.1\com.ibm.icu\icu4j\73.2\61ad4ef7f9131fcf6d25c34b817f90d6da06c9e9\icu4j-73.2.jar because it was already located earlier
[28Feb2026 01:32:56.001] [main/DEBUG] [net.neoforged.fml.loading.moddiscovery.ModDiscoverer/]: Skipping C:\Users\amon\.gradle\caches\modules-2\files-2.1\com.mojang\blocklist\1.0.10\5c685c5ffa94c4cd39496c7184c1d122e515ecef\blocklist-1.0.10.jar because it was already located earlier
[28Feb2026 01:32:56.001] [main/DEBUG] [net.neoforged.fml.loading.moddiscovery.ModDiscoverer/]: Skipping C:\Users\amon\.gradle\caches\modules-2\files-2.1\com.mojang\brigadier\1.3.10\d15b53a14cf20fdcaa98f731af5dda654452c010\brigadier-1.3.10.jar because it was already located earlier
[28Feb2026 01:32:56.001] [main/DEBUG] [net.neoforged.fml.loading.moddiscovery.ModDiscoverer/]: Skipping C:\Users\amon\.gradle\caches\modules-2\files-2.1\com.mojang\logging\1.2.7\24cb95ffb0e3433fd6e844c04e68009e504ca1c0\logging-1.2.7.jar because it was already located earlier
[28Feb2026 01:32:56.002] [main/DEBUG] [net.neoforged.fml.loading.moddiscovery.ModDiscoverer/]: Skipping C:\Users\amon\.gradle\caches\modules-2\files-2.1\org.apache.httpcomponents\httpclient\4.5.13\e5f6cae5ca7ecaac1ec2827a9e2d65ae2869cada\httpclient-4.5.13.jar because it was already located earlier
[28Feb2026 01:32:56.002] [main/DEBUG] [net.neoforged.fml.loading.moddiscovery.ModDiscoverer/]: Skipping C:\Users\amon\.gradle\caches\modules-2\files-2.1\commons-codec\commons-codec\1.16.0\4e3eb3d79888d76b54e28b350915b5dc3919c9de\commons-codec-1.16.0.jar because it was already located earlier
[28Feb2026 01:32:56.002] [main/DEBUG] [net.neoforged.fml.loading.moddiscovery.ModDiscoverer/]: Skipping C:\Users\amon\.gradle\caches\modules-2\files-2.1\org.apache.commons\commons-compress\1.26.0\659feffdd12280201c8aacb8f7be94f9a883c824\commons-compress-1.26.0.jar because it was already located earlier
[28Feb2026 01:32:56.002] [main/DEBUG] [net.neoforged.fml.loading.moddiscovery.ModDiscoverer/]: Skipping C:\Users\amon\.gradle\caches\modules-2\files-2.1\commons-io\commons-io\2.15.1\f11560da189ab563a5c8e351941415430e9304ea\commons-io-2.15.1.jar because it was already located earlier
[28Feb2026 01:32:56.002] [main/DEBUG] [net.neoforged.fml.loading.moddiscovery.ModDiscoverer/]: Skipping C:\Users\amon\.gradle\caches\modules-2\files-2.1\commons-logging\commons-logging\1.2\4bfc12adfe4842bf07b657f0369c4cb522955686\commons-logging-1.2.jar because it was already located earlier
[28Feb2026 01:32:56.002] [main/DEBUG] [net.neoforged.fml.loading.moddiscovery.ModDiscoverer/]: Skipping C:\Users\amon\.gradle\caches\modules-2\files-2.1\io.netty\netty-handler\4.1.97.Final\abb86c6906bf512bf2b797a41cd7d2e8d3cd7c36\netty-handler-4.1.97.Final.jar because it was already located earlier
[28Feb2026 01:32:56.002] [main/DEBUG] [net.neoforged.fml.loading.moddiscovery.ModDiscoverer/]: Skipping C:\Users\amon\.gradle\caches\modules-2\files-2.1\io.netty\netty-codec\4.1.97.Final\384ba4d75670befbedb45c4d3b497a93639c206d\netty-codec-4.1.97.Final.jar because it was already located earlier
[28Feb2026 01:32:56.002] [main/DEBUG] [net.neoforged.fml.loading.moddiscovery.ModDiscoverer/]: Skipping C:\Users\amon\.gradle\caches\modules-2\files-2.1\io.netty\netty-transport-classes-epoll\4.1.97.Final\795da37ded759e862457a82d9d92c4d39ce8ecee\netty-transport-classes-epoll-4.1.97.Final.jar because it was already located earlier
[28Feb2026 01:32:56.002] [main/DEBUG] [net.neoforged.fml.loading.moddiscovery.ModDiscoverer/]: Skipping C:\Users\amon\.gradle\caches\modules-2\files-2.1\io.netty\netty-transport-native-unix-common\4.1.97.Final\d469d84265ab70095b01b40886cabdd433b6e664\netty-transport-native-unix-common-4.1.97.Final.jar because it was already located earlier
[28Feb2026 01:32:56.002] [main/DEBUG] [net.neoforged.fml.loading.moddiscovery.ModDiscoverer/]: Skipping C:\Users\amon\.gradle\caches\modules-2\files-2.1\io.netty\netty-transport\4.1.97.Final\f37380d23c9bb079bc702910833b2fd532c9abd0\netty-transport-4.1.97.Final.jar because it was already located earlier
[28Feb2026 01:32:56.002] [main/DEBUG] [net.neoforged.fml.loading.moddiscovery.ModDiscoverer/]: Skipping C:\Users\amon\.gradle\caches\modules-2\files-2.1\io.netty\netty-buffer\4.1.97.Final\f8f3d8644afa5e6e1a40a3a6aeb9d9aa970ecb4f\netty-buffer-4.1.97.Final.jar because it was already located earlier
[28Feb2026 01:32:56.002] [main/DEBUG] [net.neoforged.fml.loading.moddiscovery.ModDiscoverer/]: Skipping C:\Users\amon\.gradle\caches\modules-2\files-2.1\io.netty\netty-resolver\4.1.97.Final\cec8348108dc76c47cf87c669d514be52c922144\netty-resolver-4.1.97.Final.jar because it was already located earlier
[28Feb2026 01:32:56.003] [main/DEBUG] [net.neoforged.fml.loading.moddiscovery.ModDiscoverer/]: Skipping C:\Users\amon\.gradle\caches\modules-2\files-2.1\io.netty\netty-common\4.1.97.Final\7cceacaf11df8dc63f23d0fb58e9d4640fc88404\netty-common-4.1.97.Final.jar because it was already located earlier
[28Feb2026 01:32:56.003] [main/DEBUG] [net.neoforged.fml.loading.moddiscovery.ModDiscoverer/]: Skipping C:\Users\amon\.gradle\caches\modules-2\files-2.1\it.unimi.dsi\fastutil\8.5.12\c24946d46824bd528054bface3231d2ecb7e95e8\fastutil-8.5.12.jar because it was already located earlier
[28Feb2026 01:32:56.003] [main/DEBUG] [net.neoforged.fml.loading.moddiscovery.ModDiscoverer/]: Skipping C:\Users\amon\.gradle\caches\modules-2\files-2.1\net.java.dev.jna\jna-platform\5.14.0\28934d48aed814f11e4c584da55c49fa7032b31b\jna-platform-5.14.0.jar because it was already located earlier
[28Feb2026 01:32:56.003] [main/DEBUG] [net.neoforged.fml.loading.moddiscovery.ModDiscoverer/]: Skipping C:\Users\amon\.gradle\caches\modules-2\files-2.1\ca.weblite\java-objc-bridge\1.1\1227f9e0666314f9de41477e3ec277e542ed7f7b\java-objc-bridge-1.1.jar because it was already located earlier
[28Feb2026 01:32:56.003] [main/DEBUG] [net.neoforged.fml.loading.moddiscovery.ModDiscoverer/]: Skipping C:\Users\amon\.gradle\caches\modules-2\files-2.1\net.java.dev.jna\jna\5.14.0\67bf3eaea4f0718cb376a181a629e5f88fa1c9dd\jna-5.14.0.jar because it was already located earlier
[28Feb2026 01:32:56.003] [main/DEBUG] [net.neoforged.fml.loading.moddiscovery.ModDiscoverer/]: Skipping C:\Users\amon\.gradle\caches\modules-2\files-2.1\net.neoforged\mergetool\2.0.3\1275202cbbb248f49345cf6787ce299afd9a02fb\mergetool-2.0.3-api.jar because it was already located earlier
[28Feb2026 01:32:56.003] [main/DEBUG] [net.neoforged.fml.loading.moddiscovery.ModDiscoverer/]: Skipping C:\Users\amon\.gradle\caches\modules-2\files-2.1\net.neoforged.accesstransformers\at-modlauncher\10.0.1\5aba50202aceead086bc09fbc2751c9f05cb4890\at-modlauncher-10.0.1.jar because it was already located earlier
[28Feb2026 01:32:56.003] [main/DEBUG] [net.neoforged.fml.loading.moddiscovery.ModDiscoverer/]: Skipping C:\Users\amon\.gradle\caches\modules-2\files-2.1\net.neoforged\coremods\7.0.3\9147e6f638b4272b3bd5fc8f92ad37802512c6c\coremods-7.0.3.jar because it was already located earlier
[28Feb2026 01:32:56.003] [main/DEBUG] [net.neoforged.fml.loading.moddiscovery.ModDiscoverer/]: Skipping C:\Users\amon\.gradle\caches\modules-2\files-2.1\cpw.mods\modlauncher\11.0.5\b8f0d49294f733fdb6173931b263553e943dc950\modlauncher-11.0.5.jar because it was already located earlier
[28Feb2026 01:32:56.003] [main/DEBUG] [net.neoforged.fml.loading.moddiscovery.ModDiscoverer/]: Skipping C:\Users\amon\.gradle\caches\modules-2\files-2.1\net.sf.jopt-simple\jopt-simple\5.0.4\4fdac2fbe92dfad86aa6e9301736f6b4342a3f5c\jopt-simple-5.0.4.jar because it was already located earlier
[28Feb2026 01:32:56.003] [main/DEBUG] [net.neoforged.fml.loading.moddiscovery.ModDiscoverer/]: Skipping C:\Users\amon\.gradle\caches\modules-2\files-2.1\org.apache.maven\maven-artifact\3.8.5\4433f50c07debefaed0553bd0068f4f48d449313\maven-artifact-3.8.5.jar because it was already located earlier
[28Feb2026 01:32:56.003] [main/DEBUG] [net.neoforged.fml.loading.moddiscovery.ModDiscoverer/]: Skipping C:\Users\amon\.gradle\caches\modules-2\files-2.1\org.apache.commons\commons-lang3\3.14.0\1ed471194b02f2c6cb734a0cd6f6f107c673afae\commons-lang3-3.14.0.jar because it was already located earlier
[28Feb2026 01:32:56.004] [main/DEBUG] [net.neoforged.fml.loading.moddiscovery.ModDiscoverer/]: Skipping C:\Users\amon\.gradle\caches\modules-2\files-2.1\org.apache.httpcomponents\httpcore\4.4.16\51cf043c87253c9f58b539c9f7e44c8894223850\httpcore-4.4.16.jar because it was already located earlier
[28Feb2026 01:32:56.004] [main/DEBUG] [net.neoforged.fml.loading.moddiscovery.ModDiscoverer/]: Skipping C:\Users\amon\.gradle\caches\modules-2\files-2.1\org.apache.logging.log4j\log4j-slf4j2-impl\2.22.1\d7e6693c2606cb7e7335047d7bb96dec52db5665\log4j-slf4j2-impl-2.22.1.jar because it was already located earlier
[28Feb2026 01:32:56.004] [main/DEBUG] [net.neoforged.fml.loading.moddiscovery.ModDiscoverer/]: Skipping C:\Users\amon\.gradle\caches\modules-2\files-2.1\net.minecrell\terminalconsoleappender\1.3.0\b562e9bb61235c9520e26282cdee71f8f802d1fc\terminalconsoleappender-1.3.0.jar because it was already located earlier
[28Feb2026 01:32:56.004] [main/DEBUG] [net.neoforged.fml.loading.moddiscovery.ModDiscoverer/]: Skipping C:\Users\amon\.gradle\caches\modules-2\files-2.1\org.apache.logging.log4j\log4j-core\2.22.1\7183a25510a02ad00cc6a95d3b3d2a7d3c5a8dc4\log4j-core-2.22.1.jar because it was already located earlier
[28Feb2026 01:32:56.004] [main/DEBUG] [net.neoforged.fml.loading.moddiscovery.ModDiscoverer/]: Skipping C:\Users\amon\.gradle\caches\modules-2\files-2.1\net.neoforged\bus\8.0.5\5b2d33285ab5d1554e9798ad98c40d6ea3868bd5\bus-8.0.5.jar because it was already located earlier
[28Feb2026 01:32:56.004] [main/DEBUG] [net.neoforged.fml.loading.moddiscovery.ModDiscoverer/]: Skipping C:\Users\amon\.gradle\caches\modules-2\files-2.1\org.apache.logging.log4j\log4j-api\2.22.1\bea6fede6328fabafd7e68363161a7ea6605abd1\log4j-api-2.22.1.jar because it was already located earlier
[28Feb2026 01:32:56.004] [main/DEBUG] [net.neoforged.fml.loading.moddiscovery.ModDiscoverer/]: Skipping C:\Users\amon\.gradle\caches\modules-2\files-2.1\org.jcraft\jorbis\0.0.17\8872d22b293e8f5d7d56ff92be966e6dc28ebdc6\jorbis-0.0.17.jar because it was already located earlier
[28Feb2026 01:32:56.004] [main/DEBUG] [net.neoforged.fml.loading.moddiscovery.ModDiscoverer/]: Skipping C:\Users\amon\.gradle\caches\modules-2\files-2.1\org.joml\joml\1.10.5\22566d58af70ad3d72308bab63b8339906deb649\joml-1.10.5.jar because it was already located earlier
[28Feb2026 01:32:56.004] [main/DEBUG] [net.neoforged.fml.loading.moddiscovery.ModDiscoverer/]: Skipping C:\Users\amon\.gradle\caches\modules-2\files-2.1\org.lwjgl\lwjgl-freetype\3.3.3\a0db6c84a8becc8ca05f9dbfa985edc348a824c7\lwjgl-freetype-3.3.3.jar because it was already located earlier
[28Feb2026 01:32:56.013] [main/DEBUG] [net.neoforged.fml.loading.moddiscovery.ModDiscoverer/]: Skipping C:\Users\amon\.gradle\caches\modules-2\files-2.1\org.lwjgl\lwjgl-freetype\3.3.3\15a8c1de7f51d07a92eae7ce1222557073a0c0c3\lwjgl-freetype-3.3.3-natives-windows-x86.jar because it was already located earlier
[28Feb2026 01:32:56.014] [main/DEBUG] [net.neoforged.fml.loading.moddiscovery.ModDiscoverer/]: Skipping C:\Users\amon\.gradle\caches\modules-2\files-2.1\org.lwjgl\lwjgl-glfw\3.3.3\efa1eb78c5ccd840e9f329717109b5e892d72f8e\lwjgl-glfw-3.3.3.jar because it was already located earlier
[28Feb2026 01:32:56.035] [main/DEBUG] [net.neoforged.fml.loading.moddiscovery.ModDiscoverer/]: Skipping C:\Users\amon\.gradle\caches\modules-2\files-2.1\org.lwjgl\lwjgl-glfw\3.3.3\32334f3fd5270a59bad9939a93115acb6de36dcf\lwjgl-glfw-3.3.3-natives-windows-x86.jar because it was already located earlier
[28Feb2026 01:32:56.038] [main/DEBUG] [net.neoforged.fml.loading.moddiscovery.ModDiscoverer/]: Skipping C:\Users\amon\.gradle\caches\modules-2\files-2.1\org.lwjgl\lwjgl-jemalloc\3.3.3\b543467b7ff3c6920539a88ee602d34098628be5\lwjgl-jemalloc-3.3.3.jar because it was already located earlier
[28Feb2026 01:32:56.038] [main/DEBUG] [net.neoforged.fml.loading.moddiscovery.ModDiscoverer/]: Skipping C:\Users\amon\.gradle\caches\modules-2\files-2.1\org.lwjgl\lwjgl-jemalloc\3.3.3\426222fc027602a5f21b9c0fe79cde6a4c7a011f\lwjgl-jemalloc-3.3.3-natives-windows.jar because it was already located earlier
[28Feb2026 01:32:56.048] [main/DEBUG] [net.neoforged.fml.loading.moddiscovery.ModDiscoverer/]: Skipping C:\Users\amon\.gradle\caches\modules-2\files-2.1\org.lwjgl\lwjgl-openal\3.3.3\daada81ceb5fc0c291fbfdd4433cb8d9423577f2\lwjgl-openal-3.3.3.jar because it was already located earlier
[28Feb2026 01:32:56.054] [main/DEBUG] [net.neoforged.fml.loading.moddiscovery.ModDiscoverer/]: Skipping C:\Users\amon\.gradle\caches\modules-2\files-2.1\org.lwjgl\lwjgl-openal\3.3.3\87b8d5050e3adb46bb58fe1cb2669a4a48fce10d\lwjgl-openal-3.3.3-natives-windows-x86.jar because it was already located earlier
[28Feb2026 01:32:56.054] [main/DEBUG] [net.neoforged.fml.loading.moddiscovery.ModDiscoverer/]: Skipping C:\Users\amon\.gradle\caches\modules-2\files-2.1\org.lwjgl\lwjgl-opengl\3.3.3\2f6b0147078396a58979125a4c947664e98293a\lwjgl-opengl-3.3.3.jar because it was already located earlier
[28Feb2026 01:32:56.058] [main/DEBUG] [net.neoforged.fml.loading.moddiscovery.ModDiscoverer/]: Skipping C:\Users\amon\.gradle\caches\modules-2\files-2.1\org.lwjgl\lwjgl-opengl\3.3.3\65e956d3735a1abdc82eff4baec1b61174697d4b\lwjgl-opengl-3.3.3-natives-windows-arm64.jar because it was already located earlier
[28Feb2026 01:32:56.064] [main/DEBUG] [net.neoforged.fml.loading.moddiscovery.ModDiscoverer/]: Skipping C:\Users\amon\.gradle\caches\modules-2\files-2.1\org.lwjgl\lwjgl-stb\3.3.3\25dd6161988d7e65f71d5065c99902402ee32746\lwjgl-stb-3.3.3.jar because it was already located earlier
[28Feb2026 01:32:56.064] [main/DEBUG] [net.neoforged.fml.loading.moddiscovery.ModDiscoverer/]: Skipping C:\Users\amon\.gradle\caches\modules-2\files-2.1\org.lwjgl\lwjgl-stb\3.3.3\1d9facdf6541de114b0f963be33505b7679c78cb\lwjgl-stb-3.3.3-natives-windows.jar because it was already located earlier
[28Feb2026 01:32:56.073] [main/DEBUG] [net.neoforged.fml.loading.moddiscovery.ModDiscoverer/]: Skipping C:\Users\amon\.gradle\caches\modules-2\files-2.1\org.lwjgl\lwjgl-tinyfd\3.3.3\82d755ca94b102e9ca77283b9e2dc46d1b15fbe5\lwjgl-tinyfd-3.3.3.jar because it was already located earlier
[28Feb2026 01:32:56.073] [main/DEBUG] [net.neoforged.fml.loading.moddiscovery.ModDiscoverer/]: Skipping C:\Users\amon\.gradle\caches\modules-2\files-2.1\org.lwjgl\lwjgl-tinyfd\3.3.3\a6697981b0449a5087c1d546fc08b4f73e8f98c9\lwjgl-tinyfd-3.3.3-natives-windows.jar because it was already located earlier
[28Feb2026 01:32:56.083] [main/DEBUG] [net.neoforged.fml.loading.moddiscovery.ModDiscoverer/]: Skipping C:\Users\amon\.gradle\caches\modules-2\files-2.1\org.lwjgl\lwjgl\3.3.3\29589b5f87ed335a6c7e7ee6a5775f81f97ecb84\lwjgl-3.3.3.jar because it was already located earlier
[28Feb2026 01:32:56.096] [main/DEBUG] [net.neoforged.fml.loading.moddiscovery.ModDiscoverer/]: Skipping C:\Users\amon\.gradle\caches\modules-2\files-2.1\org.lwjgl\lwjgl\3.3.3\9e670718e050aeaeea0c2d5b907cffb142f2e58f\lwjgl-3.3.3-natives-windows-x86.jar because it was already located earlier
[28Feb2026 01:32:56.096] [main/DEBUG] [net.neoforged.fml.loading.moddiscovery.ModDiscoverer/]: Skipping C:\Users\amon\.gradle\caches\modules-2\files-2.1\org.lz4\lz4-java\1.8.0\4b986a99445e49ea5fbf5d149c4b63f6ed6c6780\lz4-java-1.8.0.jar because it was already located earlier
[28Feb2026 01:32:56.096] [main/DEBUG] [net.neoforged.fml.loading.moddiscovery.ModDiscoverer/]: Skipping C:\Users\amon\.gradle\caches\modules-2\files-2.1\net.neoforged\accesstransformers\10.0.1\fd83b5725f76eae9115e9355fa1c456a6a441400\accesstransformers-10.0.1.jar because it was already located earlier
[28Feb2026 01:32:56.096] [main/DEBUG] [net.neoforged.fml.loading.moddiscovery.ModDiscoverer/]: Skipping C:\Users\amon\.gradle\caches\modules-2\files-2.1\com.machinezoo.noexception\noexception\1.7.1\b65330c98e38a1f915fa54a6e5eca496505e3f0a\noexception-1.7.1.jar because it was already located earlier
[28Feb2026 01:32:56.096] [main/DEBUG] [net.neoforged.fml.loading.moddiscovery.ModDiscoverer/]: Skipping C:\Users\amon\.gradle\caches\modules-2\files-2.1\org.slf4j\slf4j-api\2.0.9\7cf2726fdcfbc8610f9a71fb3ed639871f315340\slf4j-api-2.0.9.jar because it was already located earlier
[28Feb2026 01:32:56.096] [main/DEBUG] [net.neoforged.fml.loading.moddiscovery.ModDiscoverer/]: Skipping C:\Users\amon\.gradle\caches\modules-2\files-2.1\com.google.code.findbugs\jsr305\3.0.2\25ea2e8b0c338a877313bd4672d3fe056ea78f0d\jsr305-3.0.2.jar because it was already located earlier
[28Feb2026 01:32:56.096] [main/DEBUG] [net.neoforged.fml.loading.moddiscovery.ModDiscoverer/]: Skipping C:\Users\amon\.gradle\caches\modules-2\files-2.1\org.jetbrains\annotations\24.1.0\7af6a669488450c4a07c2c3254e2151df42d7d04\annotations-24.1.0.jar because it was already located earlier
[28Feb2026 01:32:56.096] [main/DEBUG] [net.neoforged.fml.loading.moddiscovery.ModDiscoverer/]: Skipping C:\Users\amon\.gradle\caches\modules-2\files-2.1\com.electronwill.night-config\toml\3.8.3\90b2fd6efcb4a7d5b9810cf78f9d824994d717f2\toml-3.8.3.jar because it was already located earlier
[28Feb2026 01:32:56.096] [main/DEBUG] [net.neoforged.fml.loading.moddiscovery.ModDiscoverer/]: Skipping C:\Users\amon\.gradle\caches\modules-2\files-2.1\com.electronwill.night-config\core\3.8.3\b442a95f09e349927f5a945ecb594455870fcf4f\core-3.8.3.jar because it was already located earlier
[28Feb2026 01:32:56.096] [main/DEBUG] [net.neoforged.fml.loading.moddiscovery.ModDiscoverer/]: Skipping C:\Users\amon\.gradle\caches\modules-2\files-2.1\net.jodah\typetools\0.6.3\a01aaa6ddaea9ec07ec4f209487b7a46a526283a\typetools-0.6.3.jar because it was already located earlier
[28Feb2026 01:32:56.096] [main/DEBUG] [net.neoforged.fml.loading.moddiscovery.ModDiscoverer/]: Skipping C:\Users\amon\.gradle\caches\modules-2\files-2.1\org.openjdk.nashorn\nashorn-core\15.4\f67f5ffaa5f5130cf6fb9b133da00c7df3b532a5\nashorn-core-15.4.jar because it was already located earlier
[28Feb2026 01:32:56.100] [main/DEBUG] [net.neoforged.fml.loading.moddiscovery.readers.JarModsDotTomlModFileReader/SCAN]: Found META-INF/MANIFEST.MF mod of type GAMELIBRARY: C:\Users\amon\.gradle\caches\modules-2\files-2.1\io.github.llamalad7\mixinextras-neoforge\0.5.0\d734b83ce6542bb70ea31755c1595b88992dbe65\mixinextras-neoforge-0.5.0.jar
[28Feb2026 01:32:56.103] [main/INFO] [net.neoforged.fml.loading.moddiscovery.ModDiscoverer/SCAN]: Found gamelibrary file "mixinextras-neoforge-0.5.0.jar" [locator: userdev mods and services, reader: mod manifest]
[28Feb2026 01:32:56.104] [main/DEBUG] [net.neoforged.fml.loading.moddiscovery.ModDiscoverer/]: Skipping C:\Users\amon\.gradle\caches\modules-2\files-2.1\org.antlr\antlr4-runtime\4.13.1\17125bae1d965624e265ef49552f6465a2bfa307\antlr4-runtime-4.13.1.jar because it was already located earlier
[28Feb2026 01:32:56.106] [main/DEBUG] [net.neoforged.fml.loading.moddiscovery.ModDiscoverer/]: Skipping C:\Users\amon\.gradle\caches\modules-2\files-2.1\org.jline\jline-reader\3.20.0\8f15415b022a25b473e8e16c28ae913186ffb9c4\jline-reader-3.20.0.jar because it was already located earlier
[28Feb2026 01:32:56.106] [main/DEBUG] [net.neoforged.fml.loading.moddiscovery.ModDiscoverer/]: Skipping C:\Users\amon\.gradle\caches\modules-2\files-2.1\org.jline\jline-terminal\3.20.0\d0ddcc708ddf527a3454c941b7b9225cc83a15ff\jline-terminal-3.20.0.jar because it was already located earlier
[28Feb2026 01:32:56.106] [main/DEBUG] [net.neoforged.fml.loading.moddiscovery.ModDiscoverer/]: Skipping C:\Users\amon\.gradle\caches\modules-2\files-2.1\net.minecraftforge\srgutils\0.4.15\ca408b131759478f164e010fae0d73997e125fb5\srgutils-0.4.15.jar because it was already located earlier
[28Feb2026 01:32:56.106] [main/DEBUG] [net.neoforged.fml.loading.moddiscovery.ModDiscoverer/]: Skipping C:\Users\amon\.gradle\caches\modules-2\files-2.1\com.google.guava\listenablefuture\9999.0-empty-to-avoid-conflict-with-guava\b421526c5f297295adef1c886e5246c39d4ac629\listenablefuture-9999.0-empty-to-avoid-conflict-with-guava.jar because it was already located earlier
[28Feb2026 01:32:56.106] [main/DEBUG] [net.neoforged.fml.loading.moddiscovery.ModDiscoverer/]: Skipping C:\Users\amon\.gradle\caches\modules-2\files-2.1\org.checkerframework\checker-qual\3.33.0\de2b60b62da487644fc11f734e73c8b0b431238f\checker-qual-3.33.0.jar because it was already located earlier
[28Feb2026 01:32:56.106] [main/DEBUG] [net.neoforged.fml.loading.moddiscovery.ModDiscoverer/]: Skipping C:\Users\amon\.gradle\caches\modules-2\files-2.1\com.google.errorprone\error_prone_annotations\2.18.0\89b684257096f548fa39a7df9fdaa409d4d4df91\error_prone_annotations-2.18.0.jar because it was already located earlier
[28Feb2026 01:32:56.110] [main/DEBUG] [net.neoforged.fml.loading.moddiscovery.ModDiscoverer/]: Skipping C:\Users\amon\.gradle\caches\modules-2\files-2.1\com.google.j2objc\j2objc-annotations\2.8\c85270e307e7b822f1086b93689124b89768e273\j2objc-annotations-2.8.jar because it was already located earlier
[28Feb2026 01:32:56.113] [main/DEBUG] [net.neoforged.fml.loading.moddiscovery.ModDiscoverer/]: Skipping C:\Users\amon\.gradle\caches\modules-2\files-2.1\org.codehaus.plexus\plexus-utils\3.3.0\cf43b5391de623b36fe066a21127baef82c64022\plexus-utils-3.3.0.jar because it was already located earlier
[28Feb2026 01:32:56.113] [main/DEBUG] [net.neoforged.fml.loading.moddiscovery.ModDiscoverer/]: Skipping D:\Projects\more-tiny-gates\.gradle\repositories\ng_dummy_ng\net\minecraft\client\1.21.1\client-1.21.1-client-extra.jar because it was already located earlier
[28Feb2026 01:32:56.113] [main/DEBUG] [net.neoforged.fml.loading.moddiscovery.ModDiscoverer/SCAN]: Locator userdev mods and services found 5 mods, 0 warnings, 0 errors and skipped 85 candidates
[28Feb2026 01:32:56.116] [main/DEBUG] [net.neoforged.fml.loading.UniqueModListBuilder/]: Found 2 mods for first modid neoforge, selecting most recent based on version data
[28Feb2026 01:32:56.116] [main/DEBUG] [net.neoforged.fml.loading.UniqueModListBuilder/]: Selected file neoforge-21.1.219.jar for modid neoforge with version 21.1.219
[28Feb2026 01:32:56.133] [main/DEBUG] [net.neoforged.fml.loading.moddiscovery.ModDiscoverer/SCAN]: Successfully Loaded 6 mods. Attempting to load dependencies...
[28Feb2026 01:32:56.134] [main/DEBUG] [net.neoforged.fml.loading.moddiscovery.ModDiscoverer/SCAN]: Trying locator jarinjar
[28Feb2026 01:32:56.143] [main/TRACE] [net.neoforged.fml.loading.moddiscovery.locators.JarInJarDependencyLocator/]: Failed to load resource META-INF\jarjar\metadata.json from neoforge-21.1.219.jar, it does not contain dependency information.
[28Feb2026 01:32:56.143] [main/TRACE] [net.neoforged.fml.loading.moddiscovery.locators.JarInJarDependencyLocator/]: Failed to load resource META-INF\jarjar\metadata.json from mixinextras-neoforge-0.5.0.jar, it does not contain dependency information.
[28Feb2026 01:32:56.144] [main/TRACE] [net.neoforged.fml.loading.moddiscovery.locators.JarInJarDependencyLocator/]: Failed to load resource META-INF\jarjar\metadata.json from main, it does not contain dependency information.
[28Feb2026 01:32:56.144] [main/TRACE] [net.neoforged.fml.loading.moddiscovery.locators.JarInJarDependencyLocator/]: Failed to load resource META-INF\jarjar\metadata.json from tinygates-522875-7664787.jar, it does not contain dependency information.
[28Feb2026 01:32:56.144] [main/TRACE] [net.neoforged.fml.loading.moddiscovery.locators.JarInJarDependencyLocator/]: Failed to load resource META-INF\jarjar\metadata.json from tinyredstone-453746-7680159.jar, it does not contain dependency information.
[28Feb2026 01:32:56.377] [main/DEBUG] [net.neoforged.fml.loading.moddiscovery.readers.JarModsDotTomlModFileReader/SCAN]: Found META-INF/MANIFEST.MF mod of type GAMELIBRARY: 
[28Feb2026 01:32:56.382] [main/DEBUG] [net.neoforged.fml.loading.moddiscovery.readers.JarModsDotTomlModFileReader/SCAN]: Found META-INF/MANIFEST.MF mod of type LIBRARY: 
[28Feb2026 01:32:56.385] [main/TRACE] [net.neoforged.fml.loading.moddiscovery.locators.JarInJarDependencyLocator/]: Failed to load resource META-INF\jarjar\metadata.json from mixinextras-neoforge-0.5.0.jar, it does not contain dependency information.
[28Feb2026 01:32:56.385] [main/TRACE] [net.neoforged.fml.loading.moddiscovery.locators.JarInJarDependencyLocator/]: Failed to load resource META-INF\jarjar\metadata.json from net.neoforged.neoforge-coremods-21.1.219.jar, it does not contain dependency information.
[28Feb2026 01:32:56.450] [main/DEBUG] [net.neoforged.fml.loading.moddiscovery.readers.JarModsDotTomlModFileReader/SCAN]: Found META-INF/MANIFEST.MF mod of type LIBRARY: 
[28Feb2026 01:32:56.461] [main/DEBUG] [net.neoforged.fml.loading.moddiscovery.readers.JarModsDotTomlModFileReader/SCAN]: Found META-INF/MANIFEST.MF mod of type GAMELIBRARY: 
[28Feb2026 01:32:56.464] [main/WARN] [net.neoforged.jarjar.selection.JarSelector/]: Attempted to select a dependency jar for JarJar which was passed in as source: library:mixinextras.neoforge. Using Mod File: C:\Users\amon\.gradle\caches\modules-2\files-2.1\io.github.llamalad7\mixinextras-neoforge\0.5.0\d734b83ce6542bb70ea31755c1595b88992dbe65\mixinextras-neoforge-0.5.0.jar
[28Feb2026 01:32:56.464] [main/INFO] [net.neoforged.fml.loading.moddiscovery.locators.JarInJarDependencyLocator/]: Found 1 dependencies adding them to mods collection
[28Feb2026 01:32:56.465] [main/INFO] [net.neoforged.fml.loading.moddiscovery.ModDiscoverer/SCAN]: Found library file "net.neoforged.neoforge-coremods-21.1.219.jar" [parent: neoforge-21.1.219.jar, locator: jarinjar, reader: mod manifest]
[28Feb2026 01:32:56.467] [main/INFO] [net.neoforged.fml.loading.moddiscovery.ModDiscoverer/]: 
     Mod List:
		Name Version (Mod Id)

		Minecraft 1.21.1 (minecraft)
		More Tiny Gates 1.21.1-1.0.6 (moretinygates)
		NeoForge 21.1.219 (neoforge)
		Tiny Gates 1.21.1-5.0.0 (tinygates)
		Tiny Redstone 1.21.1-6.1.0 (tinyredstone)
[28Feb2026 01:32:56.470] [main/DEBUG] [net.neoforged.fml.loading.moddiscovery.ModFileInfo/LOADING]: Found valid mod file neoforge-21.1.219.jar with {minecraft} mods - versions {1.21.1}
[28Feb2026 01:32:56.475] [main/DEBUG] [net.neoforged.fml.loading.moddiscovery.ModFile/LOADING]: Loading mod file D:\Projects\more-tiny-gates\.gradle\repositories\ng_dummy_ng\net\neoforged\neoforge\21.1.219\neoforge-21.1.219.jar with languages [LanguageSpec[languageName=minecraft, acceptedVersions=1]]
[28Feb2026 01:32:56.479] [main/DEBUG] [net.neoforged.fml.loading.moddiscovery.ModFileParser/LOADING]: Considering mod file candidate D:\Projects\more-tiny-gates\build\resources\main
[28Feb2026 01:32:56.484] [main/DEBUG] [net.neoforged.fml.loading.moddiscovery.ModFileInfo/LOADING]: Found valid mod file main with {moretinygates} mods - versions {1.21.1-1.0.6}
[28Feb2026 01:32:56.484] [main/DEBUG] [net.neoforged.fml.loading.moddiscovery.ModFile/LOADING]: Loading mod file D:\Projects\more-tiny-gates\build\resources\main with languages [LanguageSpec[languageName=javafml, acceptedVersions=[4,)]]
[28Feb2026 01:32:56.484] [main/DEBUG] [net.neoforged.fml.loading.moddiscovery.ModFileParser/LOADING]: Considering mod file candidate C:\Users\amon\.gradle\caches\modules-2\files-2.1\curse.maven\tinygates-522875\7664787\c6ae1605ae958cdfedf29d793a68b8adce2306e7\tinygates-522875-7664787.jar
[28Feb2026 01:32:56.487] [main/DEBUG] [net.neoforged.fml.loading.moddiscovery.ModFileInfo/LOADING]: Found valid mod file tinygates-522875-7664787.jar with {tinygates} mods - versions {1.21.1-5.0.0}
[28Feb2026 01:32:56.487] [main/DEBUG] [net.neoforged.fml.loading.moddiscovery.ModFile/LOADING]: Loading mod file C:\Users\amon\.gradle\caches\modules-2\files-2.1\curse.maven\tinygates-522875\7664787\c6ae1605ae958cdfedf29d793a68b8adce2306e7\tinygates-522875-7664787.jar with languages [LanguageSpec[languageName=javafml, acceptedVersions=[4,)]]
[28Feb2026 01:32:56.488] [main/DEBUG] [net.neoforged.fml.loading.moddiscovery.ModFileParser/LOADING]: Considering mod file candidate C:\Users\amon\.gradle\caches\modules-2\files-2.1\curse.maven\tinyredstone-453746\7680159\3fe5fcf319bfa99435710c3329beb63a9b96d30f\tinyredstone-453746-7680159.jar
[28Feb2026 01:32:56.494] [main/DEBUG] [net.neoforged.fml.loading.moddiscovery.ModFileInfo/LOADING]: Found valid mod file tinyredstone-453746-7680159.jar with {tinyredstone} mods - versions {1.21.1-6.1.0}
[28Feb2026 01:32:56.495] [main/DEBUG] [net.neoforged.fml.loading.moddiscovery.ModFile/LOADING]: Loading mod file C:\Users\amon\.gradle\caches\modules-2\files-2.1\curse.maven\tinyredstone-453746\7680159\3fe5fcf319bfa99435710c3329beb63a9b96d30f\tinyredstone-453746-7680159.jar with languages [LanguageSpec[languageName=javafml, acceptedVersions=[4,)]]
[28Feb2026 01:32:56.495] [main/DEBUG] [net.neoforged.fml.loading.moddiscovery.ModFileParser/LOADING]: Considering mod file candidate D:\Projects\more-tiny-gates\.gradle\repositories\ng_dummy_ng\net\neoforged\neoforge\21.1.219\neoforge-21.1.219.jar
[28Feb2026 01:32:56.497] [main/DEBUG] [net.neoforged.fml.loading.moddiscovery.ModFileInfo/LOADING]: Found valid mod file neoforge-21.1.219.jar with {neoforge} mods - versions {21.1.219}
[28Feb2026 01:32:56.497] [main/DEBUG] [net.neoforged.fml.loading.moddiscovery.ModFile/LOADING]: Loading mod file D:\Projects\more-tiny-gates\.gradle\repositories\ng_dummy_ng\net\neoforged\neoforge\21.1.219\neoforge-21.1.219.jar with languages [LanguageSpec[languageName=javafml, acceptedVersions=[3,]]]
[28Feb2026 01:32:56.499] [main/DEBUG] [net.neoforged.fml.loading.moddiscovery.ModFile/LOADING]: Found mixin config MixinConfig[config=neoforge.mixins.json, requiredMods=[]]
[28Feb2026 01:32:56.499] [main/DEBUG] [net.neoforged.fml.loading.moddiscovery.ModFile/LOADING]: Loading mod file C:\Users\amon\.gradle\caches\modules-2\files-2.1\io.github.llamalad7\mixinextras-neoforge\0.5.0\d734b83ce6542bb70ea31755c1595b88992dbe65\mixinextras-neoforge-0.5.0.jar with languages []
[28Feb2026 01:32:56.501] [main/DEBUG] [net.neoforged.fml.loading.moddiscovery.ModValidator/SCAN]: Found 6 mod files with 5 mods
[28Feb2026 01:32:56.504] [main/DEBUG] [cpw.mods.modlauncher.TransformationServiceDecorator/MODLAUNCHER]: End scan trigger - transformation service fml
[28Feb2026 01:32:56.533] [main/DEBUG] [net.neoforged.fml.util.ServiceLoaderUtil/CORE]: Found 3 implementations of IModLanguageLoader:
[28Feb2026 01:32:56.533] [main/DEBUG] [net.neoforged.fml.util.ServiceLoaderUtil/CORE]: 	net.neoforged.fml.javafmlmod.FMLJavaModLanguageProvider from loader-4.0.42.jar
[28Feb2026 01:32:56.534] [main/DEBUG] [net.neoforged.fml.util.ServiceLoaderUtil/CORE]: 	net.neoforged.fml.lowcodemod.LowCodeModLanguageProvider from loader-4.0.42.jar
[28Feb2026 01:32:56.534] [main/DEBUG] [net.neoforged.fml.util.ServiceLoaderUtil/CORE]: 	net.neoforged.fml.mclanguageprovider.MinecraftModLanguageProvider from loader-4.0.42.jar
[28Feb2026 01:32:56.535] [main/DEBUG] [net.neoforged.fml.loading.LanguageProviderLoader/CORE]: Found language provider javafml, version 4.0.42
[28Feb2026 01:32:56.536] [main/DEBUG] [net.neoforged.fml.loading.LanguageProviderLoader/CORE]: Found language provider lowcodefml, version 4.0.42
[28Feb2026 01:32:56.536] [main/DEBUG] [net.neoforged.fml.loading.LanguageProviderLoader/CORE]: Found language provider minecraft, version 4.0.42
[28Feb2026 01:32:56.545] [main/DEBUG] [net.neoforged.fml.loading.ModSorter/]: Configured system mods: [minecraft, neoforge]
[28Feb2026 01:32:56.545] [main/DEBUG] [net.neoforged.fml.loading.ModSorter/]: Found system mod: minecraft
[28Feb2026 01:32:56.545] [main/DEBUG] [net.neoforged.fml.loading.ModSorter/]: Found system mod: neoforge
[28Feb2026 01:32:56.547] [main/DEBUG] [net.neoforged.fml.loading.ModSorter/LOADING]: Found 9 mod requirements (8 mandatory, 1 optional)
[28Feb2026 01:32:56.548] [main/DEBUG] [net.neoforged.fml.loading.ModSorter/LOADING]: Found 0 mod requirements missing (0 mandatory, 0 optional)
[28Feb2026 01:32:56.577] [main/DEBUG] [net.neoforged.fml.loading.FMLLoader/SCAN]: Adding Access Transformer in D:\Projects\more-tiny-gates\.gradle\repositories\ng_dummy_ng\net\neoforged\neoforge\21.1.219\neoforge-21.1.219.jar
[28Feb2026 01:32:56.585] [main/DEBUG] [AXFORM/AXFORM]: Loading access transformer accesstransformer.cfg
[28Feb2026 01:32:56.676] [pool-2-thread-1/INFO] [EARLYDISPLAY/]: GL info: NVIDIA GeForce GTX 1660/PCIe/SSE2 GL version 4.6.0 NVIDIA 591.86, NVIDIA Corporation
[28Feb2026 01:32:56.847] [main/DEBUG] [AXFORM/AXFORM]: Loaded access transformer accesstransformer.cfg
[28Feb2026 01:32:56.848] [main/DEBUG] [mixin/]: Adding mixin platform agents for container net.neoforged.fml.loading.mixin.FMLMixinContainerHandle@4a0df195
[28Feb2026 01:32:56.849] [main/DEBUG] [mixin/]: Instancing new MixinPlatformAgentMinecraftForge for net.neoforged.fml.loading.mixin.FMLMixinContainerHandle@4a0df195
[28Feb2026 01:32:56.849] [main/DEBUG] [mixin/]: MixinPlatformAgentMinecraftForge rejected container net.neoforged.fml.loading.mixin.FMLMixinContainerHandle@4a0df195
[28Feb2026 01:32:56.849] [main/DEBUG] [mixin/]: Instancing new MixinPlatformAgentDefault for net.neoforged.fml.loading.mixin.FMLMixinContainerHandle@4a0df195
[28Feb2026 01:32:56.849] [main/DEBUG] [mixin/]: MixinPlatformAgentDefault accepted container net.neoforged.fml.loading.mixin.FMLMixinContainerHandle@4a0df195
[28Feb2026 01:32:56.849] [main/DEBUG] [mixin/]: Instancing new FMLMixinPlatformAgent for net.neoforged.fml.loading.mixin.FMLMixinContainerHandle@4a0df195
[28Feb2026 01:32:56.849] [main/DEBUG] [mixin/]: FMLMixinPlatformAgent accepted container net.neoforged.fml.loading.mixin.FMLMixinContainerHandle@4a0df195
[28Feb2026 01:32:56.860] [main/DEBUG] [cpw.mods.modlauncher.TransformationServicesHandler/MODLAUNCHER]: Transformation services loading transformers
[28Feb2026 01:32:56.861] [main/DEBUG] [cpw.mods.modlauncher.TransformationServiceDecorator/MODLAUNCHER]: Initializing transformers for transformation service mixin
[28Feb2026 01:32:56.866] [main/DEBUG] [cpw.mods.modlauncher.TransformationServiceDecorator/MODLAUNCHER]: Initialized transformers for transformation service mixin
[28Feb2026 01:32:56.866] [main/DEBUG] [cpw.mods.modlauncher.TransformationServiceDecorator/MODLAUNCHER]: Initializing transformers for transformation service fml
[28Feb2026 01:32:56.866] [main/DEBUG] [net.neoforged.fml.loading.FMLServiceProvider/LOADING]: Loading coremod transformers
[28Feb2026 01:32:56.867] [main/DEBUG] [net.neoforged.fml.loading.FMLServiceProvider/CORE]: Not loading coremod script-engine since no mod requested it
[28Feb2026 01:32:56.873] [main/DEBUG] [net.neoforged.fml.util.ServiceLoaderUtil/CORE]: Found 1 implementations of ICoreMod:
[28Feb2026 01:32:56.874] [main/DEBUG] [net.neoforged.fml.util.ServiceLoaderUtil/CORE]: 	net.neoforged.neoforge.coremods.NeoForgeCoreMod from neoforge-21.1.219.jar > net.neoforged.neoforge-coremods-21.1.219.jar
[28Feb2026 01:32:56.943] [main/DEBUG] [net.neoforged.fml.loading.FMLServiceProvider/CORE]: Adding [Target[className=net.minecraft.world.level.biome.Biome, elementName=, elementDescriptor=, targetType=cpw.mods.modlauncher.api.TargetType@3243b914]] transformer from core-mod net.neoforged.neoforge.coremods.NeoForgeCoreMod@44de0113 in neoforge-21.1.219.jar > net.neoforged.neoforge-coremods-21.1.219.jar
[28Feb2026 01:32:56.944] [main/DEBUG] [net.neoforged.fml.loading.FMLServiceProvider/CORE]: Adding [Target[className=net.minecraft.world.level.levelgen.structure.Structure, elementName=, elementDescriptor=, targetType=cpw.mods.modlauncher.api.TargetType@3243b914]] transformer from core-mod net.neoforged.neoforge.coremods.NeoForgeCoreMod@44de0113 in neoforge-21.1.219.jar > net.neoforged.neoforge-coremods-21.1.219.jar
[28Feb2026 01:32:56.944] [main/DEBUG] [net.neoforged.fml.loading.FMLServiceProvider/CORE]: Adding [Target[className=net.minecraft.world.level.block.FlowerPotBlock, elementName=, elementDescriptor=, targetType=cpw.mods.modlauncher.api.TargetType@3243b914]] transformer from core-mod net.neoforged.neoforge.coremods.NeoForgeCoreMod@44de0113 in neoforge-21.1.219.jar > net.neoforged.neoforge-coremods-21.1.219.jar
[28Feb2026 01:32:56.950] [main/DEBUG] [net.neoforged.fml.loading.FMLServiceProvider/CORE]: Adding [Target[className=net/minecraft/world/entity/monster/Strider, elementName=, elementDescriptor=, targetType=cpw.mods.modlauncher.api.TargetType@3243b914], Target[className=net/minecraft/world/entity/npc/Villager, elementName=, elementDescriptor=, targetType=cpw.mods.modlauncher.api.TargetType@3243b914], Target[className=net/minecraft/world/level/levelgen/structure/templatesystem/StructureTemplate, elementName=, elementDescriptor=, targetType=cpw.mods.modlauncher.api.TargetType@3243b914], Target[className=net/minecraft/world/entity/animal/horse/SkeletonTrapGoal, elementName=, elementDescriptor=, targetType=cpw.mods.modlauncher.api.TargetType@3243b914], Target[className=net/minecraft/world/entity/npc/CatSpawner, elementName=, elementDescriptor=, targetType=cpw.mods.modlauncher.api.TargetType@3243b914], Target[className=net/minecraft/world/entity/EntityType, elementName=, elementDescriptor=, targetType=cpw.mods.modlauncher.api.TargetType@3243b914], Target[className=net/minecraft/world/entity/monster/Evoker$EvokerSummonSpellGoal, elementName=, elementDescriptor=, targetType=cpw.mods.modlauncher.api.TargetType@3243b914], Target[className=net/minecraft/world/entity/animal/frog/Tadpole, elementName=, elementDescriptor=, targetType=cpw.mods.modlauncher.api.TargetType@3243b914], Target[className=net/minecraft/world/level/levelgen/PhantomSpawner, elementName=, elementDescriptor=, targetType=cpw.mods.modlauncher.api.TargetType@3243b914], Target[className=net/minecraft/world/level/levelgen/structure/structures/SwampHutPiece, elementName=, elementDescriptor=, targetType=cpw.mods.modlauncher.api.TargetType@3243b914], Target[className=net/minecraft/world/level/levelgen/PatrolSpawner, elementName=, elementDescriptor=, targetType=cpw.mods.modlauncher.api.TargetType@3243b914], Target[className=net/minecraft/world/level/levelgen/structure/structures/OceanRuinPieces$OceanRuinPiece, elementName=, elementDescriptor=, targetType=cpw.mods.modlauncher.api.TargetType@3243b914], Target[className=net/minecraft/server/commands/RaidCommand, elementName=, elementDescriptor=, targetType=cpw.mods.modlauncher.api.TargetType@3243b914], Target[className=net/minecraft/world/entity/monster/ZombieVillager, elementName=, elementDescriptor=, targetType=cpw.mods.modlauncher.api.TargetType@3243b914], Target[className=net/minecraft/world/entity/ai/village/VillageSiege, elementName=, elementDescriptor=, targetType=cpw.mods.modlauncher.api.TargetType@3243b914], Target[className=net/minecraft/server/commands/SummonCommand, elementName=, elementDescriptor=, targetType=cpw.mods.modlauncher.api.TargetType@3243b914], Target[className=net/minecraft/world/level/levelgen/structure/structures/WoodlandMansionPieces$WoodlandMansionPiece, elementName=, elementDescriptor=, targetType=cpw.mods.modlauncher.api.TargetType@3243b914], Target[className=net/minecraft/world/level/levelgen/structure/structures/OceanMonumentPieces$OceanMonumentPiece, elementName=, elementDescriptor=, targetType=cpw.mods.modlauncher.api.TargetType@3243b914], Target[className=net/minecraft/world/level/NaturalSpawner, elementName=, elementDescriptor=, targetType=cpw.mods.modlauncher.api.TargetType@3243b914], Target[className=net/minecraft/world/entity/monster/Spider, elementName=, elementDescriptor=, targetType=cpw.mods.modlauncher.api.TargetType@3243b914], Target[className=net/minecraft/world/entity/raid/Raid, elementName=, elementDescriptor=, targetType=cpw.mods.modlauncher.api.TargetType@3243b914], Target[className=net/minecraft/world/entity/monster/Zombie, elementName=, elementDescriptor=, targetType=cpw.mods.modlauncher.api.TargetType@3243b914]] transformer from core-mod net.neoforged.neoforge.coremods.NeoForgeCoreMod@44de0113 in neoforge-21.1.219.jar > net.neoforged.neoforge-coremods-21.1.219.jar
[28Feb2026 01:32:57.203] [main/DEBUG] [cpw.mods.modlauncher.TransformStore/MODLAUNCHER]: Adding transformer net.neoforged.neoforge.coremods.ReplaceFieldWithGetterAccess@50a3d0f6 to Target : cpw.mods.modlauncher.api.TargetType@3243b914 {Lnet/minecraft/world/level/biome/Biome;} {} {V}
[28Feb2026 01:32:57.218] [main/DEBUG] [cpw.mods.modlauncher.TransformStore/MODLAUNCHER]: Adding transformer net.neoforged.neoforge.coremods.ReplaceFieldWithGetterAccess@971e903 to Target : cpw.mods.modlauncher.api.TargetType@3243b914 {Lnet/minecraft/world/level/levelgen/structure/Structure;} {} {V}
[28Feb2026 01:32:57.218] [main/DEBUG] [cpw.mods.modlauncher.TransformStore/MODLAUNCHER]: Adding transformer net.neoforged.neoforge.coremods.ReplaceFieldWithGetterAccess@35636217 to Target : cpw.mods.modlauncher.api.TargetType@3243b914 {Lnet/minecraft/world/level/block/FlowerPotBlock;} {} {V}
[28Feb2026 01:32:57.218] [main/DEBUG] [cpw.mods.modlauncher.TransformStore/MODLAUNCHER]: Adding transformer net.neoforged.neoforge.coremods.MethodRedirector@1549bba7 to Target : cpw.mods.modlauncher.api.TargetType@3243b914 {Lnet/minecraft/world/entity/monster/Strider;} {} {V}
[28Feb2026 01:32:57.218] [main/DEBUG] [cpw.mods.modlauncher.TransformStore/MODLAUNCHER]: Adding transformer net.neoforged.neoforge.coremods.MethodRedirector@1549bba7 to Target : cpw.mods.modlauncher.api.TargetType@3243b914 {Lnet/minecraft/world/entity/npc/Villager;} {} {V}
[28Feb2026 01:32:57.218] [main/DEBUG] [cpw.mods.modlauncher.TransformStore/MODLAUNCHER]: Adding transformer net.neoforged.neoforge.coremods.MethodRedirector@1549bba7 to Target : cpw.mods.modlauncher.api.TargetType@3243b914 {Lnet/minecraft/world/level/levelgen/structure/templatesystem/StructureTemplate;} {} {V}
[28Feb2026 01:32:57.218] [main/DEBUG] [cpw.mods.modlauncher.TransformStore/MODLAUNCHER]: Adding transformer net.neoforged.neoforge.coremods.MethodRedirector@1549bba7 to Target : cpw.mods.modlauncher.api.TargetType@3243b914 {Lnet/minecraft/world/entity/animal/horse/SkeletonTrapGoal;} {} {V}
[28Feb2026 01:32:57.218] [main/DEBUG] [cpw.mods.modlauncher.TransformStore/MODLAUNCHER]: Adding transformer net.neoforged.neoforge.coremods.MethodRedirector@1549bba7 to Target : cpw.mods.modlauncher.api.TargetType@3243b914 {Lnet/minecraft/world/entity/npc/CatSpawner;} {} {V}
[28Feb2026 01:32:57.218] [main/DEBUG] [cpw.mods.modlauncher.TransformStore/MODLAUNCHER]: Adding transformer net.neoforged.neoforge.coremods.MethodRedirector@1549bba7 to Target : cpw.mods.modlauncher.api.TargetType@3243b914 {Lnet/minecraft/world/entity/EntityType;} {} {V}
[28Feb2026 01:32:57.218] [main/DEBUG] [cpw.mods.modlauncher.TransformStore/MODLAUNCHER]: Adding transformer net.neoforged.neoforge.coremods.MethodRedirector@1549bba7 to Target : cpw.mods.modlauncher.api.TargetType@3243b914 {Lnet/minecraft/world/entity/monster/Evoker$EvokerSummonSpellGoal;} {} {V}
[28Feb2026 01:32:57.219] [main/DEBUG] [cpw.mods.modlauncher.TransformStore/MODLAUNCHER]: Adding transformer net.neoforged.neoforge.coremods.MethodRedirector@1549bba7 to Target : cpw.mods.modlauncher.api.TargetType@3243b914 {Lnet/minecraft/world/entity/animal/frog/Tadpole;} {} {V}
[28Feb2026 01:32:57.219] [main/DEBUG] [cpw.mods.modlauncher.TransformStore/MODLAUNCHER]: Adding transformer net.neoforged.neoforge.coremods.MethodRedirector@1549bba7 to Target : cpw.mods.modlauncher.api.TargetType@3243b914 {Lnet/minecraft/world/level/levelgen/PhantomSpawner;} {} {V}
[28Feb2026 01:32:57.219] [main/DEBUG] [cpw.mods.modlauncher.TransformStore/MODLAUNCHER]: Adding transformer net.neoforged.neoforge.coremods.MethodRedirector@1549bba7 to Target : cpw.mods.modlauncher.api.TargetType@3243b914 {Lnet/minecraft/world/level/levelgen/structure/structures/SwampHutPiece;} {} {V}
[28Feb2026 01:32:57.219] [main/DEBUG] [cpw.mods.modlauncher.TransformStore/MODLAUNCHER]: Adding transformer net.neoforged.neoforge.coremods.MethodRedirector@1549bba7 to Target : cpw.mods.modlauncher.api.TargetType@3243b914 {Lnet/minecraft/world/level/levelgen/PatrolSpawner;} {} {V}
[28Feb2026 01:32:57.219] [main/DEBUG] [cpw.mods.modlauncher.TransformStore/MODLAUNCHER]: Adding transformer net.neoforged.neoforge.coremods.MethodRedirector@1549bba7 to Target : cpw.mods.modlauncher.api.TargetType@3243b914 {Lnet/minecraft/world/level/levelgen/structure/structures/OceanRuinPieces$OceanRuinPiece;} {} {V}
[28Feb2026 01:32:57.219] [main/DEBUG] [cpw.mods.modlauncher.TransformStore/MODLAUNCHER]: Adding transformer net.neoforged.neoforge.coremods.MethodRedirector@1549bba7 to Target : cpw.mods.modlauncher.api.TargetType@3243b914 {Lnet/minecraft/server/commands/RaidCommand;} {} {V}
[28Feb2026 01:32:57.219] [main/DEBUG] [cpw.mods.modlauncher.TransformStore/MODLAUNCHER]: Adding transformer net.neoforged.neoforge.coremods.MethodRedirector@1549bba7 to Target : cpw.mods.modlauncher.api.TargetType@3243b914 {Lnet/minecraft/world/entity/monster/ZombieVillager;} {} {V}
[28Feb2026 01:32:57.219] [main/DEBUG] [cpw.mods.modlauncher.TransformStore/MODLAUNCHER]: Adding transformer net.neoforged.neoforge.coremods.MethodRedirector@1549bba7 to Target : cpw.mods.modlauncher.api.TargetType@3243b914 {Lnet/minecraft/world/entity/ai/village/VillageSiege;} {} {V}
[28Feb2026 01:32:57.219] [main/DEBUG] [cpw.mods.modlauncher.TransformStore/MODLAUNCHER]: Adding transformer net.neoforged.neoforge.coremods.MethodRedirector@1549bba7 to Target : cpw.mods.modlauncher.api.TargetType@3243b914 {Lnet/minecraft/server/commands/SummonCommand;} {} {V}
[28Feb2026 01:32:57.220] [main/DEBUG] [cpw.mods.modlauncher.TransformStore/MODLAUNCHER]: Adding transformer net.neoforged.neoforge.coremods.MethodRedirector@1549bba7 to Target : cpw.mods.modlauncher.api.TargetType@3243b914 {Lnet/minecraft/world/level/levelgen/structure/structures/WoodlandMansionPieces$WoodlandMansionPiece;} {} {V}
[28Feb2026 01:32:57.220] [main/DEBUG] [cpw.mods.modlauncher.TransformStore/MODLAUNCHER]: Adding transformer net.neoforged.neoforge.coremods.MethodRedirector@1549bba7 to Target : cpw.mods.modlauncher.api.TargetType@3243b914 {Lnet/minecraft/world/level/levelgen/structure/structures/OceanMonumentPieces$OceanMonumentPiece;} {} {V}
[28Feb2026 01:32:57.220] [main/DEBUG] [cpw.mods.modlauncher.TransformStore/MODLAUNCHER]: Adding transformer net.neoforged.neoforge.coremods.MethodRedirector@1549bba7 to Target : cpw.mods.modlauncher.api.TargetType@3243b914 {Lnet/minecraft/world/level/NaturalSpawner;} {} {V}
[28Feb2026 01:32:57.220] [main/DEBUG] [cpw.mods.modlauncher.TransformStore/MODLAUNCHER]: Adding transformer net.neoforged.neoforge.coremods.MethodRedirector@1549bba7 to Target : cpw.mods.modlauncher.api.TargetType@3243b914 {Lnet/minecraft/world/entity/monster/Spider;} {} {V}
[28Feb2026 01:32:57.220] [main/DEBUG] [cpw.mods.modlauncher.TransformStore/MODLAUNCHER]: Adding transformer net.neoforged.neoforge.coremods.MethodRedirector@1549bba7 to Target : cpw.mods.modlauncher.api.TargetType@3243b914 {Lnet/minecraft/world/entity/raid/Raid;} {} {V}
[28Feb2026 01:32:57.220] [main/DEBUG] [cpw.mods.modlauncher.TransformStore/MODLAUNCHER]: Adding transformer net.neoforged.neoforge.coremods.MethodRedirector@1549bba7 to Target : cpw.mods.modlauncher.api.TargetType@3243b914 {Lnet/minecraft/world/entity/monster/Zombie;} {} {V}
[28Feb2026 01:32:57.220] [main/DEBUG] [cpw.mods.modlauncher.TransformationServiceDecorator/MODLAUNCHER]: Initialized transformers for transformation service fml
[28Feb2026 01:32:57.702] [main/DEBUG] [mixin/]: Processing prepare() for PlatformAgent[MixinPlatformAgentDefault:ModLauncher Root Container(ModLauncher:4f56a0a2)]
[28Feb2026 01:32:57.703] [main/DEBUG] [mixin/]: Processing prepare() for PlatformAgent[MixinPlatformAgentDefault:net.neoforged.fml.loading.mixin.FMLMixinContainerHandle@4a0df195]
[28Feb2026 01:32:57.703] [main/DEBUG] [mixin/]: Processing prepare() for PlatformAgent[FMLMixinPlatformAgent:null]
[28Feb2026 01:32:57.819] [main/DEBUG] [mixin/]: Processing launch tasks for PlatformAgent[MixinPlatformAgentDefault:ModLauncher Root Container(ModLauncher:4f56a0a2)]
[28Feb2026 01:32:57.819] [main/DEBUG] [mixin/]: Adding mixin platform agents for container SecureJarResource(mixin_synthetic)
[28Feb2026 01:32:57.819] [main/DEBUG] [mixin/]: Instancing new MixinPlatformAgentMinecraftForge for SecureJarResource(mixin_synthetic)
[28Feb2026 01:32:57.819] [main/DEBUG] [mixin/]: MixinPlatformAgentMinecraftForge rejected container SecureJarResource(mixin_synthetic)
[28Feb2026 01:32:57.819] [main/DEBUG] [mixin/]: Instancing new MixinPlatformAgentDefault for SecureJarResource(mixin_synthetic)
[28Feb2026 01:32:57.820] [main/DEBUG] [mixin/]: MixinPlatformAgentDefault accepted container SecureJarResource(mixin_synthetic)
[28Feb2026 01:32:57.820] [main/DEBUG] [mixin/]: Instancing new FMLMixinPlatformAgent for SecureJarResource(mixin_synthetic)
[28Feb2026 01:32:57.820] [main/DEBUG] [mixin/]: FMLMixinPlatformAgent rejected container SecureJarResource(mixin_synthetic)
[28Feb2026 01:32:57.820] [main/DEBUG] [mixin/]: Processing prepare() for PlatformAgent[MixinPlatformAgentDefault:SecureJarResource(mixin_synthetic)]
[28Feb2026 01:32:57.820] [main/DEBUG] [mixin/]: Adding mixin platform agents for container SecureJarResource(minecraft)
[28Feb2026 01:32:57.820] [main/DEBUG] [mixin/]: Instancing new MixinPlatformAgentMinecraftForge for SecureJarResource(minecraft)
[28Feb2026 01:32:57.829] [main/DEBUG] [mixin/]: MixinPlatformAgentMinecraftForge rejected container SecureJarResource(minecraft)
[28Feb2026 01:32:57.829] [main/DEBUG] [mixin/]: Instancing new MixinPlatformAgentDefault for SecureJarResource(minecraft)
[28Feb2026 01:32:57.829] [main/DEBUG] [mixin/]: MixinPlatformAgentDefault accepted container SecureJarResource(minecraft)
[28Feb2026 01:32:57.829] [main/DEBUG] [mixin/]: Instancing new FMLMixinPlatformAgent for SecureJarResource(minecraft)
[28Feb2026 01:32:57.829] [main/DEBUG] [mixin/]: FMLMixinPlatformAgent rejected container SecureJarResource(minecraft)
[28Feb2026 01:32:57.829] [main/DEBUG] [mixin/]: Processing prepare() for PlatformAgent[MixinPlatformAgentDefault:SecureJarResource(minecraft)]
[28Feb2026 01:32:57.829] [main/DEBUG] [mixin/]: Adding mixin platform agents for container SecureJarResource(tinyredstone)
[28Feb2026 01:32:57.829] [main/DEBUG] [mixin/]: Instancing new MixinPlatformAgentMinecraftForge for SecureJarResource(tinyredstone)
[28Feb2026 01:32:57.829] [main/DEBUG] [mixin/]: MixinPlatformAgentMinecraftForge rejected container SecureJarResource(tinyredstone)
[28Feb2026 01:32:57.829] [main/DEBUG] [mixin/]: Instancing new MixinPlatformAgentDefault for SecureJarResource(tinyredstone)
[28Feb2026 01:32:57.830] [main/DEBUG] [mixin/]: MixinPlatformAgentDefault accepted container SecureJarResource(tinyredstone)
[28Feb2026 01:32:57.830] [main/DEBUG] [mixin/]: Instancing new FMLMixinPlatformAgent for SecureJarResource(tinyredstone)
[28Feb2026 01:32:57.830] [main/DEBUG] [mixin/]: FMLMixinPlatformAgent rejected container SecureJarResource(tinyredstone)
[28Feb2026 01:32:57.830] [main/DEBUG] [mixin/]: Processing prepare() for PlatformAgent[MixinPlatformAgentDefault:SecureJarResource(tinyredstone)]
[28Feb2026 01:32:57.830] [main/DEBUG] [mixin/]: Adding mixin platform agents for container SecureJarResource(tinygates)
[28Feb2026 01:32:57.830] [main/DEBUG] [mixin/]: Instancing new MixinPlatformAgentMinecraftForge for SecureJarResource(tinygates)
[28Feb2026 01:32:57.830] [main/DEBUG] [mixin/]: MixinPlatformAgentMinecraftForge rejected container SecureJarResource(tinygates)
[28Feb2026 01:32:57.830] [main/DEBUG] [mixin/]: Instancing new MixinPlatformAgentDefault for SecureJarResource(tinygates)
[28Feb2026 01:32:57.830] [main/DEBUG] [mixin/]: MixinPlatformAgentDefault accepted container SecureJarResource(tinygates)
[28Feb2026 01:32:57.830] [main/DEBUG] [mixin/]: Instancing new FMLMixinPlatformAgent for SecureJarResource(tinygates)
[28Feb2026 01:32:57.830] [main/DEBUG] [mixin/]: FMLMixinPlatformAgent rejected container SecureJarResource(tinygates)
[28Feb2026 01:32:57.830] [main/DEBUG] [mixin/]: Processing prepare() for PlatformAgent[MixinPlatformAgentDefault:SecureJarResource(tinygates)]
[28Feb2026 01:32:57.830] [main/DEBUG] [mixin/]: Adding mixin platform agents for container SecureJarResource(moretinygates)
[28Feb2026 01:32:57.831] [main/DEBUG] [mixin/]: Instancing new MixinPlatformAgentMinecraftForge for SecureJarResource(moretinygates)
[28Feb2026 01:32:57.831] [main/DEBUG] [mixin/]: MixinPlatformAgentMinecraftForge rejected container SecureJarResource(moretinygates)
[28Feb2026 01:32:57.831] [main/DEBUG] [mixin/]: Instancing new MixinPlatformAgentDefault for SecureJarResource(moretinygates)
[28Feb2026 01:32:57.831] [main/DEBUG] [mixin/]: MixinPlatformAgentDefault accepted container SecureJarResource(moretinygates)
[28Feb2026 01:32:57.831] [main/DEBUG] [mixin/]: Instancing new FMLMixinPlatformAgent for SecureJarResource(moretinygates)
[28Feb2026 01:32:57.831] [main/DEBUG] [mixin/]: FMLMixinPlatformAgent rejected container SecureJarResource(moretinygates)
[28Feb2026 01:32:57.831] [main/DEBUG] [mixin/]: Processing prepare() for PlatformAgent[MixinPlatformAgentDefault:SecureJarResource(moretinygates)]
[28Feb2026 01:32:57.831] [main/DEBUG] [mixin/]: Adding mixin platform agents for container SecureJarResource(mixinextras.neoforge)
[28Feb2026 01:32:57.831] [main/DEBUG] [mixin/]: Instancing new MixinPlatformAgentMinecraftForge for SecureJarResource(mixinextras.neoforge)
[28Feb2026 01:32:57.831] [main/DEBUG] [mixin/]: MixinPlatformAgentMinecraftForge rejected container SecureJarResource(mixinextras.neoforge)
[28Feb2026 01:32:57.831] [main/DEBUG] [mixin/]: Instancing new MixinPlatformAgentDefault for SecureJarResource(mixinextras.neoforge)
[28Feb2026 01:32:57.831] [main/DEBUG] [mixin/]: MixinPlatformAgentDefault accepted container SecureJarResource(mixinextras.neoforge)
[28Feb2026 01:32:57.831] [main/DEBUG] [mixin/]: Instancing new FMLMixinPlatformAgent for SecureJarResource(mixinextras.neoforge)
[28Feb2026 01:32:57.831] [main/DEBUG] [mixin/]: FMLMixinPlatformAgent rejected container SecureJarResource(mixinextras.neoforge)
[28Feb2026 01:32:57.831] [main/DEBUG] [mixin/]: Processing prepare() for PlatformAgent[MixinPlatformAgentDefault:SecureJarResource(mixinextras.neoforge)]
[28Feb2026 01:32:57.832] [main/DEBUG] [mixin/]: Registering mixin config: mixinextras.init.mixins.json source=SecureJarResource(mixinextras.neoforge)
[28Feb2026 01:32:57.833] [main/DEBUG] [mixin/]: inject() running with 8 agents
[28Feb2026 01:32:57.833] [main/DEBUG] [mixin/]: Processing inject() for PlatformAgent[MixinPlatformAgentDefault:ModLauncher Root Container(ModLauncher:4f56a0a2)]
[28Feb2026 01:32:57.834] [main/DEBUG] [mixin/]: Processing inject() for PlatformAgent[MixinPlatformAgentDefault:net.neoforged.fml.loading.mixin.FMLMixinContainerHandle@4a0df195]
[28Feb2026 01:32:57.834] [main/DEBUG] [mixin/]: Processing inject() for PlatformAgent[FMLMixinPlatformAgent:null]
[28Feb2026 01:32:57.834] [main/DEBUG] [mixin/]: Processing inject() for PlatformAgent[MixinPlatformAgentDefault:SecureJarResource(mixin_synthetic)]
[28Feb2026 01:32:57.834] [main/DEBUG] [mixin/]: Processing inject() for PlatformAgent[MixinPlatformAgentDefault:SecureJarResource(minecraft)]
[28Feb2026 01:32:57.834] [main/DEBUG] [mixin/]: Processing inject() for PlatformAgent[MixinPlatformAgentDefault:SecureJarResource(tinyredstone)]
[28Feb2026 01:32:57.834] [main/DEBUG] [mixin/]: Processing inject() for PlatformAgent[MixinPlatformAgentDefault:SecureJarResource(tinygates)]
[28Feb2026 01:32:57.834] [main/DEBUG] [mixin/]: Processing inject() for PlatformAgent[MixinPlatformAgentDefault:SecureJarResource(moretinygates)]
[28Feb2026 01:32:57.834] [main/DEBUG] [mixin/]: Processing inject() for PlatformAgent[MixinPlatformAgentDefault:SecureJarResource(mixinextras.neoforge)]
[28Feb2026 01:32:57.834] [main/INFO] [cpw.mods.modlauncher.LaunchServiceHandler/MODLAUNCHER]: Launching target 'forgeclientdev' with arguments [--version, 21.1.219, --gameDir, ., --assetsDir, C:\Users\amon\.gradle\caches\minecraft\assets, --assetIndex, asset-index]
[28Feb2026 01:32:57.930] [main/DEBUG] [mixin/]: Preparing mixins for MixinEnvironment[DEFAULT]
[28Feb2026 01:32:57.930] [main/DEBUG] [mixin/]: Selecting config neoforge.mixins.json
[28Feb2026 01:32:57.935] [main/DEBUG] [mixin/]: Selecting config mixinextras.init.mixins.json
[28Feb2026 01:32:58.035] [main/DEBUG] [MixinExtras|Service/]: com.llamalad7.mixinextras.service.MixinExtrasServiceImpl(version=0.5.0) is taking over from null
[28Feb2026 01:32:58.086] [main/DEBUG] [mixin/]: Registering new injector for @Inject with org.spongepowered.asm.mixin.injection.struct.CallbackInjectionInfo
[28Feb2026 01:32:58.092] [main/DEBUG] [mixin/]: Registering new injector for @ModifyArg with org.spongepowered.asm.mixin.injection.struct.ModifyArgInjectionInfo
[28Feb2026 01:32:58.094] [main/DEBUG] [mixin/]: Registering new injector for @ModifyArgs with org.spongepowered.asm.mixin.injection.struct.ModifyArgsInjectionInfo
[28Feb2026 01:32:58.095] [main/DEBUG] [mixin/]: Registering new injector for @Redirect with org.spongepowered.asm.mixin.injection.struct.RedirectInjectionInfo
[28Feb2026 01:32:58.098] [main/DEBUG] [mixin/]: Registering new injector for @ModifyVariable with org.spongepowered.asm.mixin.injection.struct.ModifyVariableInjectionInfo
[28Feb2026 01:32:58.100] [main/DEBUG] [mixin/]: Registering new injector for @ModifyConstant with org.spongepowered.asm.mixin.injection.struct.ModifyConstantInjectionInfo
[28Feb2026 01:32:58.128] [main/DEBUG] [mixin/]: Preparing neoforge.mixins.json (2)
[28Feb2026 01:32:58.212] [main/DEBUG] [net.neoforged.accesstransformer.AccessTransformer/AXFORM]: Transforming net.minecraft.world.level.block.entity.BlockEntityType INNERCLASS BlockEntitySupplier to access PUBLIC and LEAVE
[28Feb2026 01:32:58.267] [main/TRACE] [mixin/]: Added class metadata for net/minecraft/world/level/block/entity/BlockEntityType to metadata cache
[28Feb2026 01:32:58.285] [main/TRACE] [mixin/]: Added class metadata for net/minecraft/core/MappedRegistry to metadata cache
[28Feb2026 01:32:58.292] [main/DEBUG] [mixin/]: Preparing mixinextras.init.mixins.json (0)
[28Feb2026 01:32:58.313] [main/DEBUG] [mixin/]: Prepared 2 mixins in 0.379 sec (189.5ms avg) (0ms load, 0ms transform, 0ms plugin)
[28Feb2026 01:32:58.315] [main/DEBUG] [net.neoforged.fml.common.asm.RuntimeDistCleaner/DISTXFORM]: Removing Class Annotation: net/minecraft/client/gui/screens/LoadingOverlay @Lnet/neoforged/api/distmarker/OnlyIn;
[28Feb2026 01:32:58.319] [main/DEBUG] [net.neoforged.fml.common.asm.RuntimeDistCleaner/DISTXFORM]: Removing Class Annotation: net/minecraft/client/gui/screens/Overlay @Lnet/neoforged/api/distmarker/OnlyIn;
[28Feb2026 01:32:58.320] [main/DEBUG] [net.neoforged.fml.common.asm.RuntimeDistCleaner/DISTXFORM]: Removing Class Annotation: net/minecraft/client/gui/components/Renderable @Lnet/neoforged/api/distmarker/OnlyIn;
[28Feb2026 01:32:58.323] [main/DEBUG] [net.neoforged.fml.common.asm.RuntimeDistCleaner/DISTXFORM]: Removing Class Annotation: net/minecraft/client/renderer/texture/AbstractTexture @Lnet/neoforged/api/distmarker/OnlyIn;
[28Feb2026 01:32:58.326] [main/DEBUG] [net.neoforged.fml.common.asm.RuntimeDistCleaner/DISTXFORM]: Removing Class Annotation: net/minecraft/client/gui/screens/LoadingOverlay$LogoTexture @Lnet/neoforged/api/distmarker/OnlyIn;
[28Feb2026 01:32:58.327] [main/DEBUG] [net.neoforged.fml.common.asm.RuntimeDistCleaner/DISTXFORM]: Removing Class Annotation: net/minecraft/client/renderer/texture/SimpleTexture @Lnet/neoforged/api/distmarker/OnlyIn;
[28Feb2026 01:32:58.328] [main/DEBUG] [net.neoforged.fml.common.asm.RuntimeDistCleaner/DISTXFORM]: Removing Class Annotation: com/mojang/blaze3d/vertex/VertexConsumer @Lnet/neoforged/api/distmarker/OnlyIn;
[28Feb2026 01:32:58.332] [main/DEBUG] [net.neoforged.fml.common.asm.RuntimeDistCleaner/DISTXFORM]: Removing Class Annotation: net/minecraft/client/gui/GuiGraphics @Lnet/neoforged/api/distmarker/OnlyIn;
[28Feb2026 01:32:58.361] [main/DEBUG] [net.neoforged.fml.common.asm.RuntimeDistCleaner/DISTXFORM]: Removing Class Annotation: net/minecraft/client/Minecraft @Lnet/neoforged/api/distmarker/OnlyIn;
[28Feb2026 01:32:58.397] [main/DEBUG] [net.neoforged.fml.common.asm.RuntimeDistCleaner/DISTXFORM]: Removing Class Annotation: com/mojang/blaze3d/platform/WindowEventHandler @Lnet/neoforged/api/distmarker/OnlyIn;
[28Feb2026 01:32:58.417] [main/DEBUG] [net.neoforged.accesstransformer.AccessTransformer/AXFORM]: Transforming net.minecraft.util.thread.BlockableEventLoop METHOD submitAsync(Ljava/lang/Runnable;)Ljava/util/concurrent/CompletableFuture; to access PUBLIC and LEAVE
[28Feb2026 01:32:58.856] [main/DEBUG] [io.netty.util.internal.logging.InternalLoggerFactory/]: Using SLF4J as the default logging framework
[28Feb2026 01:32:58.866] [main/DEBUG] [io.netty.util.ResourceLeakDetector/]: -Dio.netty.leakDetection.level: simple
[28Feb2026 01:32:58.866] [main/DEBUG] [io.netty.util.ResourceLeakDetector/]: -Dio.netty.leakDetection.targetRecords: 4
[28Feb2026 01:33:00.279] [main/DEBUG] [oshi.util.FileUtil/]: No oshi.properties file found from ClassLoader cpw.mods.modlauncher.TransformingClassLoader@610df783
[28Feb2026 01:33:01.277] [Datafixer Bootstrap/INFO] [com.mojang.datafixers.DataFixerBuilder/]: 229 Datafixer optimizations took 1109 milliseconds
[28Feb2026 01:33:01.342] [main/DEBUG] [oshi.util.FileUtil/]: No oshi.architecture.properties file found from ClassLoader cpw.mods.modlauncher.TransformingClassLoader@610df783
[28Feb2026 01:33:01.495] [pool-9-thread-1/INFO] [MixinExtras|Service/]: Initializing MixinExtras via com.llamalad7.mixinextras.service.MixinExtrasServiceImpl(version=0.5.0).
[28Feb2026 01:33:01.496] [pool-9-thread-1/DEBUG] [mixin/]: Registering new injector for @SugarWrapper with com.llamalad7.mixinextras.sugar.impl.SugarWrapperInjectionInfo
[28Feb2026 01:33:01.497] [pool-9-thread-1/DEBUG] [mixin/]: Registering new injector for @FactoryRedirectWrapper with com.llamalad7.mixinextras.wrapper.factory.FactoryRedirectWrapperInjectionInfo
[28Feb2026 01:33:01.498] [pool-9-thread-1/DEBUG] [mixin/]: Registering new injector for @ExpressionInjectorWrapper with com.llamalad7.mixinextras.expression.impl.wrapper.ExpressionInjectorWrapperInjectionInfo
[28Feb2026 01:33:01.512] [pool-9-thread-1/DEBUG] [mixin/]: Mixing MappedRegistryAccessor from neoforge.mixins.json into net.minecraft.core.MappedRegistry
[28Feb2026 01:33:01.517] [pool-9-thread-1/DEBUG] [mixin/]: neoforge.mixins.json:MappedRegistryAccessor from mod neoforge: Class version 65 required is higher than the class version supported by the current version of Mixin (JAVA_16 supports class version 60)
[28Feb2026 01:33:02.840] [pool-9-thread-1/DEBUG] [mixin/]: Mixing BlockEntityTypeAccessor from neoforge.mixins.json into net.minecraft.world.level.block.entity.BlockEntityType
[28Feb2026 01:33:02.843] [pool-9-thread-1/DEBUG] [mixin/]: neoforge.mixins.json:BlockEntityTypeAccessor from mod neoforge: Class version 65 required is higher than the class version supported by the current version of Mixin (JAVA_16 supports class version 60)
[28Feb2026 01:33:04.513] [pool-9-thread-1/DEBUG] [io.netty.util.internal.PlatformDependent0/]: -Dio.netty.noUnsafe: false
[28Feb2026 01:33:04.513] [pool-9-thread-1/DEBUG] [io.netty.util.internal.PlatformDependent0/]: Java version: 21
[28Feb2026 01:33:04.514] [pool-9-thread-1/DEBUG] [io.netty.util.internal.PlatformDependent0/]: sun.misc.Unsafe.theUnsafe: available
[28Feb2026 01:33:04.514] [pool-9-thread-1/DEBUG] [io.netty.util.internal.PlatformDependent0/]: sun.misc.Unsafe.copyMemory: available
[28Feb2026 01:33:04.515] [pool-9-thread-1/DEBUG] [io.netty.util.internal.PlatformDependent0/]: sun.misc.Unsafe.storeFence: available
[28Feb2026 01:33:04.515] [pool-9-thread-1/DEBUG] [io.netty.util.internal.PlatformDependent0/]: java.nio.Buffer.address: available
[28Feb2026 01:33:04.516] [pool-9-thread-1/DEBUG] [io.netty.util.internal.PlatformDependent0/]: java.nio.Bits.unaligned: available, true
[28Feb2026 01:33:04.518] [pool-9-thread-1/DEBUG] [io.netty.util.internal.PlatformDependent0/]: java.nio.DirectByteBuffer.<init>(long, {int,long}): unavailable
[28Feb2026 01:33:04.518] [pool-9-thread-1/DEBUG] [io.netty.util.internal.PlatformDependent/]: sun.misc.Unsafe: available
[28Feb2026 01:33:04.519] [pool-9-thread-1/DEBUG] [io.netty.util.internal.PlatformDependent/]: maxDirectMemory: 4282384384 bytes (maybe)
[28Feb2026 01:33:04.519] [pool-9-thread-1/DEBUG] [io.netty.util.internal.PlatformDependent/]: -Dio.netty.tmpdir: C:\Users\amon\AppData\Local\Temp (java.io.tmpdir)
[28Feb2026 01:33:04.519] [pool-9-thread-1/DEBUG] [io.netty.util.internal.PlatformDependent/]: -Dio.netty.bitMode: 64 (sun.arch.data.model)
[28Feb2026 01:33:04.519] [pool-9-thread-1/DEBUG] [io.netty.util.internal.PlatformDependent/]: Platform: Windows
[28Feb2026 01:33:04.520] [pool-9-thread-1/DEBUG] [io.netty.util.internal.PlatformDependent/]: -Dio.netty.maxDirectMemory: -1 bytes
[28Feb2026 01:33:04.520] [pool-9-thread-1/DEBUG] [io.netty.util.internal.PlatformDependent/]: -Dio.netty.uninitializedArrayAllocationThreshold: -1
[28Feb2026 01:33:04.522] [pool-9-thread-1/DEBUG] [io.netty.util.internal.CleanerJava9/]: java.nio.ByteBuffer.cleaner(): available
[28Feb2026 01:33:04.522] [pool-9-thread-1/DEBUG] [io.netty.util.internal.PlatformDependent/]: -Dio.netty.noPreferDirect: false
[28Feb2026 01:33:06.940] [pool-9-thread-1/DEBUG] [net.neoforged.neoforge.registries.GameData/REGISTRIES]: Creating vanilla freeze snapshot
[28Feb2026 01:33:06.979] [pool-9-thread-1/DEBUG] [net.neoforged.neoforge.registries.GameData/REGISTRIES]: Vanilla freeze snapshot created
[28Feb2026 01:33:07.902] [main/WARN] [net.minecraft.commands.Commands/]: Ambiguity between arguments [teleport, location] and [teleport, destination] with inputs: [0.1 -0.5 .9, 0 0 0]
[28Feb2026 01:33:07.905] [main/WARN] [net.minecraft.commands.Commands/]: Ambiguity between arguments [teleport, location] and [teleport, targets] with inputs: [0.1 -0.5 .9, 0 0 0]
[28Feb2026 01:33:07.910] [main/WARN] [net.minecraft.commands.Commands/]: Ambiguity between arguments [teleport, destination] and [teleport, targets] with inputs: [Player, 0123, @e, dd12be42-52a9-4a91-a8a1-11c01849e498]
[28Feb2026 01:33:07.912] [main/WARN] [net.minecraft.commands.Commands/]: Ambiguity between arguments [teleport, targets] and [teleport, destination] with inputs: [Player, 0123, dd12be42-52a9-4a91-a8a1-11c01849e498]
[28Feb2026 01:33:07.913] [main/WARN] [net.minecraft.commands.Commands/]: Ambiguity between arguments [teleport, targets, location] and [teleport, targets, destination] with inputs: [0.1 -0.5 .9, 0 0 0]
[28Feb2026 01:33:08.073] [Render thread/WARN] [net.minecraft.server.packs.VanillaPackResourcesBuilder/]: Assets URL 'union:/D:/Projects/more-tiny-gates/.gradle/repositories/ng_dummy_ng/net/neoforged/neoforge/21.1.219/neoforge-21.1.219.jar%23195!/assets/.mcassetsroot' uses unexpected schema
[28Feb2026 01:33:08.073] [Render thread/WARN] [net.minecraft.server.packs.VanillaPackResourcesBuilder/]: Assets URL 'union:/D:/Projects/more-tiny-gates/.gradle/repositories/ng_dummy_ng/net/neoforged/neoforge/21.1.219/neoforge-21.1.219.jar%23195!/data/.mcassetsroot' uses unexpected schema
[28Feb2026 01:33:08.109] [Render thread/INFO] [com.mojang.authlib.yggdrasil.YggdrasilAuthenticationService/]: Environment: Environment[sessionHost=https://sessionserver.mojang.com, servicesHost=https://api.minecraftservices.com, name=PROD]
[28Feb2026 01:33:08.122] [Render thread/INFO] [net.minecraft.client.Minecraft/]: Setting user: Dev
[28Feb2026 01:33:08.360] [Render thread/INFO] [net.minecraft.client.Minecraft/]: Backend library: LWJGL version 3.3.3+5
[28Feb2026 01:33:08.643] [Render thread/DEBUG] [net.neoforged.fml.ModWorkManager/LOADING]: Using 8 threads for parallel mod-loading
[28Feb2026 01:33:08.659] [Render thread/DEBUG] [net.neoforged.fml.javafmlmod.FMLModContainer/LOADING]: Creating FMLModContainer instance for [com.dannyandson.tinyredstone.TinyRedstone]
[28Feb2026 01:33:08.662] [Render thread/DEBUG] [net.neoforged.fml.javafmlmod.FMLModContainer/LOADING]: Creating FMLModContainer instance for [com.dannyandson.tinygates.TinyGates]
[28Feb2026 01:33:08.663] [Render thread/DEBUG] [net.neoforged.fml.javafmlmod.FMLModContainer/LOADING]: Creating FMLModContainer instance for [pl.amon.moretinygates.MoreTinyGates]
[28Feb2026 01:33:08.666] [Render thread/DEBUG] [net.neoforged.fml.javafmlmod.FMLModContainer/LOADING]: Creating FMLModContainer instance for [net.neoforged.neoforge.common.NeoForgeMod, net.neoforged.neoforge.client.ClientNeoForgeMod]
[28Feb2026 01:33:08.710] [modloading-worker-0/DEBUG] [net.neoforged.neoforge.internal.versions.neoforge.NeoForgeVersion/CORE]: Found NeoForge version 21.1.219
[28Feb2026 01:33:08.710] [modloading-worker-0/DEBUG] [net.neoforged.neoforge.internal.versions.neoforge.NeoForgeVersion/CORE]: Found FML version 4.0.42
[28Feb2026 01:33:08.711] [modloading-worker-0/INFO] [net.neoforged.neoforge.common.NeoForgeMod/NEOFORGE-MOD]: NeoForge mod loading, version 21.1.219, for MC 1.21.1
[28Feb2026 01:33:08.748] [modloading-worker-0/DEBUG] [net.neoforged.fml.config.ConfigTracker/CONFIG]: Config file tinyredstone-server.toml for tinyredstone tracking
[28Feb2026 01:33:08.749] [modloading-worker-0/DEBUG] [net.neoforged.fml.config.ConfigTracker/CONFIG]: Config file tinyredstone-client.toml for tinyredstone tracking
[28Feb2026 01:33:08.748] [modloading-worker-0/DEBUG] [net.neoforged.fml.config.ConfigTracker/CONFIG]: Config file neoforge-client.toml for neoforge tracking
[28Feb2026 01:33:08.749] [modloading-worker-0/DEBUG] [net.neoforged.fml.config.ConfigTracker/CONFIG]: Config file neoforge-server.toml for neoforge tracking
[28Feb2026 01:33:08.749] [modloading-worker-0/DEBUG] [net.neoforged.fml.config.ConfigTracker/CONFIG]: Config file neoforge-common.toml for neoforge tracking
[28Feb2026 01:33:08.751] [modloading-worker-0/DEBUG] [net.neoforged.fml.javafmlmod.AutomaticEventSubscriber/LOADING]: Attempting to inject @EventBusSubscriber classes into the eventbus for tinyredstone
[28Feb2026 01:33:08.753] [modloading-worker-0/DEBUG] [net.neoforged.fml.javafmlmod.AutomaticEventSubscriber/LOADING]: Scanning class com.dannyandson.tinyredstone.datagen.DataGenerators for @SubscribeEvent-annotated methods
[28Feb2026 01:33:08.754] [modloading-worker-0/DEBUG] [net.neoforged.fml.javafmlmod.AutomaticEventSubscriber/]: Subscribing @EventBusSubscriber class Lcom/dannyandson/tinyredstone/datagen/DataGenerators; to the mod event bus of mod tinyredstone
[28Feb2026 01:33:08.759] [modloading-worker-0/DEBUG] [net.neoforged.fml.javafmlmod.AutomaticEventSubscriber/LOADING]: Scanning class com.dannyandson.tinyredstone.ClientBinding for @SubscribeEvent-annotated methods
[28Feb2026 01:33:08.772] [modloading-worker-0/DEBUG] [net.neoforged.fml.javafmlmod.AutomaticEventSubscriber/]: Subscribing @EventBusSubscriber class Lcom/dannyandson/tinyredstone/ClientBinding; to the game event bus
[28Feb2026 01:33:08.777] [modloading-worker-0/DEBUG] [net.neoforged.fml.javafmlmod.AutomaticEventSubscriber/LOADING]: Scanning class com.dannyandson.tinyredstone.gui.ToolbarOverlay for @SubscribeEvent-annotated methods
[28Feb2026 01:33:08.781] [modloading-worker-0/DEBUG] [net.neoforged.fml.javafmlmod.AutomaticEventSubscriber/]: Subscribing @EventBusSubscriber class Lcom/dannyandson/tinyredstone/gui/ToolbarOverlay; to the game event bus
[28Feb2026 01:33:08.782] [modloading-worker-0/DEBUG] [net.neoforged.fml.javafmlmod.AutomaticEventSubscriber/LOADING]: Scanning class com.dannyandson.tinyredstone.CommonBinding for @SubscribeEvent-annotated methods
[28Feb2026 01:33:08.782] [modloading-worker-0/DEBUG] [net.neoforged.fml.javafmlmod.AutomaticEventSubscriber/]: Subscribing @EventBusSubscriber class Lcom/dannyandson/tinyredstone/CommonBinding; to the game event bus
[28Feb2026 01:33:08.783] [modloading-worker-0/DEBUG] [net.neoforged.fml.javafmlmod.AutomaticEventSubscriber/LOADING]: Scanning class com.dannyandson.tinyredstone.setup.ModSetup for @SubscribeEvent-annotated methods
[28Feb2026 01:33:08.784] [modloading-worker-0/DEBUG] [net.neoforged.fml.javafmlmod.AutomaticEventSubscriber/]: Subscribing @EventBusSubscriber class Lcom/dannyandson/tinyredstone/setup/ModSetup; to the game event bus
[28Feb2026 01:33:08.784] [modloading-worker-0/DEBUG] [net.neoforged.fml.javafmlmod.AutomaticEventSubscriber/LOADING]: Scanning class com.dannyandson.tinyredstone.setup.ClientSetup for @SubscribeEvent-annotated methods
[28Feb2026 01:33:08.785] [modloading-worker-0/DEBUG] [net.neoforged.fml.javafmlmod.AutomaticEventSubscriber/]: Subscribing @EventBusSubscriber class Lcom/dannyandson/tinyredstone/setup/ClientSetup; to the mod event bus of mod tinyredstone
[28Feb2026 01:33:08.788] [modloading-worker-0/DEBUG] [net.neoforged.fml.javafmlmod.AutomaticEventSubscriber/LOADING]: Scanning class com.dannyandson.tinyredstone.network.ModNetworkHandler for @SubscribeEvent-annotated methods
[28Feb2026 01:33:08.794] [modloading-worker-0/DEBUG] [net.neoforged.fml.javafmlmod.AutomaticEventSubscriber/]: Subscribing @EventBusSubscriber class Lcom/dannyandson/tinyredstone/network/ModNetworkHandler; to the mod event bus of mod tinyredstone
[28Feb2026 01:33:08.854] [modloading-worker-0/DEBUG] [net.neoforged.fml.javafmlmod.AutomaticEventSubscriber/LOADING]: Attempting to inject @EventBusSubscriber classes into the eventbus for tinygates
[28Feb2026 01:33:08.858] [modloading-worker-0/DEBUG] [net.neoforged.fml.javafmlmod.AutomaticEventSubscriber/LOADING]: Scanning class com.dannyandson.tinygates.setup.ClientSetup for @SubscribeEvent-annotated methods
[28Feb2026 01:33:08.858] [modloading-worker-0/DEBUG] [net.neoforged.fml.javafmlmod.AutomaticEventSubscriber/]: Subscribing @EventBusSubscriber class Lcom/dannyandson/tinygates/setup/ClientSetup; to the mod event bus of mod tinygates
[28Feb2026 01:33:08.859] [modloading-worker-0/DEBUG] [net.neoforged.fml.javafmlmod.AutomaticEventSubscriber/LOADING]: Scanning class com.dannyandson.tinygates.network.ModNetworkHandler for @SubscribeEvent-annotated methods
[28Feb2026 01:33:08.860] [modloading-worker-0/DEBUG] [net.neoforged.fml.javafmlmod.AutomaticEventSubscriber/]: Subscribing @EventBusSubscriber class Lcom/dannyandson/tinygates/network/ModNetworkHandler; to the mod event bus of mod tinygates
[28Feb2026 01:33:08.874] [modloading-worker-0/DEBUG] [net.neoforged.fml.javafmlmod.AutomaticEventSubscriber/LOADING]: Attempting to inject @EventBusSubscriber classes into the eventbus for moretinygates
[28Feb2026 01:33:08.875] [modloading-worker-0/DEBUG] [net.neoforged.fml.javafmlmod.AutomaticEventSubscriber/LOADING]: Scanning class pl.amon.moretinygates.network.ModNetworkHandler for @SubscribeEvent-annotated methods
[28Feb2026 01:33:08.876] [modloading-worker-0/DEBUG] [net.neoforged.fml.javafmlmod.AutomaticEventSubscriber/]: Subscribing @EventBusSubscriber class Lpl/amon/moretinygates/network/ModNetworkHandler; to the mod event bus of mod moretinygates
[28Feb2026 01:33:08.877] [modloading-worker-0/DEBUG] [net.neoforged.fml.javafmlmod.AutomaticEventSubscriber/LOADING]: Scanning class pl.amon.moretinygates.setup.ClientSetup for @SubscribeEvent-annotated methods
[28Feb2026 01:33:08.877] [modloading-worker-0/DEBUG] [net.neoforged.fml.javafmlmod.AutomaticEventSubscriber/]: Subscribing @EventBusSubscriber class Lpl/amon/moretinygates/setup/ClientSetup; to the mod event bus of mod moretinygates
[28Feb2026 01:33:08.897] [modloading-worker-0/DEBUG] [net.neoforged.fml.javafmlmod.AutomaticEventSubscriber/LOADING]: Attempting to inject @EventBusSubscriber classes into the eventbus for neoforge
[28Feb2026 01:33:08.898] [modloading-worker-0/DEBUG] [net.neoforged.fml.javafmlmod.AutomaticEventSubscriber/LOADING]: Scanning class net.neoforged.neoforge.server.command.ConfigCommand for @SubscribeEvent-annotated methods
[28Feb2026 01:33:08.900] [modloading-worker-0/DEBUG] [net.neoforged.fml.javafmlmod.AutomaticEventSubscriber/]: Subscribing @EventBusSubscriber class Lnet/neoforged/neoforge/server/command/ConfigCommand; to the game event bus
[28Feb2026 01:33:08.901] [modloading-worker-0/DEBUG] [net.neoforged.fml.javafmlmod.AutomaticEventSubscriber/LOADING]: Scanning class net.neoforged.neoforge.network.NetworkInitialization for @SubscribeEvent-annotated methods
[28Feb2026 01:33:08.903] [modloading-worker-0/DEBUG] [net.neoforged.fml.javafmlmod.AutomaticEventSubscriber/]: Subscribing @EventBusSubscriber class Lnet/neoforged/neoforge/network/NetworkInitialization; to the mod event bus of mod neoforge
[28Feb2026 01:33:08.904] [modloading-worker-0/DEBUG] [net.neoforged.fml.javafmlmod.AutomaticEventSubscriber/LOADING]: Scanning class net.neoforged.neoforge.network.filters.GenericPacketSplitter for @SubscribeEvent-annotated methods
[28Feb2026 01:33:08.939] [modloading-worker-0/DEBUG] [io.netty.buffer.AbstractByteBuf/]: -Dio.netty.buffer.checkAccessible: true
[28Feb2026 01:33:08.939] [modloading-worker-0/DEBUG] [io.netty.buffer.AbstractByteBuf/]: -Dio.netty.buffer.checkBounds: true
[28Feb2026 01:33:08.942] [modloading-worker-0/DEBUG] [io.netty.util.ResourceLeakDetectorFactory/]: Loaded default ResourceLeakDetector: io.netty.util.ResourceLeakDetector@13461b08
[28Feb2026 01:33:08.953] [modloading-worker-0/DEBUG] [io.netty.util.internal.InternalThreadLocalMap/]: -Dio.netty.threadLocalMap.stringBuilder.initialSize: 1024
[28Feb2026 01:33:08.954] [modloading-worker-0/DEBUG] [io.netty.util.internal.InternalThreadLocalMap/]: -Dio.netty.threadLocalMap.stringBuilder.maxSize: 4096
[28Feb2026 01:33:08.964] [modloading-worker-0/DEBUG] [io.netty.buffer.PooledByteBufAllocator/]: -Dio.netty.allocator.numHeapArenas: 16
[28Feb2026 01:33:08.964] [modloading-worker-0/DEBUG] [io.netty.buffer.PooledByteBufAllocator/]: -Dio.netty.allocator.numDirectArenas: 16
[28Feb2026 01:33:08.964] [modloading-worker-0/DEBUG] [io.netty.buffer.PooledByteBufAllocator/]: -Dio.netty.allocator.pageSize: 8192
[28Feb2026 01:33:08.964] [modloading-worker-0/DEBUG] [io.netty.buffer.PooledByteBufAllocator/]: -Dio.netty.allocator.maxOrder: 9
[28Feb2026 01:33:08.964] [modloading-worker-0/DEBUG] [io.netty.buffer.PooledByteBufAllocator/]: -Dio.netty.allocator.chunkSize: 4194304
[28Feb2026 01:33:08.964] [modloading-worker-0/DEBUG] [io.netty.buffer.PooledByteBufAllocator/]: -Dio.netty.allocator.smallCacheSize: 256
[28Feb2026 01:33:08.964] [modloading-worker-0/DEBUG] [io.netty.buffer.PooledByteBufAllocator/]: -Dio.netty.allocator.normalCacheSize: 64
[28Feb2026 01:33:08.965] [modloading-worker-0/DEBUG] [io.netty.buffer.PooledByteBufAllocator/]: -Dio.netty.allocator.maxCachedBufferCapacity: 32768
[28Feb2026 01:33:08.965] [modloading-worker-0/DEBUG] [io.netty.buffer.PooledByteBufAllocator/]: -Dio.netty.allocator.cacheTrimInterval: 8192
[28Feb2026 01:33:08.965] [modloading-worker-0/DEBUG] [io.netty.buffer.PooledByteBufAllocator/]: -Dio.netty.allocator.cacheTrimIntervalMillis: 0
[28Feb2026 01:33:08.965] [modloading-worker-0/DEBUG] [io.netty.buffer.PooledByteBufAllocator/]: -Dio.netty.allocator.useCacheForAllThreads: false
[28Feb2026 01:33:08.965] [modloading-worker-0/DEBUG] [io.netty.buffer.PooledByteBufAllocator/]: -Dio.netty.allocator.maxCachedByteBuffersPerChunk: 1023
[28Feb2026 01:33:08.986] [modloading-worker-0/DEBUG] [io.netty.buffer.ByteBufUtil/]: -Dio.netty.allocator.type: pooled
[28Feb2026 01:33:08.986] [modloading-worker-0/DEBUG] [io.netty.buffer.ByteBufUtil/]: -Dio.netty.threadLocalDirectBufferSize: 0
[28Feb2026 01:33:08.987] [modloading-worker-0/DEBUG] [io.netty.buffer.ByteBufUtil/]: -Dio.netty.maxThreadLocalCharBufferSize: 16384
[28Feb2026 01:33:09.004] [modloading-worker-0/DEBUG] [net.neoforged.fml.javafmlmod.AutomaticEventSubscriber/]: Subscribing @EventBusSubscriber class Lnet/neoforged/neoforge/network/filters/GenericPacketSplitter; to the mod event bus of mod neoforge
[28Feb2026 01:33:09.015] [modloading-worker-0/DEBUG] [net.neoforged.fml.javafmlmod.AutomaticEventSubscriber/LOADING]: Scanning class net.neoforged.neoforge.network.ConfigurationInitialization for @SubscribeEvent-annotated methods
[28Feb2026 01:33:09.028] [modloading-worker-0/DEBUG] [net.neoforged.fml.javafmlmod.AutomaticEventSubscriber/]: Subscribing @EventBusSubscriber class Lnet/neoforged/neoforge/network/ConfigurationInitialization; to the mod event bus of mod neoforge
[28Feb2026 01:33:09.028] [modloading-worker-0/DEBUG] [net.neoforged.fml.javafmlmod.AutomaticEventSubscriber/LOADING]: Scanning class net.neoforged.neoforge.common.MonsterRoomHooks for @SubscribeEvent-annotated methods
[28Feb2026 01:33:09.030] [modloading-worker-0/DEBUG] [net.neoforged.fml.javafmlmod.AutomaticEventSubscriber/]: Subscribing @EventBusSubscriber class Lnet/neoforged/neoforge/common/MonsterRoomHooks; to the game event bus
[28Feb2026 01:33:09.031] [modloading-worker-0/DEBUG] [net.neoforged.fml.javafmlmod.AutomaticEventSubscriber/LOADING]: Scanning class net.neoforged.neoforge.common.DeferredSpawnEggItem$CommonHandler for @SubscribeEvent-annotated methods
[28Feb2026 01:33:09.033] [modloading-worker-0/DEBUG] [net.neoforged.fml.javafmlmod.AutomaticEventSubscriber/]: Subscribing @EventBusSubscriber class Lnet/neoforged/neoforge/common/DeferredSpawnEggItem$CommonHandler; to the mod event bus of mod neoforge
[28Feb2026 01:33:09.034] [modloading-worker-0/DEBUG] [net.neoforged.fml.javafmlmod.AutomaticEventSubscriber/LOADING]: Scanning class net.neoforged.neoforge.common.DeferredSpawnEggItem$ColorRegisterHandler for @SubscribeEvent-annotated methods
[28Feb2026 01:33:09.035] [modloading-worker-0/DEBUG] [net.neoforged.fml.javafmlmod.AutomaticEventSubscriber/]: Subscribing @EventBusSubscriber class Lnet/neoforged/neoforge/common/DeferredSpawnEggItem$ColorRegisterHandler; to the mod event bus of mod neoforge
[28Feb2026 01:33:09.036] [modloading-worker-0/DEBUG] [net.neoforged.fml.javafmlmod.AutomaticEventSubscriber/LOADING]: Scanning class net.neoforged.neoforge.client.ParticleBoundsDebugRenderer for @SubscribeEvent-annotated methods
[28Feb2026 01:33:09.043] [modloading-worker-0/DEBUG] [net.neoforged.fml.javafmlmod.AutomaticEventSubscriber/]: Subscribing @EventBusSubscriber class Lnet/neoforged/neoforge/client/ParticleBoundsDebugRenderer; to the game event bus
[28Feb2026 01:33:09.044] [modloading-worker-0/DEBUG] [net.neoforged.fml.javafmlmod.AutomaticEventSubscriber/LOADING]: Scanning class net.neoforged.neoforge.client.model.data.ModelDataManager for @SubscribeEvent-annotated methods
[28Feb2026 01:33:09.047] [modloading-worker-0/DEBUG] [net.neoforged.fml.javafmlmod.AutomaticEventSubscriber/]: Subscribing @EventBusSubscriber class Lnet/neoforged/neoforge/client/model/data/ModelDataManager; to the game event bus
[28Feb2026 01:33:09.047] [modloading-worker-0/DEBUG] [net.neoforged.fml.javafmlmod.AutomaticEventSubscriber/LOADING]: Scanning class net.neoforged.neoforge.client.ClientHooks$ClientEvents for @SubscribeEvent-annotated methods
[28Feb2026 01:33:09.051] [modloading-worker-0/DEBUG] [net.neoforged.fml.javafmlmod.AutomaticEventSubscriber/]: Subscribing @EventBusSubscriber class Lnet/neoforged/neoforge/client/ClientHooks$ClientEvents; to the mod event bus of mod neoforge
[28Feb2026 01:33:09.051] [modloading-worker-0/DEBUG] [net.neoforged.fml.javafmlmod.AutomaticEventSubscriber/LOADING]: Scanning class net.neoforged.neoforge.client.BlockEntityRenderBoundsDebugRenderer for @SubscribeEvent-annotated methods
[28Feb2026 01:33:09.075] [modloading-worker-0/DEBUG] [net.neoforged.fml.javafmlmod.AutomaticEventSubscriber/]: Subscribing @EventBusSubscriber class Lnet/neoforged/neoforge/client/BlockEntityRenderBoundsDebugRenderer; to the game event bus
[28Feb2026 01:33:09.077] [modloading-worker-0/DEBUG] [net.neoforged.fml.javafmlmod.AutomaticEventSubscriber/LOADING]: Scanning class net.neoforged.neoforge.attachment.AttachmentSync for @SubscribeEvent-annotated methods
[28Feb2026 01:33:09.083] [modloading-worker-0/DEBUG] [net.neoforged.fml.javafmlmod.AutomaticEventSubscriber/]: Subscribing @EventBusSubscriber class Lnet/neoforged/neoforge/attachment/AttachmentSync; to the game event bus
[28Feb2026 01:33:09.083] [modloading-worker-0/DEBUG] [net.neoforged.fml.javafmlmod.AutomaticEventSubscriber/LOADING]: Scanning class net.neoforged.neoforge.attachment.AttachmentInternals for @SubscribeEvent-annotated methods
[28Feb2026 01:33:09.084] [modloading-worker-0/DEBUG] [net.neoforged.fml.javafmlmod.AutomaticEventSubscriber/]: Subscribing @EventBusSubscriber class Lnet/neoforged/neoforge/attachment/AttachmentInternals; to the game event bus
[28Feb2026 01:33:09.100] [modloading-sync-worker/DEBUG] [net.neoforged.neoforge.registries.GameData/REGISTRIES]: Unfreezing registries
[28Feb2026 01:33:09.355] [modloading-sync-worker/DEBUG] [net.neoforged.neoforge.registries.GameData/REGISTRIES]: Freezing registries
[28Feb2026 01:33:09.414] [modloading-sync-worker/DEBUG] [net.neoforged.neoforge.registries.GameData/REGISTRIES]: All registries frozen
[28Feb2026 01:33:09.416] [modloading-sync-worker/DEBUG] [net.neoforged.fml.config.ConfigTracker/CONFIG]: Loading configs type CLIENT
[28Feb2026 01:33:09.430] [modloading-sync-worker/DEBUG] [net.neoforged.neoforge.common.NeoForgeConfig/FORGEMOD]: Loaded NeoForge config file neoforge-client.toml
[28Feb2026 01:33:09.430] [modloading-sync-worker/DEBUG] [net.neoforged.fml.config.ConfigTracker/CONFIG]: Loaded TOML config file D:\Projects\more-tiny-gates\runs\client\config\neoforge-client.toml
[28Feb2026 01:33:09.436] [modloading-sync-worker/DEBUG] [net.neoforged.fml.config.ConfigTracker/CONFIG]: Watching TOML config file D:\Projects\more-tiny-gates\runs\client\config\neoforge-client.toml for changes
[28Feb2026 01:33:09.437] [modloading-sync-worker/DEBUG] [net.neoforged.fml.config.ConfigTracker/CONFIG]: Loaded TOML config file D:\Projects\more-tiny-gates\runs\client\config\tinyredstone-client.toml
[28Feb2026 01:33:09.438] [modloading-sync-worker/DEBUG] [net.neoforged.fml.config.ConfigTracker/CONFIG]: Watching TOML config file D:\Projects\more-tiny-gates\runs\client\config\tinyredstone-client.toml for changes
[28Feb2026 01:33:09.438] [modloading-sync-worker/DEBUG] [net.neoforged.fml.config.ConfigTracker/CONFIG]: Loading configs type COMMON
[28Feb2026 01:33:09.439] [modloading-sync-worker/DEBUG] [net.neoforged.neoforge.common.NeoForgeConfig/FORGEMOD]: Loaded NeoForge config file neoforge-common.toml
[28Feb2026 01:33:09.439] [modloading-sync-worker/DEBUG] [net.neoforged.fml.config.ConfigTracker/CONFIG]: Loaded TOML config file D:\Projects\more-tiny-gates\runs\client\config\neoforge-common.toml
[28Feb2026 01:33:09.440] [modloading-sync-worker/DEBUG] [net.neoforged.fml.config.ConfigTracker/CONFIG]: Watching TOML config file D:\Projects\more-tiny-gates\runs\client\config\neoforge-common.toml for changes
[28Feb2026 01:33:10.014] [Render thread/INFO] [net.neoforged.neoforge.gametest.GameTestHooks/]: Enabled Gametest Namespaces: []
[28Feb2026 01:33:10.056] [Render thread/DEBUG] [com.dannyandson.tinyredstone.TinyRedstone/]: Registering Renderer for Redstone Panel block entity.
[28Feb2026 01:33:10.255] [Render thread/INFO] [net.minecraft.server.packs.resources.ReloadableResourceManager/]: Reloading ResourceManager: vanilla, mod_resources, mod/tinyredstone, mod/tinygates, mod/moretinygates, mod/neoforge
[28Feb2026 01:33:10.635] [Render thread/DEBUG] [net.neoforged.fml.DeferredWorkQueue/LOADING]: Dispatching synchronous work for work queue Common setup: 1 jobs
[28Feb2026 01:33:10.654] [Render thread/DEBUG] [net.neoforged.fml.DeferredWorkQueue/LOADING]: Synchronous work queue completed in 14.32 ms
[28Feb2026 01:33:10.709] [Worker-Main-1/INFO] [net.minecraft.client.gui.font.providers.UnihexProvider/]: Found unifont_all_no_pua-15.1.05.hex, loading
[28Feb2026 01:33:11.201] [Worker-Main-1/INFO] [net.minecraft.client.gui.font.providers.UnihexProvider/]: Found unifont_jp_patch-15.1.05.hex, loading
[28Feb2026 01:33:11.638] [Render thread/DEBUG] [net.neoforged.fml.DeferredWorkQueue/LOADING]: Dispatching synchronous work for work queue Sided setup: 1 jobs
[28Feb2026 01:33:11.640] [Render thread/DEBUG] [net.neoforged.fml.DeferredWorkQueue/LOADING]: Synchronous work queue completed in 1.533 ms
[28Feb2026 01:33:12.880] [Worker-Main-5/WARN] [net.minecraft.client.resources.model.BlockStateModelLoader/]: Exception loading blockstate definition: 'tinygates:blockstates/and_gate_block.json' missing model for variant: 'tinygates:and_gate_block#facing=south,gate_direction=up'
[28Feb2026 01:33:12.881] [Worker-Main-5/WARN] [net.minecraft.client.resources.model.BlockStateModelLoader/]: Exception loading blockstate definition: 'tinygates:blockstates/and_gate_block.json' missing model for variant: 'tinygates:and_gate_block#facing=down,gate_direction=south'
[28Feb2026 01:33:12.881] [Worker-Main-5/WARN] [net.minecraft.client.resources.model.BlockStateModelLoader/]: Exception loading blockstate definition: 'tinygates:blockstates/and_gate_block.json' missing model for variant: 'tinygates:and_gate_block#facing=south,gate_direction=down'
[28Feb2026 01:33:12.881] [Worker-Main-5/WARN] [net.minecraft.client.resources.model.BlockStateModelLoader/]: Exception loading blockstate definition: 'tinygates:blockstates/and_gate_block.json' missing model for variant: 'tinygates:and_gate_block#facing=down,gate_direction=north'
[28Feb2026 01:33:12.881] [Worker-Main-5/WARN] [net.minecraft.client.resources.model.BlockStateModelLoader/]: Exception loading blockstate definition: 'tinygates:blockstates/and_gate_block.json' missing model for variant: 'tinygates:and_gate_block#facing=north,gate_direction=down'
[28Feb2026 01:33:12.881] [Worker-Main-5/WARN] [net.minecraft.client.resources.model.BlockStateModelLoader/]: Exception loading blockstate definition: 'tinygates:blockstates/and_gate_block.json' missing model for variant: 'tinygates:and_gate_block#facing=west,gate_direction=west'
[28Feb2026 01:33:12.881] [Worker-Main-5/WARN] [net.minecraft.client.resources.model.BlockStateModelLoader/]: Exception loading blockstate definition: 'tinygates:blockstates/and_gate_block.json' missing model for variant: 'tinygates:and_gate_block#facing=north,gate_direction=up'
[28Feb2026 01:33:12.881] [Worker-Main-5/WARN] [net.minecraft.client.resources.model.BlockStateModelLoader/]: Exception loading blockstate definition: 'tinygates:blockstates/and_gate_block.json' missing model for variant: 'tinygates:and_gate_block#facing=north,gate_direction=west'
[28Feb2026 01:33:12.881] [Worker-Main-5/WARN] [net.minecraft.client.resources.model.BlockStateModelLoader/]: Exception loading blockstate definition: 'tinygates:blockstates/and_gate_block.json' missing model for variant: 'tinygates:and_gate_block#facing=west,gate_direction=down'
[28Feb2026 01:33:12.881] [Worker-Main-5/WARN] [net.minecraft.client.resources.model.BlockStateModelLoader/]: Exception loading blockstate definition: 'tinygates:blockstates/and_gate_block.json' missing model for variant: 'tinygates:and_gate_block#facing=south,gate_direction=west'
[28Feb2026 01:33:12.881] [Worker-Main-5/WARN] [net.minecraft.client.resources.model.BlockStateModelLoader/]: Exception loading blockstate definition: 'tinygates:blockstates/and_gate_block.json' missing model for variant: 'tinygates:and_gate_block#facing=east,gate_direction=east'
[28Feb2026 01:33:12.882] [Worker-Main-5/WARN] [net.minecraft.client.resources.model.BlockStateModelLoader/]: Exception loading blockstate definition: 'tinygates:blockstates/and_gate_block.json' missing model for variant: 'tinygates:and_gate_block#facing=up,gate_direction=east'
[28Feb2026 01:33:12.882] [Worker-Main-5/WARN] [net.minecraft.client.resources.model.BlockStateModelLoader/]: Exception loading blockstate definition: 'tinygates:blockstates/and_gate_block.json' missing model for variant: 'tinygates:and_gate_block#facing=north,gate_direction=north'
[28Feb2026 01:33:12.882] [Worker-Main-5/WARN] [net.minecraft.client.resources.model.BlockStateModelLoader/]: Exception loading blockstate definition: 'tinygates:blockstates/and_gate_block.json' missing model for variant: 'tinygates:and_gate_block#facing=up,gate_direction=up'
[28Feb2026 01:33:12.882] [Worker-Main-5/WARN] [net.minecraft.client.resources.model.BlockStateModelLoader/]: Exception loading blockstate definition: 'tinygates:blockstates/and_gate_block.json' missing model for variant: 'tinygates:and_gate_block#facing=east,gate_direction=south'
[28Feb2026 01:33:12.882] [Worker-Main-5/WARN] [net.minecraft.client.resources.model.BlockStateModelLoader/]: Exception loading blockstate definition: 'tinygates:blockstates/and_gate_block.json' missing model for variant: 'tinygates:and_gate_block#facing=south,gate_direction=south'
[28Feb2026 01:33:12.882] [Worker-Main-5/WARN] [net.minecraft.client.resources.model.BlockStateModelLoader/]: Exception loading blockstate definition: 'tinygates:blockstates/and_gate_block.json' missing model for variant: 'tinygates:and_gate_block#facing=down,gate_direction=east'
[28Feb2026 01:33:12.882] [Worker-Main-5/WARN] [net.minecraft.client.resources.model.BlockStateModelLoader/]: Exception loading blockstate definition: 'tinygates:blockstates/and_gate_block.json' missing model for variant: 'tinygates:and_gate_block#facing=west,gate_direction=east'
[28Feb2026 01:33:12.882] [Worker-Main-5/WARN] [net.minecraft.client.resources.model.BlockStateModelLoader/]: Exception loading blockstate definition: 'tinygates:blockstates/and_gate_block.json' missing model for variant: 'tinygates:and_gate_block#facing=north,gate_direction=south'
[28Feb2026 01:33:12.883] [Worker-Main-5/WARN] [net.minecraft.client.resources.model.BlockStateModelLoader/]: Exception loading blockstate definition: 'tinygates:blockstates/and_gate_block.json' missing model for variant: 'tinygates:and_gate_block#facing=down,gate_direction=west'
[28Feb2026 01:33:12.883] [Worker-Main-5/WARN] [net.minecraft.client.resources.model.BlockStateModelLoader/]: Exception loading blockstate definition: 'tinygates:blockstates/and_gate_block.json' missing model for variant: 'tinygates:and_gate_block#facing=up,gate_direction=down'
[28Feb2026 01:33:12.883] [Worker-Main-5/WARN] [net.minecraft.client.resources.model.BlockStateModelLoader/]: Exception loading blockstate definition: 'tinygates:blockstates/and_gate_block.json' missing model for variant: 'tinygates:and_gate_block#facing=down,gate_direction=down'
[28Feb2026 01:33:12.883] [Worker-Main-5/WARN] [net.minecraft.client.resources.model.BlockStateModelLoader/]: Exception loading blockstate definition: 'tinygates:blockstates/and_gate_block.json' missing model for variant: 'tinygates:and_gate_block#facing=east,gate_direction=down'
[28Feb2026 01:33:12.883] [Worker-Main-5/WARN] [net.minecraft.client.resources.model.BlockStateModelLoader/]: Exception loading blockstate definition: 'tinygates:blockstates/and_gate_block.json' missing model for variant: 'tinygates:and_gate_block#facing=south,gate_direction=east'
[28Feb2026 01:33:12.883] [Worker-Main-5/WARN] [net.minecraft.client.resources.model.BlockStateModelLoader/]: Exception loading blockstate definition: 'tinygates:blockstates/and_gate_block.json' missing model for variant: 'tinygates:and_gate_block#facing=up,gate_direction=north'
[28Feb2026 01:33:12.883] [Worker-Main-5/WARN] [net.minecraft.client.resources.model.BlockStateModelLoader/]: Exception loading blockstate definition: 'tinygates:blockstates/and_gate_block.json' missing model for variant: 'tinygates:and_gate_block#facing=south,gate_direction=north'
[28Feb2026 01:33:12.883] [Worker-Main-5/WARN] [net.minecraft.client.resources.model.BlockStateModelLoader/]: Exception loading blockstate definition: 'tinygates:blockstates/and_gate_block.json' missing model for variant: 'tinygates:and_gate_block#facing=west,gate_direction=north'
[28Feb2026 01:33:12.883] [Worker-Main-5/WARN] [net.minecraft.client.resources.model.BlockStateModelLoader/]: Exception loading blockstate definition: 'tinygates:blockstates/and_gate_block.json' missing model for variant: 'tinygates:and_gate_block#facing=east,gate_direction=up'
[28Feb2026 01:33:12.883] [Worker-Main-5/WARN] [net.minecraft.client.resources.model.BlockStateModelLoader/]: Exception loading blockstate definition: 'tinygates:blockstates/and_gate_block.json' missing model for variant: 'tinygates:and_gate_block#facing=up,gate_direction=west'
[28Feb2026 01:33:12.883] [Worker-Main-5/WARN] [net.minecraft.client.resources.model.BlockStateModelLoader/]: Exception loading blockstate definition: 'tinygates:blockstates/and_gate_block.json' missing model for variant: 'tinygates:and_gate_block#facing=east,gate_direction=west'
[28Feb2026 01:33:12.884] [Worker-Main-5/WARN] [net.minecraft.client.resources.model.BlockStateModelLoader/]: Exception loading blockstate definition: 'tinygates:blockstates/and_gate_block.json' missing model for variant: 'tinygates:and_gate_block#facing=west,gate_direction=south'
[28Feb2026 01:33:12.884] [Worker-Main-5/WARN] [net.minecraft.client.resources.model.BlockStateModelLoader/]: Exception loading blockstate definition: 'tinygates:blockstates/and_gate_block.json' missing model for variant: 'tinygates:and_gate_block#facing=down,gate_direction=up'
[28Feb2026 01:33:12.884] [Worker-Main-5/WARN] [net.minecraft.client.resources.model.BlockStateModelLoader/]: Exception loading blockstate definition: 'tinygates:blockstates/and_gate_block.json' missing model for variant: 'tinygates:and_gate_block#facing=north,gate_direction=east'
[28Feb2026 01:33:12.884] [Worker-Main-5/WARN] [net.minecraft.client.resources.model.BlockStateModelLoader/]: Exception loading blockstate definition: 'tinygates:blockstates/and_gate_block.json' missing model for variant: 'tinygates:and_gate_block#facing=up,gate_direction=south'
[28Feb2026 01:33:12.884] [Worker-Main-5/WARN] [net.minecraft.client.resources.model.BlockStateModelLoader/]: Exception loading blockstate definition: 'tinygates:blockstates/and_gate_block.json' missing model for variant: 'tinygates:and_gate_block#facing=east,gate_direction=north'
[28Feb2026 01:33:12.884] [Worker-Main-5/WARN] [net.minecraft.client.resources.model.BlockStateModelLoader/]: Exception loading blockstate definition: 'tinygates:blockstates/and_gate_block.json' missing model for variant: 'tinygates:and_gate_block#facing=west,gate_direction=up'
[28Feb2026 01:33:12.884] [Worker-Main-5/WARN] [net.minecraft.client.resources.model.BlockStateModelLoader/]: Exception loading blockstate definition: 'tinygates:blockstates/clock_block.json' missing model for variant: 'tinygates:clock_block#facing=south,gate_direction=east'
[28Feb2026 01:33:12.884] [Worker-Main-5/WARN] [net.minecraft.client.resources.model.BlockStateModelLoader/]: Exception loading blockstate definition: 'tinygates:blockstates/clock_block.json' missing model for variant: 'tinygates:clock_block#facing=down,gate_direction=down'
[28Feb2026 01:33:12.884] [Worker-Main-5/WARN] [net.minecraft.client.resources.model.BlockStateModelLoader/]: Exception loading blockstate definition: 'tinygates:blockstates/clock_block.json' missing model for variant: 'tinygates:clock_block#facing=north,gate_direction=east'
[28Feb2026 01:33:12.884] [Worker-Main-5/WARN] [net.minecraft.client.resources.model.BlockStateModelLoader/]: Exception loading blockstate definition: 'tinygates:blockstates/clock_block.json' missing model for variant: 'tinygates:clock_block#facing=west,gate_direction=east'
[28Feb2026 01:33:12.885] [Worker-Main-5/WARN] [net.minecraft.client.resources.model.BlockStateModelLoader/]: Exception loading blockstate definition: 'tinygates:blockstates/clock_block.json' missing model for variant: 'tinygates:clock_block#facing=down,gate_direction=west'
[28Feb2026 01:33:12.885] [Worker-Main-5/WARN] [net.minecraft.client.resources.model.BlockStateModelLoader/]: Exception loading blockstate definition: 'tinygates:blockstates/clock_block.json' missing model for variant: 'tinygates:clock_block#facing=down,gate_direction=up'
[28Feb2026 01:33:12.885] [Worker-Main-5/WARN] [net.minecraft.client.resources.model.BlockStateModelLoader/]: Exception loading blockstate definition: 'tinygates:blockstates/clock_block.json' missing model for variant: 'tinygates:clock_block#facing=up,gate_direction=north'
[28Feb2026 01:33:12.885] [Worker-Main-5/WARN] [net.minecraft.client.resources.model.BlockStateModelLoader/]: Exception loading blockstate definition: 'tinygates:blockstates/clock_block.json' missing model for variant: 'tinygates:clock_block#facing=east,gate_direction=south'
[28Feb2026 01:33:12.885] [Worker-Main-5/WARN] [net.minecraft.client.resources.model.BlockStateModelLoader/]: Exception loading blockstate definition: 'tinygates:blockstates/clock_block.json' missing model for variant: 'tinygates:clock_block#facing=up,gate_direction=down'
[28Feb2026 01:33:12.885] [Worker-Main-5/WARN] [net.minecraft.client.resources.model.BlockStateModelLoader/]: Exception loading blockstate definition: 'tinygates:blockstates/clock_block.json' missing model for variant: 'tinygates:clock_block#facing=east,gate_direction=north'
[28Feb2026 01:33:12.885] [Worker-Main-5/WARN] [net.minecraft.client.resources.model.BlockStateModelLoader/]: Exception loading blockstate definition: 'tinygates:blockstates/clock_block.json' missing model for variant: 'tinygates:clock_block#facing=up,gate_direction=west'
[28Feb2026 01:33:12.885] [Worker-Main-5/WARN] [net.minecraft.client.resources.model.BlockStateModelLoader/]: Exception loading blockstate definition: 'tinygates:blockstates/clock_block.json' missing model for variant: 'tinygates:clock_block#facing=east,gate_direction=up'
[28Feb2026 01:33:12.885] [Worker-Main-5/WARN] [net.minecraft.client.resources.model.BlockStateModelLoader/]: Exception loading blockstate definition: 'tinygates:blockstates/clock_block.json' missing model for variant: 'tinygates:clock_block#facing=east,gate_direction=down'
[28Feb2026 01:33:12.885] [Worker-Main-5/WARN] [net.minecraft.client.resources.model.BlockStateModelLoader/]: Exception loading blockstate definition: 'tinygates:blockstates/clock_block.json' missing model for variant: 'tinygates:clock_block#facing=up,gate_direction=south'
[28Feb2026 01:33:12.885] [Worker-Main-5/WARN] [net.minecraft.client.resources.model.BlockStateModelLoader/]: Exception loading blockstate definition: 'tinygates:blockstates/clock_block.json' missing model for variant: 'tinygates:clock_block#facing=north,gate_direction=west'
[28Feb2026 01:33:12.885] [Worker-Main-5/WARN] [net.minecraft.client.resources.model.BlockStateModelLoader/]: Exception loading blockstate definition: 'tinygates:blockstates/clock_block.json' missing model for variant: 'tinygates:clock_block#facing=west,gate_direction=up'
[28Feb2026 01:33:12.885] [Worker-Main-5/WARN] [net.minecraft.client.resources.model.BlockStateModelLoader/]: Exception loading blockstate definition: 'tinygates:blockstates/clock_block.json' missing model for variant: 'tinygates:clock_block#facing=west,gate_direction=north'
[28Feb2026 01:33:12.886] [Worker-Main-5/WARN] [net.minecraft.client.resources.model.BlockStateModelLoader/]: Exception loading blockstate definition: 'tinygates:blockstates/clock_block.json' missing model for variant: 'tinygates:clock_block#facing=north,gate_direction=up'
[28Feb2026 01:33:12.886] [Worker-Main-5/WARN] [net.minecraft.client.resources.model.BlockStateModelLoader/]: Exception loading blockstate definition: 'tinygates:blockstates/clock_block.json' missing model for variant: 'tinygates:clock_block#facing=north,gate_direction=north'
[28Feb2026 01:33:12.886] [Worker-Main-5/WARN] [net.minecraft.client.resources.model.BlockStateModelLoader/]: Exception loading blockstate definition: 'tinygates:blockstates/clock_block.json' missing model for variant: 'tinygates:clock_block#facing=up,gate_direction=up'
[28Feb2026 01:33:12.886] [Worker-Main-5/WARN] [net.minecraft.client.resources.model.BlockStateModelLoader/]: Exception loading blockstate definition: 'tinygates:blockstates/clock_block.json' missing model for variant: 'tinygates:clock_block#facing=west,gate_direction=down'
[28Feb2026 01:33:12.886] [Worker-Main-5/WARN] [net.minecraft.client.resources.model.BlockStateModelLoader/]: Exception loading blockstate definition: 'tinygates:blockstates/clock_block.json' missing model for variant: 'tinygates:clock_block#facing=north,gate_direction=down'
[28Feb2026 01:33:12.886] [Worker-Main-5/WARN] [net.minecraft.client.resources.model.BlockStateModelLoader/]: Exception loading blockstate definition: 'tinygates:blockstates/clock_block.json' missing model for variant: 'tinygates:clock_block#facing=down,gate_direction=north'
[28Feb2026 01:33:12.886] [Worker-Main-5/WARN] [net.minecraft.client.resources.model.BlockStateModelLoader/]: Exception loading blockstate definition: 'tinygates:blockstates/clock_block.json' missing model for variant: 'tinygates:clock_block#facing=south,gate_direction=up'
[28Feb2026 01:33:12.886] [Worker-Main-5/WARN] [net.minecraft.client.resources.model.BlockStateModelLoader/]: Exception loading blockstate definition: 'tinygates:blockstates/clock_block.json' missing model for variant: 'tinygates:clock_block#facing=south,gate_direction=down'
[28Feb2026 01:33:12.886] [Worker-Main-5/WARN] [net.minecraft.client.resources.model.BlockStateModelLoader/]: Exception loading blockstate definition: 'tinygates:blockstates/clock_block.json' missing model for variant: 'tinygates:clock_block#facing=down,gate_direction=south'
[28Feb2026 01:33:12.886] [Worker-Main-5/WARN] [net.minecraft.client.resources.model.BlockStateModelLoader/]: Exception loading blockstate definition: 'tinygates:blockstates/clock_block.json' missing model for variant: 'tinygates:clock_block#facing=west,gate_direction=south'
[28Feb2026 01:33:12.886] [Worker-Main-5/WARN] [net.minecraft.client.resources.model.BlockStateModelLoader/]: Exception loading blockstate definition: 'tinygates:blockstates/clock_block.json' missing model for variant: 'tinygates:clock_block#facing=east,gate_direction=west'
[28Feb2026 01:33:12.887] [Worker-Main-5/WARN] [net.minecraft.client.resources.model.BlockStateModelLoader/]: Exception loading blockstate definition: 'tinygates:blockstates/clock_block.json' missing model for variant: 'tinygates:clock_block#facing=south,gate_direction=west'
[28Feb2026 01:33:12.887] [Worker-Main-5/WARN] [net.minecraft.client.resources.model.BlockStateModelLoader/]: Exception loading blockstate definition: 'tinygates:blockstates/clock_block.json' missing model for variant: 'tinygates:clock_block#facing=down,gate_direction=east'
[28Feb2026 01:33:12.887] [Worker-Main-5/WARN] [net.minecraft.client.resources.model.BlockStateModelLoader/]: Exception loading blockstate definition: 'tinygates:blockstates/clock_block.json' missing model for variant: 'tinygates:clock_block#facing=east,gate_direction=east'
[28Feb2026 01:33:12.887] [Worker-Main-5/WARN] [net.minecraft.client.resources.model.BlockStateModelLoader/]: Exception loading blockstate definition: 'tinygates:blockstates/clock_block.json' missing model for variant: 'tinygates:clock_block#facing=south,gate_direction=north'
[28Feb2026 01:33:12.887] [Worker-Main-5/WARN] [net.minecraft.client.resources.model.BlockStateModelLoader/]: Exception loading blockstate definition: 'tinygates:blockstates/clock_block.json' missing model for variant: 'tinygates:clock_block#facing=up,gate_direction=east'
[28Feb2026 01:33:12.887] [Worker-Main-5/WARN] [net.minecraft.client.resources.model.BlockStateModelLoader/]: Exception loading blockstate definition: 'tinygates:blockstates/clock_block.json' missing model for variant: 'tinygates:clock_block#facing=south,gate_direction=south'
[28Feb2026 01:33:12.888] [Worker-Main-5/WARN] [net.minecraft.client.resources.model.BlockStateModelLoader/]: Exception loading blockstate definition: 'tinygates:blockstates/clock_block.json' missing model for variant: 'tinygates:clock_block#facing=north,gate_direction=south'
[28Feb2026 01:33:12.888] [Worker-Main-5/WARN] [net.minecraft.client.resources.model.BlockStateModelLoader/]: Exception loading blockstate definition: 'tinygates:blockstates/clock_block.json' missing model for variant: 'tinygates:clock_block#facing=west,gate_direction=west'
[28Feb2026 01:33:12.888] [Worker-Main-5/WARN] [net.minecraft.client.resources.model.BlockStateModelLoader/]: Exception loading blockstate definition: 'tinygates:blockstates/counter_block.json' missing model for variant: 'tinygates:counter_block#facing=up,gate_direction=east'
[28Feb2026 01:33:12.888] [Worker-Main-5/WARN] [net.minecraft.client.resources.model.BlockStateModelLoader/]: Exception loading blockstate definition: 'tinygates:blockstates/counter_block.json' missing model for variant: 'tinygates:counter_block#facing=south,gate_direction=west'
[28Feb2026 01:33:12.888] [Worker-Main-5/WARN] [net.minecraft.client.resources.model.BlockStateModelLoader/]: Exception loading blockstate definition: 'tinygates:blockstates/counter_block.json' missing model for variant: 'tinygates:counter_block#facing=north,gate_direction=west'
[28Feb2026 01:33:12.888] [Worker-Main-5/WARN] [net.minecraft.client.resources.model.BlockStateModelLoader/]: Exception loading blockstate definition: 'tinygates:blockstates/counter_block.json' missing model for variant: 'tinygates:counter_block#facing=south,gate_direction=down'
[28Feb2026 01:33:12.888] [Worker-Main-5/WARN] [net.minecraft.client.resources.model.BlockStateModelLoader/]: Exception loading blockstate definition: 'tinygates:blockstates/counter_block.json' missing model for variant: 'tinygates:counter_block#facing=down,gate_direction=south'
[28Feb2026 01:33:12.888] [Worker-Main-5/WARN] [net.minecraft.client.resources.model.BlockStateModelLoader/]: Exception loading blockstate definition: 'tinygates:blockstates/counter_block.json' missing model for variant: 'tinygates:counter_block#facing=north,gate_direction=down'
[28Feb2026 01:33:12.888] [Worker-Main-5/WARN] [net.minecraft.client.resources.model.BlockStateModelLoader/]: Exception loading blockstate definition: 'tinygates:blockstates/counter_block.json' missing model for variant: 'tinygates:counter_block#facing=south,gate_direction=up'
[28Feb2026 01:33:12.888] [Worker-Main-5/WARN] [net.minecraft.client.resources.model.BlockStateModelLoader/]: Exception loading blockstate definition: 'tinygates:blockstates/counter_block.json' missing model for variant: 'tinygates:counter_block#facing=down,gate_direction=north'
[28Feb2026 01:33:12.888] [Worker-Main-5/WARN] [net.minecraft.client.resources.model.BlockStateModelLoader/]: Exception loading blockstate definition: 'tinygates:blockstates/counter_block.json' missing model for variant: 'tinygates:counter_block#facing=north,gate_direction=south'
[28Feb2026 01:33:12.888] [Worker-Main-5/WARN] [net.minecraft.client.resources.model.BlockStateModelLoader/]: Exception loading blockstate definition: 'tinygates:blockstates/counter_block.json' missing model for variant: 'tinygates:counter_block#facing=east,gate_direction=north'
[28Feb2026 01:33:12.888] [Worker-Main-5/WARN] [net.minecraft.client.resources.model.BlockStateModelLoader/]: Exception loading blockstate definition: 'tinygates:blockstates/counter_block.json' missing model for variant: 'tinygates:counter_block#facing=north,gate_direction=up'
[28Feb2026 01:33:12.890] [Worker-Main-5/WARN] [net.minecraft.client.resources.model.BlockStateModelLoader/]: Exception loading blockstate definition: 'tinygates:blockstates/counter_block.json' missing model for variant: 'tinygates:counter_block#facing=east,gate_direction=up'
[28Feb2026 01:33:12.891] [Worker-Main-5/WARN] [net.minecraft.client.resources.model.BlockStateModelLoader/]: Exception loading blockstate definition: 'tinygates:blockstates/counter_block.json' missing model for variant: 'tinygates:counter_block#facing=west,gate_direction=west'
[28Feb2026 01:33:12.891] [Worker-Main-5/WARN] [net.minecraft.client.resources.model.BlockStateModelLoader/]: Exception loading blockstate definition: 'tinygates:blockstates/counter_block.json' missing model for variant: 'tinygates:counter_block#facing=down,gate_direction=east'
[28Feb2026 01:33:12.891] [Worker-Main-5/WARN] [net.minecraft.client.resources.model.BlockStateModelLoader/]: Exception loading blockstate definition: 'tinygates:blockstates/counter_block.json' missing model for variant: 'tinygates:counter_block#facing=west,gate_direction=east'
[28Feb2026 01:33:12.891] [Worker-Main-5/WARN] [net.minecraft.client.resources.model.BlockStateModelLoader/]: Exception loading blockstate definition: 'tinygates:blockstates/counter_block.json' missing model for variant: 'tinygates:counter_block#facing=east,gate_direction=down'
[28Feb2026 01:33:12.891] [Worker-Main-5/WARN] [net.minecraft.client.resources.model.BlockStateModelLoader/]: Exception loading blockstate definition: 'tinygates:blockstates/counter_block.json' missing model for variant: 'tinygates:counter_block#facing=up,gate_direction=down'
[28Feb2026 01:33:12.891] [Worker-Main-5/WARN] [net.minecraft.client.resources.model.BlockStateModelLoader/]: Exception loading blockstate definition: 'tinygates:blockstates/counter_block.json' missing model for variant: 'tinygates:counter_block#facing=up,gate_direction=north'
[28Feb2026 01:33:12.891] [Worker-Main-5/WARN] [net.minecraft.client.resources.model.BlockStateModelLoader/]: Exception loading blockstate definition: 'tinygates:blockstates/counter_block.json' missing model for variant: 'tinygates:counter_block#facing=down,gate_direction=west'
[28Feb2026 01:33:12.891] [Worker-Main-5/WARN] [net.minecraft.client.resources.model.BlockStateModelLoader/]: Exception loading blockstate definition: 'tinygates:blockstates/counter_block.json' missing model for variant: 'tinygates:counter_block#facing=west,gate_direction=north'
[28Feb2026 01:33:12.891] [Worker-Main-5/WARN] [net.minecraft.client.resources.model.BlockStateModelLoader/]: Exception loading blockstate definition: 'tinygates:blockstates/counter_block.json' missing model for variant: 'tinygates:counter_block#facing=north,gate_direction=east'
[28Feb2026 01:33:12.892] [Worker-Main-5/WARN] [net.minecraft.client.resources.model.BlockStateModelLoader/]: Exception loading blockstate definition: 'tinygates:blockstates/counter_block.json' missing model for variant: 'tinygates:counter_block#facing=up,gate_direction=south'
[28Feb2026 01:33:12.892] [Worker-Main-5/WARN] [net.minecraft.client.resources.model.BlockStateModelLoader/]: Exception loading blockstate definition: 'tinygates:blockstates/counter_block.json' missing model for variant: 'tinygates:counter_block#facing=west,gate_direction=up'
[28Feb2026 01:33:12.892] [Worker-Main-5/WARN] [net.minecraft.client.resources.model.BlockStateModelLoader/]: Exception loading blockstate definition: 'tinygates:blockstates/counter_block.json' missing model for variant: 'tinygates:counter_block#facing=down,gate_direction=up'
[28Feb2026 01:33:12.892] [Worker-Main-5/WARN] [net.minecraft.client.resources.model.BlockStateModelLoader/]: Exception loading blockstate definition: 'tinygates:blockstates/counter_block.json' missing model for variant: 'tinygates:counter_block#facing=south,gate_direction=south'
[28Feb2026 01:33:12.892] [Worker-Main-5/WARN] [net.minecraft.client.resources.model.BlockStateModelLoader/]: Exception loading blockstate definition: 'tinygates:blockstates/counter_block.json' missing model for variant: 'tinygates:counter_block#facing=west,gate_direction=south'
[28Feb2026 01:33:12.892] [Worker-Main-5/WARN] [net.minecraft.client.resources.model.BlockStateModelLoader/]: Exception loading blockstate definition: 'tinygates:blockstates/counter_block.json' missing model for variant: 'tinygates:counter_block#facing=east,gate_direction=west'
[28Feb2026 01:33:12.892] [Worker-Main-5/WARN] [net.minecraft.client.resources.model.BlockStateModelLoader/]: Exception loading blockstate definition: 'tinygates:blockstates/counter_block.json' missing model for variant: 'tinygates:counter_block#facing=west,gate_direction=down'
[28Feb2026 01:33:12.892] [Worker-Main-5/WARN] [net.minecraft.client.resources.model.BlockStateModelLoader/]: Exception loading blockstate definition: 'tinygates:blockstates/counter_block.json' missing model for variant: 'tinygates:counter_block#facing=up,gate_direction=west'
[28Feb2026 01:33:12.892] [Worker-Main-5/WARN] [net.minecraft.client.resources.model.BlockStateModelLoader/]: Exception loading blockstate definition: 'tinygates:blockstates/counter_block.json' missing model for variant: 'tinygates:counter_block#facing=south,gate_direction=north'
[28Feb2026 01:33:12.892] [Worker-Main-5/WARN] [net.minecraft.client.resources.model.BlockStateModelLoader/]: Exception loading blockstate definition: 'tinygates:blockstates/counter_block.json' missing model for variant: 'tinygates:counter_block#facing=up,gate_direction=up'
[28Feb2026 01:33:12.892] [Worker-Main-5/WARN] [net.minecraft.client.resources.model.BlockStateModelLoader/]: Exception loading blockstate definition: 'tinygates:blockstates/counter_block.json' missing model for variant: 'tinygates:counter_block#facing=north,gate_direction=north'
[28Feb2026 01:33:12.892] [Worker-Main-5/WARN] [net.minecraft.client.resources.model.BlockStateModelLoader/]: Exception loading blockstate definition: 'tinygates:blockstates/counter_block.json' missing model for variant: 'tinygates:counter_block#facing=east,gate_direction=south'
[28Feb2026 01:33:12.892] [Worker-Main-5/WARN] [net.minecraft.client.resources.model.BlockStateModelLoader/]: Exception loading blockstate definition: 'tinygates:blockstates/counter_block.json' missing model for variant: 'tinygates:counter_block#facing=east,gate_direction=east'
[28Feb2026 01:33:12.892] [Worker-Main-5/WARN] [net.minecraft.client.resources.model.BlockStateModelLoader/]: Exception loading blockstate definition: 'tinygates:blockstates/counter_block.json' missing model for variant: 'tinygates:counter_block#facing=south,gate_direction=east'
[28Feb2026 01:33:12.892] [Worker-Main-5/WARN] [net.minecraft.client.resources.model.BlockStateModelLoader/]: Exception loading blockstate definition: 'tinygates:blockstates/counter_block.json' missing model for variant: 'tinygates:counter_block#facing=down,gate_direction=down'
[28Feb2026 01:33:12.893] [Worker-Main-5/WARN] [net.minecraft.client.resources.model.BlockStateModelLoader/]: Exception loading blockstate definition: 'tinygates:blockstates/edge_detector_block.json' missing model for variant: 'tinygates:edge_detector_block#facing=east,gate_direction=north'
[28Feb2026 01:33:12.893] [Worker-Main-5/WARN] [net.minecraft.client.resources.model.BlockStateModelLoader/]: Exception loading blockstate definition: 'tinygates:blockstates/edge_detector_block.json' missing model for variant: 'tinygates:edge_detector_block#facing=east,gate_direction=south'
[28Feb2026 01:33:12.893] [Worker-Main-5/WARN] [net.minecraft.client.resources.model.BlockStateModelLoader/]: Exception loading blockstate definition: 'tinygates:blockstates/edge_detector_block.json' missing model for variant: 'tinygates:edge_detector_block#facing=east,gate_direction=up'
[28Feb2026 01:33:12.893] [Worker-Main-5/WARN] [net.minecraft.client.resources.model.BlockStateModelLoader/]: Exception loading blockstate definition: 'tinygates:blockstates/edge_detector_block.json' missing model for variant: 'tinygates:edge_detector_block#facing=east,gate_direction=east'
[28Feb2026 01:33:12.893] [Worker-Main-5/WARN] [net.minecraft.client.resources.model.BlockStateModelLoader/]: Exception loading blockstate definition: 'tinygates:blockstates/edge_detector_block.json' missing model for variant: 'tinygates:edge_detector_block#facing=south,gate_direction=west'
[28Feb2026 01:33:12.893] [Worker-Main-5/WARN] [net.minecraft.client.resources.model.BlockStateModelLoader/]: Exception loading blockstate definition: 'tinygates:blockstates/edge_detector_block.json' missing model for variant: 'tinygates:edge_detector_block#facing=down,gate_direction=up'
[28Feb2026 01:33:12.893] [Worker-Main-5/WARN] [net.minecraft.client.resources.model.BlockStateModelLoader/]: Exception loading blockstate definition: 'tinygates:blockstates/edge_detector_block.json' missing model for variant: 'tinygates:edge_detector_block#facing=south,gate_direction=east'
[28Feb2026 01:33:12.893] [Worker-Main-5/WARN] [net.minecraft.client.resources.model.BlockStateModelLoader/]: Exception loading blockstate definition: 'tinygates:blockstates/edge_detector_block.json' missing model for variant: 'tinygates:edge_detector_block#facing=up,gate_direction=east'
[28Feb2026 01:33:12.893] [Worker-Main-5/WARN] [net.minecraft.client.resources.model.BlockStateModelLoader/]: Exception loading blockstate definition: 'tinygates:blockstates/edge_detector_block.json' missing model for variant: 'tinygates:edge_detector_block#facing=down,gate_direction=down'
[28Feb2026 01:33:12.893] [Worker-Main-5/WARN] [net.minecraft.client.resources.model.BlockStateModelLoader/]: Exception loading blockstate definition: 'tinygates:blockstates/edge_detector_block.json' missing model for variant: 'tinygates:edge_detector_block#facing=down,gate_direction=north'
[28Feb2026 01:33:12.893] [Worker-Main-5/WARN] [net.minecraft.client.resources.model.BlockStateModelLoader/]: Exception loading blockstate definition: 'tinygates:blockstates/edge_detector_block.json' missing model for variant: 'tinygates:edge_detector_block#facing=west,gate_direction=down'
[28Feb2026 01:33:12.893] [Worker-Main-5/WARN] [net.minecraft.client.resources.model.BlockStateModelLoader/]: Exception loading blockstate definition: 'tinygates:blockstates/edge_detector_block.json' missing model for variant: 'tinygates:edge_detector_block#facing=up,gate_direction=north'
[28Feb2026 01:33:12.893] [Worker-Main-5/WARN] [net.minecraft.client.resources.model.BlockStateModelLoader/]: Exception loading blockstate definition: 'tinygates:blockstates/edge_detector_block.json' missing model for variant: 'tinygates:edge_detector_block#facing=up,gate_direction=south'
[28Feb2026 01:33:12.893] [Worker-Main-5/WARN] [net.minecraft.client.resources.model.BlockStateModelLoader/]: Exception loading blockstate definition: 'tinygates:blockstates/edge_detector_block.json' missing model for variant: 'tinygates:edge_detector_block#facing=south,gate_direction=down'
[28Feb2026 01:33:12.894] [Worker-Main-5/WARN] [net.minecraft.client.resources.model.BlockStateModelLoader/]: Exception loading blockstate definition: 'tinygates:blockstates/edge_detector_block.json' missing model for variant: 'tinygates:edge_detector_block#facing=west,gate_direction=up'
[28Feb2026 01:33:12.894] [Worker-Main-5/WARN] [net.minecraft.client.resources.model.BlockStateModelLoader/]: Exception loading blockstate definition: 'tinygates:blockstates/edge_detector_block.json' missing model for variant: 'tinygates:edge_detector_block#facing=north,gate_direction=east'
[28Feb2026 01:33:12.894] [Worker-Main-5/WARN] [net.minecraft.client.resources.model.BlockStateModelLoader/]: Exception loading blockstate definition: 'tinygates:blockstates/edge_detector_block.json' missing model for variant: 'tinygates:edge_detector_block#facing=north,gate_direction=west'
[28Feb2026 01:33:12.894] [Worker-Main-5/WARN] [net.minecraft.client.resources.model.BlockStateModelLoader/]: Exception loading blockstate definition: 'tinygates:blockstates/edge_detector_block.json' missing model for variant: 'tinygates:edge_detector_block#facing=west,gate_direction=north'
[28Feb2026 01:33:12.894] [Worker-Main-5/WARN] [net.minecraft.client.resources.model.BlockStateModelLoader/]: Exception loading blockstate definition: 'tinygates:blockstates/edge_detector_block.json' missing model for variant: 'tinygates:edge_detector_block#facing=south,gate_direction=north'
[28Feb2026 01:33:12.894] [Worker-Main-5/WARN] [net.minecraft.client.resources.model.BlockStateModelLoader/]: Exception loading blockstate definition: 'tinygates:blockstates/edge_detector_block.json' missing model for variant: 'tinygates:edge_detector_block#facing=south,gate_direction=south'
[28Feb2026 01:33:12.894] [Worker-Main-5/WARN] [net.minecraft.client.resources.model.BlockStateModelLoader/]: Exception loading blockstate definition: 'tinygates:blockstates/edge_detector_block.json' missing model for variant: 'tinygates:edge_detector_block#facing=west,gate_direction=south'
[28Feb2026 01:33:12.894] [Worker-Main-5/WARN] [net.minecraft.client.resources.model.BlockStateModelLoader/]: Exception loading blockstate definition: 'tinygates:blockstates/edge_detector_block.json' missing model for variant: 'tinygates:edge_detector_block#facing=east,gate_direction=west'
[28Feb2026 01:33:12.894] [Worker-Main-5/WARN] [net.minecraft.client.resources.model.BlockStateModelLoader/]: Exception loading blockstate definition: 'tinygates:blockstates/edge_detector_block.json' missing model for variant: 'tinygates:edge_detector_block#facing=up,gate_direction=west'
[28Feb2026 01:33:12.894] [Worker-Main-5/WARN] [net.minecraft.client.resources.model.BlockStateModelLoader/]: Exception loading blockstate definition: 'tinygates:blockstates/edge_detector_block.json' missing model for variant: 'tinygates:edge_detector_block#facing=up,gate_direction=down'
[28Feb2026 01:33:12.894] [Worker-Main-5/WARN] [net.minecraft.client.resources.model.BlockStateModelLoader/]: Exception loading blockstate definition: 'tinygates:blockstates/edge_detector_block.json' missing model for variant: 'tinygates:edge_detector_block#facing=east,gate_direction=down'
[28Feb2026 01:33:12.894] [Worker-Main-5/WARN] [net.minecraft.client.resources.model.BlockStateModelLoader/]: Exception loading blockstate definition: 'tinygates:blockstates/edge_detector_block.json' missing model for variant: 'tinygates:edge_detector_block#facing=down,gate_direction=east'
[28Feb2026 01:33:12.894] [Worker-Main-5/WARN] [net.minecraft.client.resources.model.BlockStateModelLoader/]: Exception loading blockstate definition: 'tinygates:blockstates/edge_detector_block.json' missing model for variant: 'tinygates:edge_detector_block#facing=north,gate_direction=north'
[28Feb2026 01:33:12.894] [Worker-Main-5/WARN] [net.minecraft.client.resources.model.BlockStateModelLoader/]: Exception loading blockstate definition: 'tinygates:blockstates/edge_detector_block.json' missing model for variant: 'tinygates:edge_detector_block#facing=north,gate_direction=down'
[28Feb2026 01:33:12.894] [Worker-Main-5/WARN] [net.minecraft.client.resources.model.BlockStateModelLoader/]: Exception loading blockstate definition: 'tinygates:blockstates/edge_detector_block.json' missing model for variant: 'tinygates:edge_detector_block#facing=south,gate_direction=up'
[28Feb2026 01:33:12.894] [Worker-Main-5/WARN] [net.minecraft.client.resources.model.BlockStateModelLoader/]: Exception loading blockstate definition: 'tinygates:blockstates/edge_detector_block.json' missing model for variant: 'tinygates:edge_detector_block#facing=up,gate_direction=up'
[28Feb2026 01:33:12.894] [Worker-Main-5/WARN] [net.minecraft.client.resources.model.BlockStateModelLoader/]: Exception loading blockstate definition: 'tinygates:blockstates/edge_detector_block.json' missing model for variant: 'tinygates:edge_detector_block#facing=down,gate_direction=west'
[28Feb2026 01:33:12.894] [Worker-Main-5/WARN] [net.minecraft.client.resources.model.BlockStateModelLoader/]: Exception loading blockstate definition: 'tinygates:blockstates/edge_detector_block.json' missing model for variant: 'tinygates:edge_detector_block#facing=down,gate_direction=south'
[28Feb2026 01:33:12.895] [Worker-Main-5/WARN] [net.minecraft.client.resources.model.BlockStateModelLoader/]: Exception loading blockstate definition: 'tinygates:blockstates/edge_detector_block.json' missing model for variant: 'tinygates:edge_detector_block#facing=west,gate_direction=east'
[28Feb2026 01:33:12.895] [Worker-Main-5/WARN] [net.minecraft.client.resources.model.BlockStateModelLoader/]: Exception loading blockstate definition: 'tinygates:blockstates/edge_detector_block.json' missing model for variant: 'tinygates:edge_detector_block#facing=north,gate_direction=up'
[28Feb2026 01:33:12.895] [Worker-Main-5/WARN] [net.minecraft.client.resources.model.BlockStateModelLoader/]: Exception loading blockstate definition: 'tinygates:blockstates/edge_detector_block.json' missing model for variant: 'tinygates:edge_detector_block#facing=north,gate_direction=south'
[28Feb2026 01:33:12.895] [Worker-Main-5/WARN] [net.minecraft.client.resources.model.BlockStateModelLoader/]: Exception loading blockstate definition: 'tinygates:blockstates/edge_detector_block.json' missing model for variant: 'tinygates:edge_detector_block#facing=west,gate_direction=west'
[28Feb2026 01:33:12.895] [Worker-Main-5/WARN] [net.minecraft.client.resources.model.BlockStateModelLoader/]: Exception loading blockstate definition: 'tinygates:blockstates/not_gate_block.json' missing model for variant: 'tinygates:not_gate_block#facing=down,gate_direction=east'
[28Feb2026 01:33:12.895] [Worker-Main-5/WARN] [net.minecraft.client.resources.model.BlockStateModelLoader/]: Exception loading blockstate definition: 'tinygates:blockstates/not_gate_block.json' missing model for variant: 'tinygates:not_gate_block#facing=west,gate_direction=up'
[28Feb2026 01:33:12.895] [Worker-Main-5/WARN] [net.minecraft.client.resources.model.BlockStateModelLoader/]: Exception loading blockstate definition: 'tinygates:blockstates/not_gate_block.json' missing model for variant: 'tinygates:not_gate_block#facing=north,gate_direction=up'
[28Feb2026 01:33:12.895] [Worker-Main-5/WARN] [net.minecraft.client.resources.model.BlockStateModelLoader/]: Exception loading blockstate definition: 'tinygates:blockstates/not_gate_block.json' missing model for variant: 'tinygates:not_gate_block#facing=east,gate_direction=west'
[28Feb2026 01:33:12.895] [Worker-Main-5/WARN] [net.minecraft.client.resources.model.BlockStateModelLoader/]: Exception loading blockstate definition: 'tinygates:blockstates/not_gate_block.json' missing model for variant: 'tinygates:not_gate_block#facing=south,gate_direction=south'
[28Feb2026 01:33:12.895] [Worker-Main-5/WARN] [net.minecraft.client.resources.model.BlockStateModelLoader/]: Exception loading blockstate definition: 'tinygates:blockstates/not_gate_block.json' missing model for variant: 'tinygates:not_gate_block#facing=west,gate_direction=south'
[28Feb2026 01:33:12.895] [Worker-Main-5/WARN] [net.minecraft.client.resources.model.BlockStateModelLoader/]: Exception loading blockstate definition: 'tinygates:blockstates/not_gate_block.json' missing model for variant: 'tinygates:not_gate_block#facing=south,gate_direction=north'
[28Feb2026 01:33:12.895] [Worker-Main-5/WARN] [net.minecraft.client.resources.model.BlockStateModelLoader/]: Exception loading blockstate definition: 'tinygates:blockstates/not_gate_block.json' missing model for variant: 'tinygates:not_gate_block#facing=north,gate_direction=down'
[28Feb2026 01:33:12.895] [Worker-Main-5/WARN] [net.minecraft.client.resources.model.BlockStateModelLoader/]: Exception loading blockstate definition: 'tinygates:blockstates/not_gate_block.json' missing model for variant: 'tinygates:not_gate_block#facing=west,gate_direction=north'
[28Feb2026 01:33:12.896] [Worker-Main-5/WARN] [net.minecraft.client.resources.model.BlockStateModelLoader/]: Exception loading blockstate definition: 'tinygates:blockstates/not_gate_block.json' missing model for variant: 'tinygates:not_gate_block#facing=down,gate_direction=north'
[28Feb2026 01:33:12.896] [Worker-Main-5/WARN] [net.minecraft.client.resources.model.BlockStateModelLoader/]: Exception loading blockstate definition: 'tinygates:blockstates/not_gate_block.json' missing model for variant: 'tinygates:not_gate_block#facing=up,gate_direction=west'
[28Feb2026 01:33:12.896] [Worker-Main-5/WARN] [net.minecraft.client.resources.model.BlockStateModelLoader/]: Exception loading blockstate definition: 'tinygates:blockstates/not_gate_block.json' missing model for variant: 'tinygates:not_gate_block#facing=north,gate_direction=south'
[28Feb2026 01:33:12.896] [Worker-Main-5/WARN] [net.minecraft.client.resources.model.BlockStateModelLoader/]: Exception loading blockstate definition: 'tinygates:blockstates/not_gate_block.json' missing model for variant: 'tinygates:not_gate_block#facing=west,gate_direction=down'
[28Feb2026 01:33:12.896] [Worker-Main-5/WARN] [net.minecraft.client.resources.model.BlockStateModelLoader/]: Exception loading blockstate definition: 'tinygates:blockstates/not_gate_block.json' missing model for variant: 'tinygates:not_gate_block#facing=west,gate_direction=west'
[28Feb2026 01:33:12.896] [Worker-Main-5/WARN] [net.minecraft.client.resources.model.BlockStateModelLoader/]: Exception loading blockstate definition: 'tinygates:blockstates/not_gate_block.json' missing model for variant: 'tinygates:not_gate_block#facing=south,gate_direction=up'
[28Feb2026 01:33:12.896] [Worker-Main-5/WARN] [net.minecraft.client.resources.model.BlockStateModelLoader/]: Exception loading blockstate definition: 'tinygates:blockstates/not_gate_block.json' missing model for variant: 'tinygates:not_gate_block#facing=north,gate_direction=west'
[28Feb2026 01:33:12.896] [Worker-Main-5/WARN] [net.minecraft.client.resources.model.BlockStateModelLoader/]: Exception loading blockstate definition: 'tinygates:blockstates/not_gate_block.json' missing model for variant: 'tinygates:not_gate_block#facing=east,gate_direction=down'
[28Feb2026 01:33:12.896] [Worker-Main-5/WARN] [net.minecraft.client.resources.model.BlockStateModelLoader/]: Exception loading blockstate definition: 'tinygates:blockstates/not_gate_block.json' missing model for variant: 'tinygates:not_gate_block#facing=south,gate_direction=down'
[28Feb2026 01:33:12.896] [Worker-Main-5/WARN] [net.minecraft.client.resources.model.BlockStateModelLoader/]: Exception loading blockstate definition: 'tinygates:blockstates/not_gate_block.json' missing model for variant: 'tinygates:not_gate_block#facing=up,gate_direction=north'
[28Feb2026 01:33:12.896] [Worker-Main-5/WARN] [net.minecraft.client.resources.model.BlockStateModelLoader/]: Exception loading blockstate definition: 'tinygates:blockstates/not_gate_block.json' missing model for variant: 'tinygates:not_gate_block#facing=up,gate_direction=down'
[28Feb2026 01:33:12.896] [Worker-Main-5/WARN] [net.minecraft.client.resources.model.BlockStateModelLoader/]: Exception loading blockstate definition: 'tinygates:blockstates/not_gate_block.json' missing model for variant: 'tinygates:not_gate_block#facing=down,gate_direction=up'
[28Feb2026 01:33:12.896] [Worker-Main-5/WARN] [net.minecraft.client.resources.model.BlockStateModelLoader/]: Exception loading blockstate definition: 'tinygates:blockstates/not_gate_block.json' missing model for variant: 'tinygates:not_gate_block#facing=east,gate_direction=up'
[28Feb2026 01:33:12.897] [Worker-Main-5/WARN] [net.minecraft.client.resources.model.BlockStateModelLoader/]: Exception loading blockstate definition: 'tinygates:blockstates/not_gate_block.json' missing model for variant: 'tinygates:not_gate_block#facing=up,gate_direction=south'
[28Feb2026 01:33:12.897] [Worker-Main-5/WARN] [net.minecraft.client.resources.model.BlockStateModelLoader/]: Exception loading blockstate definition: 'tinygates:blockstates/not_gate_block.json' missing model for variant: 'tinygates:not_gate_block#facing=north,gate_direction=east'
[28Feb2026 01:33:12.897] [Worker-Main-5/WARN] [net.minecraft.client.resources.model.BlockStateModelLoader/]: Exception loading blockstate definition: 'tinygates:blockstates/not_gate_block.json' missing model for variant: 'tinygates:not_gate_block#facing=east,gate_direction=north'
[28Feb2026 01:33:12.897] [Worker-Main-5/WARN] [net.minecraft.client.resources.model.BlockStateModelLoader/]: Exception loading blockstate definition: 'tinygates:blockstates/not_gate_block.json' missing model for variant: 'tinygates:not_gate_block#facing=down,gate_direction=west'
[28Feb2026 01:33:12.897] [Worker-Main-5/WARN] [net.minecraft.client.resources.model.BlockStateModelLoader/]: Exception loading blockstate definition: 'tinygates:blockstates/not_gate_block.json' missing model for variant: 'tinygates:not_gate_block#facing=west,gate_direction=east'
[28Feb2026 01:33:12.897] [Worker-Main-5/WARN] [net.minecraft.client.resources.model.BlockStateModelLoader/]: Exception loading blockstate definition: 'tinygates:blockstates/not_gate_block.json' missing model for variant: 'tinygates:not_gate_block#facing=south,gate_direction=west'
[28Feb2026 01:33:12.897] [Worker-Main-5/WARN] [net.minecraft.client.resources.model.BlockStateModelLoader/]: Exception loading blockstate definition: 'tinygates:blockstates/not_gate_block.json' missing model for variant: 'tinygates:not_gate_block#facing=up,gate_direction=east'
[28Feb2026 01:33:12.897] [Worker-Main-5/WARN] [net.minecraft.client.resources.model.BlockStateModelLoader/]: Exception loading blockstate definition: 'tinygates:blockstates/not_gate_block.json' missing model for variant: 'tinygates:not_gate_block#facing=east,gate_direction=east'
[28Feb2026 01:33:12.897] [Worker-Main-5/WARN] [net.minecraft.client.resources.model.BlockStateModelLoader/]: Exception loading blockstate definition: 'tinygates:blockstates/not_gate_block.json' missing model for variant: 'tinygates:not_gate_block#facing=east,gate_direction=south'
[28Feb2026 01:33:12.897] [Worker-Main-5/WARN] [net.minecraft.client.resources.model.BlockStateModelLoader/]: Exception loading blockstate definition: 'tinygates:blockstates/not_gate_block.json' missing model for variant: 'tinygates:not_gate_block#facing=down,gate_direction=south'
[28Feb2026 01:33:12.898] [Worker-Main-5/WARN] [net.minecraft.client.resources.model.BlockStateModelLoader/]: Exception loading blockstate definition: 'tinygates:blockstates/not_gate_block.json' missing model for variant: 'tinygates:not_gate_block#facing=south,gate_direction=east'
[28Feb2026 01:33:12.898] [Worker-Main-5/WARN] [net.minecraft.client.resources.model.BlockStateModelLoader/]: Exception loading blockstate definition: 'tinygates:blockstates/not_gate_block.json' missing model for variant: 'tinygates:not_gate_block#facing=down,gate_direction=down'
[28Feb2026 01:33:12.898] [Worker-Main-5/WARN] [net.minecraft.client.resources.model.BlockStateModelLoader/]: Exception loading blockstate definition: 'tinygates:blockstates/not_gate_block.json' missing model for variant: 'tinygates:not_gate_block#facing=north,gate_direction=north'
[28Feb2026 01:33:12.898] [Worker-Main-5/WARN] [net.minecraft.client.resources.model.BlockStateModelLoader/]: Exception loading blockstate definition: 'tinygates:blockstates/not_gate_block.json' missing model for variant: 'tinygates:not_gate_block#facing=up,gate_direction=up'
[28Feb2026 01:33:12.898] [Worker-Main-5/WARN] [net.minecraft.client.resources.model.BlockStateModelLoader/]: Exception loading blockstate definition: 'tinygates:blockstates/or_gate_block.json' missing model for variant: 'tinygates:or_gate_block#facing=west,gate_direction=east'
[28Feb2026 01:33:12.898] [Worker-Main-5/WARN] [net.minecraft.client.resources.model.BlockStateModelLoader/]: Exception loading blockstate definition: 'tinygates:blockstates/or_gate_block.json' missing model for variant: 'tinygates:or_gate_block#facing=down,gate_direction=up'
[28Feb2026 01:33:12.898] [Worker-Main-5/WARN] [net.minecraft.client.resources.model.BlockStateModelLoader/]: Exception loading blockstate definition: 'tinygates:blockstates/or_gate_block.json' missing model for variant: 'tinygates:or_gate_block#facing=down,gate_direction=west'
[28Feb2026 01:33:12.898] [Worker-Main-5/WARN] [net.minecraft.client.resources.model.BlockStateModelLoader/]: Exception loading blockstate definition: 'tinygates:blockstates/or_gate_block.json' missing model for variant: 'tinygates:or_gate_block#facing=east,gate_direction=up'
[28Feb2026 01:33:12.898] [Worker-Main-5/WARN] [net.minecraft.client.resources.model.BlockStateModelLoader/]: Exception loading blockstate definition: 'tinygates:blockstates/or_gate_block.json' missing model for variant: 'tinygates:or_gate_block#facing=east,gate_direction=north'
[28Feb2026 01:33:12.899] [Worker-Main-5/WARN] [net.minecraft.client.resources.model.BlockStateModelLoader/]: Exception loading blockstate definition: 'tinygates:blockstates/or_gate_block.json' missing model for variant: 'tinygates:or_gate_block#facing=north,gate_direction=east'
[28Feb2026 01:33:12.899] [Worker-Main-5/WARN] [net.minecraft.client.resources.model.BlockStateModelLoader/]: Exception loading blockstate definition: 'tinygates:blockstates/or_gate_block.json' missing model for variant: 'tinygates:or_gate_block#facing=up,gate_direction=south'
[28Feb2026 01:33:12.899] [Worker-Main-5/WARN] [net.minecraft.client.resources.model.BlockStateModelLoader/]: Exception loading blockstate definition: 'tinygates:blockstates/or_gate_block.json' missing model for variant: 'tinygates:or_gate_block#facing=up,gate_direction=down'
[28Feb2026 01:33:12.899] [Worker-Main-5/WARN] [net.minecraft.client.resources.model.BlockStateModelLoader/]: Exception loading blockstate definition: 'tinygates:blockstates/or_gate_block.json' missing model for variant: 'tinygates:or_gate_block#facing=north,gate_direction=west'
[28Feb2026 01:33:12.899] [Worker-Main-5/WARN] [net.minecraft.client.resources.model.BlockStateModelLoader/]: Exception loading blockstate definition: 'tinygates:blockstates/or_gate_block.json' missing model for variant: 'tinygates:or_gate_block#facing=south,gate_direction=down'
[28Feb2026 01:33:12.899] [Worker-Main-5/WARN] [net.minecraft.client.resources.model.BlockStateModelLoader/]: Exception loading blockstate definition: 'tinygates:blockstates/or_gate_block.json' missing model for variant: 'tinygates:or_gate_block#facing=up,gate_direction=north'
[28Feb2026 01:33:12.899] [Worker-Main-5/WARN] [net.minecraft.client.resources.model.BlockStateModelLoader/]: Exception loading blockstate definition: 'tinygates:blockstates/or_gate_block.json' missing model for variant: 'tinygates:or_gate_block#facing=east,gate_direction=down'
[28Feb2026 01:33:12.899] [Worker-Main-5/WARN] [net.minecraft.client.resources.model.BlockStateModelLoader/]: Exception loading blockstate definition: 'tinygates:blockstates/or_gate_block.json' missing model for variant: 'tinygates:or_gate_block#facing=north,gate_direction=up'
[28Feb2026 01:33:12.899] [Worker-Main-5/WARN] [net.minecraft.client.resources.model.BlockStateModelLoader/]: Exception loading blockstate definition: 'tinygates:blockstates/or_gate_block.json' missing model for variant: 'tinygates:or_gate_block#facing=up,gate_direction=up'
[28Feb2026 01:33:12.899] [Worker-Main-5/WARN] [net.minecraft.client.resources.model.BlockStateModelLoader/]: Exception loading blockstate definition: 'tinygates:blockstates/or_gate_block.json' missing model for variant: 'tinygates:or_gate_block#facing=west,gate_direction=down'
[28Feb2026 01:33:12.899] [Worker-Main-5/WARN] [net.minecraft.client.resources.model.BlockStateModelLoader/]: Exception loading blockstate definition: 'tinygates:blockstates/or_gate_block.json' missing model for variant: 'tinygates:or_gate_block#facing=down,gate_direction=north'
[28Feb2026 01:33:12.899] [Worker-Main-5/WARN] [net.minecraft.client.resources.model.BlockStateModelLoader/]: Exception loading blockstate definition: 'tinygates:blockstates/or_gate_block.json' missing model for variant: 'tinygates:or_gate_block#facing=down,gate_direction=east'
[28Feb2026 01:33:12.899] [Worker-Main-5/WARN] [net.minecraft.client.resources.model.BlockStateModelLoader/]: Exception loading blockstate definition: 'tinygates:blockstates/or_gate_block.json' missing model for variant: 'tinygates:or_gate_block#facing=east,gate_direction=west'
[28Feb2026 01:33:12.899] [Worker-Main-5/WARN] [net.minecraft.client.resources.model.BlockStateModelLoader/]: Exception loading blockstate definition: 'tinygates:blockstates/or_gate_block.json' missing model for variant: 'tinygates:or_gate_block#facing=south,gate_direction=south'
[28Feb2026 01:33:12.899] [Worker-Main-5/WARN] [net.minecraft.client.resources.model.BlockStateModelLoader/]: Exception loading blockstate definition: 'tinygates:blockstates/or_gate_block.json' missing model for variant: 'tinygates:or_gate_block#facing=west,gate_direction=west'
[28Feb2026 01:33:12.900] [Worker-Main-5/WARN] [net.minecraft.client.resources.model.BlockStateModelLoader/]: Exception loading blockstate definition: 'tinygates:blockstates/or_gate_block.json' missing model for variant: 'tinygates:or_gate_block#facing=south,gate_direction=up'
[28Feb2026 01:33:12.900] [Worker-Main-5/WARN] [net.minecraft.client.resources.model.BlockStateModelLoader/]: Exception loading blockstate definition: 'tinygates:blockstates/or_gate_block.json' missing model for variant: 'tinygates:or_gate_block#facing=north,gate_direction=down'
[28Feb2026 01:33:12.900] [Worker-Main-5/WARN] [net.minecraft.client.resources.model.BlockStateModelLoader/]: Exception loading blockstate definition: 'tinygates:blockstates/or_gate_block.json' missing model for variant: 'tinygates:or_gate_block#facing=west,gate_direction=north'
[28Feb2026 01:33:12.900] [Worker-Main-5/WARN] [net.minecraft.client.resources.model.BlockStateModelLoader/]: Exception loading blockstate definition: 'tinygates:blockstates/or_gate_block.json' missing model for variant: 'tinygates:or_gate_block#facing=west,gate_direction=up'
[28Feb2026 01:33:12.900] [Worker-Main-5/WARN] [net.minecraft.client.resources.model.BlockStateModelLoader/]: Exception loading blockstate definition: 'tinygates:blockstates/or_gate_block.json' missing model for variant: 'tinygates:or_gate_block#facing=north,gate_direction=south'
[28Feb2026 01:33:12.900] [Worker-Main-5/WARN] [net.minecraft.client.resources.model.BlockStateModelLoader/]: Exception loading blockstate definition: 'tinygates:blockstates/or_gate_block.json' missing model for variant: 'tinygates:or_gate_block#facing=east,gate_direction=east'
[28Feb2026 01:33:12.900] [Worker-Main-5/WARN] [net.minecraft.client.resources.model.BlockStateModelLoader/]: Exception loading blockstate definition: 'tinygates:blockstates/or_gate_block.json' missing model for variant: 'tinygates:or_gate_block#facing=south,gate_direction=west'
[28Feb2026 01:33:12.900] [Worker-Main-5/WARN] [net.minecraft.client.resources.model.BlockStateModelLoader/]: Exception loading blockstate definition: 'tinygates:blockstates/or_gate_block.json' missing model for variant: 'tinygates:or_gate_block#facing=up,gate_direction=west'
[28Feb2026 01:33:12.900] [Worker-Main-5/WARN] [net.minecraft.client.resources.model.BlockStateModelLoader/]: Exception loading blockstate definition: 'tinygates:blockstates/or_gate_block.json' missing model for variant: 'tinygates:or_gate_block#facing=west,gate_direction=south'
[28Feb2026 01:33:12.900] [Worker-Main-5/WARN] [net.minecraft.client.resources.model.BlockStateModelLoader/]: Exception loading blockstate definition: 'tinygates:blockstates/or_gate_block.json' missing model for variant: 'tinygates:or_gate_block#facing=south,gate_direction=north'
[28Feb2026 01:33:12.900] [Worker-Main-5/WARN] [net.minecraft.client.resources.model.BlockStateModelLoader/]: Exception loading blockstate definition: 'tinygates:blockstates/or_gate_block.json' missing model for variant: 'tinygates:or_gate_block#facing=down,gate_direction=south'
[28Feb2026 01:33:12.900] [Worker-Main-5/WARN] [net.minecraft.client.resources.model.BlockStateModelLoader/]: Exception loading blockstate definition: 'tinygates:blockstates/or_gate_block.json' missing model for variant: 'tinygates:or_gate_block#facing=south,gate_direction=east'
[28Feb2026 01:33:12.900] [Worker-Main-5/WARN] [net.minecraft.client.resources.model.BlockStateModelLoader/]: Exception loading blockstate definition: 'tinygates:blockstates/or_gate_block.json' missing model for variant: 'tinygates:or_gate_block#facing=up,gate_direction=east'
[28Feb2026 01:33:12.900] [Worker-Main-5/WARN] [net.minecraft.client.resources.model.BlockStateModelLoader/]: Exception loading blockstate definition: 'tinygates:blockstates/or_gate_block.json' missing model for variant: 'tinygates:or_gate_block#facing=down,gate_direction=down'
[28Feb2026 01:33:12.900] [Worker-Main-5/WARN] [net.minecraft.client.resources.model.BlockStateModelLoader/]: Exception loading blockstate definition: 'tinygates:blockstates/or_gate_block.json' missing model for variant: 'tinygates:or_gate_block#facing=north,gate_direction=north'
[28Feb2026 01:33:12.900] [Worker-Main-5/WARN] [net.minecraft.client.resources.model.BlockStateModelLoader/]: Exception loading blockstate definition: 'tinygates:blockstates/or_gate_block.json' missing model for variant: 'tinygates:or_gate_block#facing=east,gate_direction=south'
[28Feb2026 01:33:12.901] [Worker-Main-5/WARN] [net.minecraft.client.resources.model.BlockStateModelLoader/]: Exception loading blockstate definition: 'tinygates:blockstates/rs_latch_block.json' missing model for variant: 'tinygates:rs_latch_block#facing=south,gate_direction=up'
[28Feb2026 01:33:12.901] [Worker-Main-5/WARN] [net.minecraft.client.resources.model.BlockStateModelLoader/]: Exception loading blockstate definition: 'tinygates:blockstates/rs_latch_block.json' missing model for variant: 'tinygates:rs_latch_block#facing=down,gate_direction=south'
[28Feb2026 01:33:12.901] [Worker-Main-5/WARN] [net.minecraft.client.resources.model.BlockStateModelLoader/]: Exception loading blockstate definition: 'tinygates:blockstates/rs_latch_block.json' missing model for variant: 'tinygates:rs_latch_block#facing=north,gate_direction=down'
[28Feb2026 01:33:12.901] [Worker-Main-5/WARN] [net.minecraft.client.resources.model.BlockStateModelLoader/]: Exception loading blockstate definition: 'tinygates:blockstates/rs_latch_block.json' missing model for variant: 'tinygates:rs_latch_block#facing=west,gate_direction=west'
[28Feb2026 01:33:12.901] [Worker-Main-5/WARN] [net.minecraft.client.resources.model.BlockStateModelLoader/]: Exception loading blockstate definition: 'tinygates:blockstates/rs_latch_block.json' missing model for variant: 'tinygates:rs_latch_block#facing=south,gate_direction=down'
[28Feb2026 01:33:12.901] [Worker-Main-5/WARN] [net.minecraft.client.resources.model.BlockStateModelLoader/]: Exception loading blockstate definition: 'tinygates:blockstates/rs_latch_block.json' missing model for variant: 'tinygates:rs_latch_block#facing=up,gate_direction=up'
[28Feb2026 01:33:12.901] [Worker-Main-5/WARN] [net.minecraft.client.resources.model.BlockStateModelLoader/]: Exception loading blockstate definition: 'tinygates:blockstates/rs_latch_block.json' missing model for variant: 'tinygates:rs_latch_block#facing=north,gate_direction=south'
[28Feb2026 01:33:12.901] [Worker-Main-5/WARN] [net.minecraft.client.resources.model.BlockStateModelLoader/]: Exception loading blockstate definition: 'tinygates:blockstates/rs_latch_block.json' missing model for variant: 'tinygates:rs_latch_block#facing=up,gate_direction=east'
[28Feb2026 01:33:12.902] [Worker-Main-5/WARN] [net.minecraft.client.resources.model.BlockStateModelLoader/]: Exception loading blockstate definition: 'tinygates:blockstates/rs_latch_block.json' missing model for variant: 'tinygates:rs_latch_block#facing=north,gate_direction=north'
[28Feb2026 01:33:12.902] [Worker-Main-5/WARN] [net.minecraft.client.resources.model.BlockStateModelLoader/]: Exception loading blockstate definition: 'tinygates:blockstates/rs_latch_block.json' missing model for variant: 'tinygates:rs_latch_block#facing=north,gate_direction=up'
[28Feb2026 01:33:12.902] [Worker-Main-5/WARN] [net.minecraft.client.resources.model.BlockStateModelLoader/]: Exception loading blockstate definition: 'tinygates:blockstates/rs_latch_block.json' missing model for variant: 'tinygates:rs_latch_block#facing=north,gate_direction=west'
[28Feb2026 01:33:12.903] [Worker-Main-5/WARN] [net.minecraft.client.resources.model.BlockStateModelLoader/]: Exception loading blockstate definition: 'tinygates:blockstates/rs_latch_block.json' missing model for variant: 'tinygates:rs_latch_block#facing=south,gate_direction=north'
[28Feb2026 01:33:12.903] [Worker-Main-5/WARN] [net.minecraft.client.resources.model.BlockStateModelLoader/]: Exception loading blockstate definition: 'tinygates:blockstates/rs_latch_block.json' missing model for variant: 'tinygates:rs_latch_block#facing=west,gate_direction=south'
[28Feb2026 01:33:12.903] [Worker-Main-5/WARN] [net.minecraft.client.resources.model.BlockStateModelLoader/]: Exception loading blockstate definition: 'tinygates:blockstates/rs_latch_block.json' missing model for variant: 'tinygates:rs_latch_block#facing=east,gate_direction=up'
[28Feb2026 01:33:12.903] [Worker-Main-5/WARN] [net.minecraft.client.resources.model.BlockStateModelLoader/]: Exception loading blockstate definition: 'tinygates:blockstates/rs_latch_block.json' missing model for variant: 'tinygates:rs_latch_block#facing=west,gate_direction=north'
[28Feb2026 01:33:12.905] [Worker-Main-5/WARN] [net.minecraft.client.resources.model.BlockStateModelLoader/]: Exception loading blockstate definition: 'tinygates:blockstates/rs_latch_block.json' missing model for variant: 'tinygates:rs_latch_block#facing=east,gate_direction=north'
[28Feb2026 01:33:12.905] [Worker-Main-5/WARN] [net.minecraft.client.resources.model.BlockStateModelLoader/]: Exception loading blockstate definition: 'tinygates:blockstates/rs_latch_block.json' missing model for variant: 'tinygates:rs_latch_block#facing=west,gate_direction=up'
[28Feb2026 01:33:12.905] [Worker-Main-5/WARN] [net.minecraft.client.resources.model.BlockStateModelLoader/]: Exception loading blockstate definition: 'tinygates:blockstates/rs_latch_block.json' missing model for variant: 'tinygates:rs_latch_block#facing=east,gate_direction=south'
[28Feb2026 01:33:12.905] [Worker-Main-5/WARN] [net.minecraft.client.resources.model.BlockStateModelLoader/]: Exception loading blockstate definition: 'tinygates:blockstates/rs_latch_block.json' missing model for variant: 'tinygates:rs_latch_block#facing=east,gate_direction=east'
[28Feb2026 01:33:12.906] [Worker-Main-5/WARN] [net.minecraft.client.resources.model.BlockStateModelLoader/]: Exception loading blockstate definition: 'tinygates:blockstates/rs_latch_block.json' missing model for variant: 'tinygates:rs_latch_block#facing=down,gate_direction=up'
[28Feb2026 01:33:12.907] [Worker-Main-5/WARN] [net.minecraft.client.resources.model.BlockStateModelLoader/]: Exception loading blockstate definition: 'tinygates:blockstates/rs_latch_block.json' missing model for variant: 'tinygates:rs_latch_block#facing=east,gate_direction=west'
[28Feb2026 01:33:12.907] [Worker-Main-5/WARN] [net.minecraft.client.resources.model.BlockStateModelLoader/]: Exception loading blockstate definition: 'tinygates:blockstates/rs_latch_block.json' missing model for variant: 'tinygates:rs_latch_block#facing=south,gate_direction=west'
[28Feb2026 01:33:12.907] [Worker-Main-5/WARN] [net.minecraft.client.resources.model.BlockStateModelLoader/]: Exception loading blockstate definition: 'tinygates:blockstates/rs_latch_block.json' missing model for variant: 'tinygates:rs_latch_block#facing=up,gate_direction=west'
[28Feb2026 01:33:12.907] [Worker-Main-5/WARN] [net.minecraft.client.resources.model.BlockStateModelLoader/]: Exception loading blockstate definition: 'tinygates:blockstates/rs_latch_block.json' missing model for variant: 'tinygates:rs_latch_block#facing=down,gate_direction=north'
[28Feb2026 01:33:12.907] [Worker-Main-5/WARN] [net.minecraft.client.resources.model.BlockStateModelLoader/]: Exception loading blockstate definition: 'tinygates:blockstates/rs_latch_block.json' missing model for variant: 'tinygates:rs_latch_block#facing=west,gate_direction=down'
[28Feb2026 01:33:12.907] [Worker-Main-5/WARN] [net.minecraft.client.resources.model.BlockStateModelLoader/]: Exception loading blockstate definition: 'tinygates:blockstates/rs_latch_block.json' missing model for variant: 'tinygates:rs_latch_block#facing=up,gate_direction=north'
[28Feb2026 01:33:12.907] [Worker-Main-5/WARN] [net.minecraft.client.resources.model.BlockStateModelLoader/]: Exception loading blockstate definition: 'tinygates:blockstates/rs_latch_block.json' missing model for variant: 'tinygates:rs_latch_block#facing=down,gate_direction=west'
[28Feb2026 01:33:12.907] [Worker-Main-5/WARN] [net.minecraft.client.resources.model.BlockStateModelLoader/]: Exception loading blockstate definition: 'tinygates:blockstates/rs_latch_block.json' missing model for variant: 'tinygates:rs_latch_block#facing=south,gate_direction=east'
[28Feb2026 01:33:12.907] [Worker-Main-5/WARN] [net.minecraft.client.resources.model.BlockStateModelLoader/]: Exception loading blockstate definition: 'tinygates:blockstates/rs_latch_block.json' missing model for variant: 'tinygates:rs_latch_block#facing=down,gate_direction=down'
[28Feb2026 01:33:12.907] [Worker-Main-5/WARN] [net.minecraft.client.resources.model.BlockStateModelLoader/]: Exception loading blockstate definition: 'tinygates:blockstates/rs_latch_block.json' missing model for variant: 'tinygates:rs_latch_block#facing=north,gate_direction=east'
[28Feb2026 01:33:12.908] [Worker-Main-5/WARN] [net.minecraft.client.resources.model.BlockStateModelLoader/]: Exception loading blockstate definition: 'tinygates:blockstates/rs_latch_block.json' missing model for variant: 'tinygates:rs_latch_block#facing=up,gate_direction=south'
[28Feb2026 01:33:12.908] [Worker-Main-5/WARN] [net.minecraft.client.resources.model.BlockStateModelLoader/]: Exception loading blockstate definition: 'tinygates:blockstates/rs_latch_block.json' missing model for variant: 'tinygates:rs_latch_block#facing=up,gate_direction=down'
[28Feb2026 01:33:12.908] [Worker-Main-5/WARN] [net.minecraft.client.resources.model.BlockStateModelLoader/]: Exception loading blockstate definition: 'tinygates:blockstates/rs_latch_block.json' missing model for variant: 'tinygates:rs_latch_block#facing=south,gate_direction=south'
[28Feb2026 01:33:12.908] [Worker-Main-5/WARN] [net.minecraft.client.resources.model.BlockStateModelLoader/]: Exception loading blockstate definition: 'tinygates:blockstates/rs_latch_block.json' missing model for variant: 'tinygates:rs_latch_block#facing=east,gate_direction=down'
[28Feb2026 01:33:12.908] [Worker-Main-5/WARN] [net.minecraft.client.resources.model.BlockStateModelLoader/]: Exception loading blockstate definition: 'tinygates:blockstates/rs_latch_block.json' missing model for variant: 'tinygates:rs_latch_block#facing=west,gate_direction=east'
[28Feb2026 01:33:12.908] [Worker-Main-5/WARN] [net.minecraft.client.resources.model.BlockStateModelLoader/]: Exception loading blockstate definition: 'tinygates:blockstates/rs_latch_block.json' missing model for variant: 'tinygates:rs_latch_block#facing=down,gate_direction=east'
[28Feb2026 01:33:12.908] [Worker-Main-5/WARN] [net.minecraft.client.resources.model.BlockStateModelLoader/]: Exception loading blockstate definition: 'tinygates:blockstates/t_flip_flop_block.json' missing model for variant: 'tinygates:t_flip_flop_block#facing=west,gate_direction=up'
[28Feb2026 01:33:12.909] [Worker-Main-5/WARN] [net.minecraft.client.resources.model.BlockStateModelLoader/]: Exception loading blockstate definition: 'tinygates:blockstates/t_flip_flop_block.json' missing model for variant: 'tinygates:t_flip_flop_block#facing=west,gate_direction=south'
[28Feb2026 01:33:12.909] [Worker-Main-5/WARN] [net.minecraft.client.resources.model.BlockStateModelLoader/]: Exception loading blockstate definition: 'tinygates:blockstates/t_flip_flop_block.json' missing model for variant: 'tinygates:t_flip_flop_block#facing=east,gate_direction=west'
[28Feb2026 01:33:12.910] [Worker-Main-5/WARN] [net.minecraft.client.resources.model.BlockStateModelLoader/]: Exception loading blockstate definition: 'tinygates:blockstates/t_flip_flop_block.json' missing model for variant: 'tinygates:t_flip_flop_block#facing=south,gate_direction=south'
[28Feb2026 01:33:12.910] [Worker-Main-5/WARN] [net.minecraft.client.resources.model.BlockStateModelLoader/]: Exception loading blockstate definition: 'tinygates:blockstates/t_flip_flop_block.json' missing model for variant: 'tinygates:t_flip_flop_block#facing=down,gate_direction=east'
[28Feb2026 01:33:12.911] [Worker-Main-5/WARN] [net.minecraft.client.resources.model.BlockStateModelLoader/]: Exception loading blockstate definition: 'tinygates:blockstates/t_flip_flop_block.json' missing model for variant: 'tinygates:t_flip_flop_block#facing=north,gate_direction=up'
[28Feb2026 01:33:12.911] [Worker-Main-5/WARN] [net.minecraft.client.resources.model.BlockStateModelLoader/]: Exception loading blockstate definition: 'tinygates:blockstates/t_flip_flop_block.json' missing model for variant: 'tinygates:t_flip_flop_block#facing=south,gate_direction=north'
[28Feb2026 01:33:12.911] [Worker-Main-5/WARN] [net.minecraft.client.resources.model.BlockStateModelLoader/]: Exception loading blockstate definition: 'tinygates:blockstates/t_flip_flop_block.json' missing model for variant: 'tinygates:t_flip_flop_block#facing=west,gate_direction=north'
[28Feb2026 01:33:12.911] [Worker-Main-5/WARN] [net.minecraft.client.resources.model.BlockStateModelLoader/]: Exception loading blockstate definition: 'tinygates:blockstates/t_flip_flop_block.json' missing model for variant: 'tinygates:t_flip_flop_block#facing=north,gate_direction=north'
[28Feb2026 01:33:12.911] [Worker-Main-5/WARN] [net.minecraft.client.resources.model.BlockStateModelLoader/]: Exception loading blockstate definition: 'tinygates:blockstates/t_flip_flop_block.json' missing model for variant: 'tinygates:t_flip_flop_block#facing=down,gate_direction=south'
[28Feb2026 01:33:12.911] [Worker-Main-5/WARN] [net.minecraft.client.resources.model.BlockStateModelLoader/]: Exception loading blockstate definition: 'tinygates:blockstates/t_flip_flop_block.json' missing model for variant: 'tinygates:t_flip_flop_block#facing=east,gate_direction=down'
[28Feb2026 01:33:12.911] [Worker-Main-5/WARN] [net.minecraft.client.resources.model.BlockStateModelLoader/]: Exception loading blockstate definition: 'tinygates:blockstates/t_flip_flop_block.json' missing model for variant: 'tinygates:t_flip_flop_block#facing=south,gate_direction=down'
[28Feb2026 01:33:12.911] [Worker-Main-5/WARN] [net.minecraft.client.resources.model.BlockStateModelLoader/]: Exception loading blockstate definition: 'tinygates:blockstates/t_flip_flop_block.json' missing model for variant: 'tinygates:t_flip_flop_block#facing=up,gate_direction=down'
[28Feb2026 01:33:12.911] [Worker-Main-5/WARN] [net.minecraft.client.resources.model.BlockStateModelLoader/]: Exception loading blockstate definition: 'tinygates:blockstates/t_flip_flop_block.json' missing model for variant: 'tinygates:t_flip_flop_block#facing=up,gate_direction=up'
[28Feb2026 01:33:12.911] [Worker-Main-5/WARN] [net.minecraft.client.resources.model.BlockStateModelLoader/]: Exception loading blockstate definition: 'tinygates:blockstates/t_flip_flop_block.json' missing model for variant: 'tinygates:t_flip_flop_block#facing=west,gate_direction=west'
[28Feb2026 01:33:12.911] [Worker-Main-5/WARN] [net.minecraft.client.resources.model.BlockStateModelLoader/]: Exception loading blockstate definition: 'tinygates:blockstates/t_flip_flop_block.json' missing model for variant: 'tinygates:t_flip_flop_block#facing=north,gate_direction=south'
[28Feb2026 01:33:12.911] [Worker-Main-5/WARN] [net.minecraft.client.resources.model.BlockStateModelLoader/]: Exception loading blockstate definition: 'tinygates:blockstates/t_flip_flop_block.json' missing model for variant: 'tinygates:t_flip_flop_block#facing=south,gate_direction=up'
[28Feb2026 01:33:12.911] [Worker-Main-5/WARN] [net.minecraft.client.resources.model.BlockStateModelLoader/]: Exception loading blockstate definition: 'tinygates:blockstates/t_flip_flop_block.json' missing model for variant: 'tinygates:t_flip_flop_block#facing=down,gate_direction=west'
[28Feb2026 01:33:12.911] [Worker-Main-5/WARN] [net.minecraft.client.resources.model.BlockStateModelLoader/]: Exception loading blockstate definition: 'tinygates:blockstates/t_flip_flop_block.json' missing model for variant: 'tinygates:t_flip_flop_block#facing=north,gate_direction=down'
[28Feb2026 01:33:12.911] [Worker-Main-5/WARN] [net.minecraft.client.resources.model.BlockStateModelLoader/]: Exception loading blockstate definition: 'tinygates:blockstates/t_flip_flop_block.json' missing model for variant: 'tinygates:t_flip_flop_block#facing=west,gate_direction=east'
[28Feb2026 01:33:12.911] [Worker-Main-5/WARN] [net.minecraft.client.resources.model.BlockStateModelLoader/]: Exception loading blockstate definition: 'tinygates:blockstates/t_flip_flop_block.json' missing model for variant: 'tinygates:t_flip_flop_block#facing=down,gate_direction=up'
[28Feb2026 01:33:12.912] [Worker-Main-5/WARN] [net.minecraft.client.resources.model.BlockStateModelLoader/]: Exception loading blockstate definition: 'tinygates:blockstates/t_flip_flop_block.json' missing model for variant: 'tinygates:t_flip_flop_block#facing=down,gate_direction=down'
[28Feb2026 01:33:12.913] [Worker-Main-5/WARN] [net.minecraft.client.resources.model.BlockStateModelLoader/]: Exception loading blockstate definition: 'tinygates:blockstates/t_flip_flop_block.json' missing model for variant: 'tinygates:t_flip_flop_block#facing=east,gate_direction=south'
[28Feb2026 01:33:12.913] [Worker-Main-5/WARN] [net.minecraft.client.resources.model.BlockStateModelLoader/]: Exception loading blockstate definition: 'tinygates:blockstates/t_flip_flop_block.json' missing model for variant: 'tinygates:t_flip_flop_block#facing=south,gate_direction=east'
[28Feb2026 01:33:12.913] [Worker-Main-5/WARN] [net.minecraft.client.resources.model.BlockStateModelLoader/]: Exception loading blockstate definition: 'tinygates:blockstates/t_flip_flop_block.json' missing model for variant: 'tinygates:t_flip_flop_block#facing=up,gate_direction=north'
[28Feb2026 01:33:12.913] [Worker-Main-5/WARN] [net.minecraft.client.resources.model.BlockStateModelLoader/]: Exception loading blockstate definition: 'tinygates:blockstates/t_flip_flop_block.json' missing model for variant: 'tinygates:t_flip_flop_block#facing=up,gate_direction=east'
[28Feb2026 01:33:12.913] [Worker-Main-5/WARN] [net.minecraft.client.resources.model.BlockStateModelLoader/]: Exception loading blockstate definition: 'tinygates:blockstates/t_flip_flop_block.json' missing model for variant: 'tinygates:t_flip_flop_block#facing=south,gate_direction=west'
[28Feb2026 01:33:12.913] [Worker-Main-5/WARN] [net.minecraft.client.resources.model.BlockStateModelLoader/]: Exception loading blockstate definition: 'tinygates:blockstates/t_flip_flop_block.json' missing model for variant: 'tinygates:t_flip_flop_block#facing=up,gate_direction=south'
[28Feb2026 01:33:12.913] [Worker-Main-5/WARN] [net.minecraft.client.resources.model.BlockStateModelLoader/]: Exception loading blockstate definition: 'tinygates:blockstates/t_flip_flop_block.json' missing model for variant: 'tinygates:t_flip_flop_block#facing=east,gate_direction=east'
[28Feb2026 01:33:12.913] [Worker-Main-5/WARN] [net.minecraft.client.resources.model.BlockStateModelLoader/]: Exception loading blockstate definition: 'tinygates:blockstates/t_flip_flop_block.json' missing model for variant: 'tinygates:t_flip_flop_block#facing=north,gate_direction=west'
[28Feb2026 01:33:12.913] [Worker-Main-5/WARN] [net.minecraft.client.resources.model.BlockStateModelLoader/]: Exception loading blockstate definition: 'tinygates:blockstates/t_flip_flop_block.json' missing model for variant: 'tinygates:t_flip_flop_block#facing=west,gate_direction=down'
[28Feb2026 01:33:12.913] [Worker-Main-5/WARN] [net.minecraft.client.resources.model.BlockStateModelLoader/]: Exception loading blockstate definition: 'tinygates:blockstates/t_flip_flop_block.json' missing model for variant: 'tinygates:t_flip_flop_block#facing=east,gate_direction=north'
[28Feb2026 01:33:12.913] [Worker-Main-5/WARN] [net.minecraft.client.resources.model.BlockStateModelLoader/]: Exception loading blockstate definition: 'tinygates:blockstates/t_flip_flop_block.json' missing model for variant: 'tinygates:t_flip_flop_block#facing=north,gate_direction=east'
[28Feb2026 01:33:12.913] [Worker-Main-5/WARN] [net.minecraft.client.resources.model.BlockStateModelLoader/]: Exception loading blockstate definition: 'tinygates:blockstates/t_flip_flop_block.json' missing model for variant: 'tinygates:t_flip_flop_block#facing=up,gate_direction=west'
[28Feb2026 01:33:12.913] [Worker-Main-5/WARN] [net.minecraft.client.resources.model.BlockStateModelLoader/]: Exception loading blockstate definition: 'tinygates:blockstates/t_flip_flop_block.json' missing model for variant: 'tinygates:t_flip_flop_block#facing=down,gate_direction=north'
[28Feb2026 01:33:12.913] [Worker-Main-5/WARN] [net.minecraft.client.resources.model.BlockStateModelLoader/]: Exception loading blockstate definition: 'tinygates:blockstates/t_flip_flop_block.json' missing model for variant: 'tinygates:t_flip_flop_block#facing=east,gate_direction=up'
[28Feb2026 01:33:12.913] [Worker-Main-5/WARN] [net.minecraft.client.resources.model.BlockStateModelLoader/]: Exception loading blockstate definition: 'tinygates:blockstates/xor_gate_block.json' missing model for variant: 'tinygates:xor_gate_block#facing=north,gate_direction=up'
[28Feb2026 01:33:12.913] [Worker-Main-5/WARN] [net.minecraft.client.resources.model.BlockStateModelLoader/]: Exception loading blockstate definition: 'tinygates:blockstates/xor_gate_block.json' missing model for variant: 'tinygates:xor_gate_block#facing=north,gate_direction=north'
[28Feb2026 01:33:12.913] [Worker-Main-5/WARN] [net.minecraft.client.resources.model.BlockStateModelLoader/]: Exception loading blockstate definition: 'tinygates:blockstates/xor_gate_block.json' missing model for variant: 'tinygates:xor_gate_block#facing=up,gate_direction=up'
[28Feb2026 01:33:12.914] [Worker-Main-5/WARN] [net.minecraft.client.resources.model.BlockStateModelLoader/]: Exception loading blockstate definition: 'tinygates:blockstates/xor_gate_block.json' missing model for variant: 'tinygates:xor_gate_block#facing=north,gate_direction=down'
[28Feb2026 01:33:12.915] [Worker-Main-5/WARN] [net.minecraft.client.resources.model.BlockStateModelLoader/]: Exception loading blockstate definition: 'tinygates:blockstates/xor_gate_block.json' missing model for variant: 'tinygates:xor_gate_block#facing=down,gate_direction=east'
[28Feb2026 01:33:12.915] [Worker-Main-5/WARN] [net.minecraft.client.resources.model.BlockStateModelLoader/]: Exception loading blockstate definition: 'tinygates:blockstates/xor_gate_block.json' missing model for variant: 'tinygates:xor_gate_block#facing=down,gate_direction=south'
[28Feb2026 01:33:12.915] [Worker-Main-5/WARN] [net.minecraft.client.resources.model.BlockStateModelLoader/]: Exception loading blockstate definition: 'tinygates:blockstates/xor_gate_block.json' missing model for variant: 'tinygates:xor_gate_block#facing=west,gate_direction=down'
[28Feb2026 01:33:12.915] [Worker-Main-5/WARN] [net.minecraft.client.resources.model.BlockStateModelLoader/]: Exception loading blockstate definition: 'tinygates:blockstates/xor_gate_block.json' missing model for variant: 'tinygates:xor_gate_block#facing=south,gate_direction=up'
[28Feb2026 01:33:12.915] [Worker-Main-5/WARN] [net.minecraft.client.resources.model.BlockStateModelLoader/]: Exception loading blockstate definition: 'tinygates:blockstates/xor_gate_block.json' missing model for variant: 'tinygates:xor_gate_block#facing=down,gate_direction=north'
[28Feb2026 01:33:12.915] [Worker-Main-5/WARN] [net.minecraft.client.resources.model.BlockStateModelLoader/]: Exception loading blockstate definition: 'tinygates:blockstates/xor_gate_block.json' missing model for variant: 'tinygates:xor_gate_block#facing=east,gate_direction=west'
[28Feb2026 01:33:12.915] [Worker-Main-5/WARN] [net.minecraft.client.resources.model.BlockStateModelLoader/]: Exception loading blockstate definition: 'tinygates:blockstates/xor_gate_block.json' missing model for variant: 'tinygates:xor_gate_block#facing=south,gate_direction=down'
[28Feb2026 01:33:12.915] [Worker-Main-5/WARN] [net.minecraft.client.resources.model.BlockStateModelLoader/]: Exception loading blockstate definition: 'tinygates:blockstates/xor_gate_block.json' missing model for variant: 'tinygates:xor_gate_block#facing=south,gate_direction=west'
[28Feb2026 01:33:12.915] [Worker-Main-5/WARN] [net.minecraft.client.resources.model.BlockStateModelLoader/]: Exception loading blockstate definition: 'tinygates:blockstates/xor_gate_block.json' missing model for variant: 'tinygates:xor_gate_block#facing=west,gate_direction=south'
[28Feb2026 01:33:12.916] [Worker-Main-5/WARN] [net.minecraft.client.resources.model.BlockStateModelLoader/]: Exception loading blockstate definition: 'tinygates:blockstates/xor_gate_block.json' missing model for variant: 'tinygates:xor_gate_block#facing=south,gate_direction=north'
[28Feb2026 01:33:12.916] [Worker-Main-5/WARN] [net.minecraft.client.resources.model.BlockStateModelLoader/]: Exception loading blockstate definition: 'tinygates:blockstates/xor_gate_block.json' missing model for variant: 'tinygates:xor_gate_block#facing=up,gate_direction=east'
[28Feb2026 01:33:12.916] [Worker-Main-5/WARN] [net.minecraft.client.resources.model.BlockStateModelLoader/]: Exception loading blockstate definition: 'tinygates:blockstates/xor_gate_block.json' missing model for variant: 'tinygates:xor_gate_block#facing=east,gate_direction=east'
[28Feb2026 01:33:12.916] [Worker-Main-5/WARN] [net.minecraft.client.resources.model.BlockStateModelLoader/]: Exception loading blockstate definition: 'tinygates:blockstates/xor_gate_block.json' missing model for variant: 'tinygates:xor_gate_block#facing=south,gate_direction=south'
[28Feb2026 01:33:12.916] [Worker-Main-5/WARN] [net.minecraft.client.resources.model.BlockStateModelLoader/]: Exception loading blockstate definition: 'tinygates:blockstates/xor_gate_block.json' missing model for variant: 'tinygates:xor_gate_block#facing=down,gate_direction=west'
[28Feb2026 01:33:12.916] [Worker-Main-5/WARN] [net.minecraft.client.resources.model.BlockStateModelLoader/]: Exception loading blockstate definition: 'tinygates:blockstates/xor_gate_block.json' missing model for variant: 'tinygates:xor_gate_block#facing=west,gate_direction=west'
[28Feb2026 01:33:12.916] [Worker-Main-5/WARN] [net.minecraft.client.resources.model.BlockStateModelLoader/]: Exception loading blockstate definition: 'tinygates:blockstates/xor_gate_block.json' missing model for variant: 'tinygates:xor_gate_block#facing=north,gate_direction=south'
[28Feb2026 01:33:12.917] [Worker-Main-5/WARN] [net.minecraft.client.resources.model.BlockStateModelLoader/]: Exception loading blockstate definition: 'tinygates:blockstates/xor_gate_block.json' missing model for variant: 'tinygates:xor_gate_block#facing=north,gate_direction=east'
[28Feb2026 01:33:12.917] [Worker-Main-5/WARN] [net.minecraft.client.resources.model.BlockStateModelLoader/]: Exception loading blockstate definition: 'tinygates:blockstates/xor_gate_block.json' missing model for variant: 'tinygates:xor_gate_block#facing=west,gate_direction=east'
[28Feb2026 01:33:12.917] [Worker-Main-5/WARN] [net.minecraft.client.resources.model.BlockStateModelLoader/]: Exception loading blockstate definition: 'tinygates:blockstates/xor_gate_block.json' missing model for variant: 'tinygates:xor_gate_block#facing=down,gate_direction=up'
[28Feb2026 01:33:12.917] [Worker-Main-5/WARN] [net.minecraft.client.resources.model.BlockStateModelLoader/]: Exception loading blockstate definition: 'tinygates:blockstates/xor_gate_block.json' missing model for variant: 'tinygates:xor_gate_block#facing=up,gate_direction=north'
[28Feb2026 01:33:12.917] [Worker-Main-5/WARN] [net.minecraft.client.resources.model.BlockStateModelLoader/]: Exception loading blockstate definition: 'tinygates:blockstates/xor_gate_block.json' missing model for variant: 'tinygates:xor_gate_block#facing=east,gate_direction=south'
[28Feb2026 01:33:12.917] [Worker-Main-5/WARN] [net.minecraft.client.resources.model.BlockStateModelLoader/]: Exception loading blockstate definition: 'tinygates:blockstates/xor_gate_block.json' missing model for variant: 'tinygates:xor_gate_block#facing=south,gate_direction=east'
[28Feb2026 01:33:12.917] [Worker-Main-5/WARN] [net.minecraft.client.resources.model.BlockStateModelLoader/]: Exception loading blockstate definition: 'tinygates:blockstates/xor_gate_block.json' missing model for variant: 'tinygates:xor_gate_block#facing=down,gate_direction=down'
[28Feb2026 01:33:12.917] [Worker-Main-5/WARN] [net.minecraft.client.resources.model.BlockStateModelLoader/]: Exception loading blockstate definition: 'tinygates:blockstates/xor_gate_block.json' missing model for variant: 'tinygates:xor_gate_block#facing=east,gate_direction=down'
[28Feb2026 01:33:12.917] [Worker-Main-5/WARN] [net.minecraft.client.resources.model.BlockStateModelLoader/]: Exception loading blockstate definition: 'tinygates:blockstates/xor_gate_block.json' missing model for variant: 'tinygates:xor_gate_block#facing=east,gate_direction=north'
[28Feb2026 01:33:12.917] [Worker-Main-5/WARN] [net.minecraft.client.resources.model.BlockStateModelLoader/]: Exception loading blockstate definition: 'tinygates:blockstates/xor_gate_block.json' missing model for variant: 'tinygates:xor_gate_block#facing=up,gate_direction=down'
[28Feb2026 01:33:12.917] [Worker-Main-5/WARN] [net.minecraft.client.resources.model.BlockStateModelLoader/]: Exception loading blockstate definition: 'tinygates:blockstates/xor_gate_block.json' missing model for variant: 'tinygates:xor_gate_block#facing=east,gate_direction=up'
[28Feb2026 01:33:12.917] [Worker-Main-5/WARN] [net.minecraft.client.resources.model.BlockStateModelLoader/]: Exception loading blockstate definition: 'tinygates:blockstates/xor_gate_block.json' missing model for variant: 'tinygates:xor_gate_block#facing=up,gate_direction=west'
[28Feb2026 01:33:12.917] [Worker-Main-5/WARN] [net.minecraft.client.resources.model.BlockStateModelLoader/]: Exception loading blockstate definition: 'tinygates:blockstates/xor_gate_block.json' missing model for variant: 'tinygates:xor_gate_block#facing=up,gate_direction=south'
[28Feb2026 01:33:12.917] [Worker-Main-5/WARN] [net.minecraft.client.resources.model.BlockStateModelLoader/]: Exception loading blockstate definition: 'tinygates:blockstates/xor_gate_block.json' missing model for variant: 'tinygates:xor_gate_block#facing=north,gate_direction=west'
[28Feb2026 01:33:12.917] [Worker-Main-5/WARN] [net.minecraft.client.resources.model.BlockStateModelLoader/]: Exception loading blockstate definition: 'tinygates:blockstates/xor_gate_block.json' missing model for variant: 'tinygates:xor_gate_block#facing=west,gate_direction=north'
[28Feb2026 01:33:12.917] [Worker-Main-5/WARN] [net.minecraft.client.resources.model.BlockStateModelLoader/]: Exception loading blockstate definition: 'tinygates:blockstates/xor_gate_block.json' missing model for variant: 'tinygates:xor_gate_block#facing=west,gate_direction=up'
[28Feb2026 01:33:12.917] [Worker-Main-5/WARN] [net.minecraft.client.resources.model.BlockStateModelLoader/]: Exception loading blockstate definition: 'moretinygates:blockstates/nand_gate_block.json' missing model for variant: 'moretinygates:nand_gate_block#facing=west,gate_direction=east'
[28Feb2026 01:33:12.918] [Worker-Main-5/WARN] [net.minecraft.client.resources.model.BlockStateModelLoader/]: Exception loading blockstate definition: 'moretinygates:blockstates/nand_gate_block.json' missing model for variant: 'moretinygates:nand_gate_block#facing=down,gate_direction=up'
[28Feb2026 01:33:12.918] [Worker-Main-5/WARN] [net.minecraft.client.resources.model.BlockStateModelLoader/]: Exception loading blockstate definition: 'moretinygates:blockstates/nand_gate_block.json' missing model for variant: 'moretinygates:nand_gate_block#facing=east,gate_direction=up'
[28Feb2026 01:33:12.918] [Worker-Main-5/WARN] [net.minecraft.client.resources.model.BlockStateModelLoader/]: Exception loading blockstate definition: 'moretinygates:blockstates/nand_gate_block.json' missing model for variant: 'moretinygates:nand_gate_block#facing=down,gate_direction=west'
[28Feb2026 01:33:12.918] [Worker-Main-5/WARN] [net.minecraft.client.resources.model.BlockStateModelLoader/]: Exception loading blockstate definition: 'moretinygates:blockstates/nand_gate_block.json' missing model for variant: 'moretinygates:nand_gate_block#facing=north,gate_direction=east'
[28Feb2026 01:33:12.918] [Worker-Main-5/WARN] [net.minecraft.client.resources.model.BlockStateModelLoader/]: Exception loading blockstate definition: 'moretinygates:blockstates/nand_gate_block.json' missing model for variant: 'moretinygates:nand_gate_block#facing=up,gate_direction=south'
[28Feb2026 01:33:12.918] [Worker-Main-5/WARN] [net.minecraft.client.resources.model.BlockStateModelLoader/]: Exception loading blockstate definition: 'moretinygates:blockstates/nand_gate_block.json' missing model for variant: 'moretinygates:nand_gate_block#facing=east,gate_direction=north'
[28Feb2026 01:33:12.918] [Worker-Main-5/WARN] [net.minecraft.client.resources.model.BlockStateModelLoader/]: Exception loading blockstate definition: 'moretinygates:blockstates/nand_gate_block.json' missing model for variant: 'moretinygates:nand_gate_block#facing=east,gate_direction=east'
[28Feb2026 01:33:12.918] [Worker-Main-5/WARN] [net.minecraft.client.resources.model.BlockStateModelLoader/]: Exception loading blockstate definition: 'moretinygates:blockstates/nand_gate_block.json' missing model for variant: 'moretinygates:nand_gate_block#facing=up,gate_direction=east'
[28Feb2026 01:33:12.918] [Worker-Main-5/WARN] [net.minecraft.client.resources.model.BlockStateModelLoader/]: Exception loading blockstate definition: 'moretinygates:blockstates/nand_gate_block.json' missing model for variant: 'moretinygates:nand_gate_block#facing=south,gate_direction=west'
[28Feb2026 01:33:12.918] [Worker-Main-5/WARN] [net.minecraft.client.resources.model.BlockStateModelLoader/]: Exception loading blockstate definition: 'moretinygates:blockstates/nand_gate_block.json' missing model for variant: 'moretinygates:nand_gate_block#facing=east,gate_direction=south'
[28Feb2026 01:33:12.918] [Worker-Main-5/WARN] [net.minecraft.client.resources.model.BlockStateModelLoader/]: Exception loading blockstate definition: 'moretinygates:blockstates/nand_gate_block.json' missing model for variant: 'moretinygates:nand_gate_block#facing=south,gate_direction=north'
[28Feb2026 01:33:12.918] [Worker-Main-5/WARN] [net.minecraft.client.resources.model.BlockStateModelLoader/]: Exception loading blockstate definition: 'moretinygates:blockstates/nand_gate_block.json' missing model for variant: 'moretinygates:nand_gate_block#facing=down,gate_direction=down'
[28Feb2026 01:33:12.918] [Worker-Main-5/WARN] [net.minecraft.client.resources.model.BlockStateModelLoader/]: Exception loading blockstate definition: 'moretinygates:blockstates/nand_gate_block.json' missing model for variant: 'moretinygates:nand_gate_block#facing=down,gate_direction=south'
[28Feb2026 01:33:12.918] [Worker-Main-5/WARN] [net.minecraft.client.resources.model.BlockStateModelLoader/]: Exception loading blockstate definition: 'moretinygates:blockstates/nand_gate_block.json' missing model for variant: 'moretinygates:nand_gate_block#facing=north,gate_direction=north'
[28Feb2026 01:33:12.918] [Worker-Main-5/WARN] [net.minecraft.client.resources.model.BlockStateModelLoader/]: Exception loading blockstate definition: 'moretinygates:blockstates/nand_gate_block.json' missing model for variant: 'moretinygates:nand_gate_block#facing=south,gate_direction=east'
[28Feb2026 01:33:12.918] [Worker-Main-5/WARN] [net.minecraft.client.resources.model.BlockStateModelLoader/]: Exception loading blockstate definition: 'moretinygates:blockstates/nand_gate_block.json' missing model for variant: 'moretinygates:nand_gate_block#facing=up,gate_direction=up'
[28Feb2026 01:33:12.918] [Worker-Main-5/WARN] [net.minecraft.client.resources.model.BlockStateModelLoader/]: Exception loading blockstate definition: 'moretinygates:blockstates/nand_gate_block.json' missing model for variant: 'moretinygates:nand_gate_block#facing=north,gate_direction=up'
[28Feb2026 01:33:12.918] [Worker-Main-5/WARN] [net.minecraft.client.resources.model.BlockStateModelLoader/]: Exception loading blockstate definition: 'moretinygates:blockstates/nand_gate_block.json' missing model for variant: 'moretinygates:nand_gate_block#facing=west,gate_direction=down'
[28Feb2026 01:33:12.918] [Worker-Main-5/WARN] [net.minecraft.client.resources.model.BlockStateModelLoader/]: Exception loading blockstate definition: 'moretinygates:blockstates/nand_gate_block.json' missing model for variant: 'moretinygates:nand_gate_block#facing=west,gate_direction=south'
[28Feb2026 01:33:12.919] [Worker-Main-5/WARN] [net.minecraft.client.resources.model.BlockStateModelLoader/]: Exception loading blockstate definition: 'moretinygates:blockstates/nand_gate_block.json' missing model for variant: 'moretinygates:nand_gate_block#facing=east,gate_direction=west'
[28Feb2026 01:33:12.919] [Worker-Main-5/WARN] [net.minecraft.client.resources.model.BlockStateModelLoader/]: Exception loading blockstate definition: 'moretinygates:blockstates/nand_gate_block.json' missing model for variant: 'moretinygates:nand_gate_block#facing=south,gate_direction=south'
[28Feb2026 01:33:12.919] [Worker-Main-5/WARN] [net.minecraft.client.resources.model.BlockStateModelLoader/]: Exception loading blockstate definition: 'moretinygates:blockstates/nand_gate_block.json' missing model for variant: 'moretinygates:nand_gate_block#facing=down,gate_direction=east'
[28Feb2026 01:33:12.919] [Worker-Main-5/WARN] [net.minecraft.client.resources.model.BlockStateModelLoader/]: Exception loading blockstate definition: 'moretinygates:blockstates/nand_gate_block.json' missing model for variant: 'moretinygates:nand_gate_block#facing=up,gate_direction=west'
[28Feb2026 01:33:12.919] [Worker-Main-5/WARN] [net.minecraft.client.resources.model.BlockStateModelLoader/]: Exception loading blockstate definition: 'moretinygates:blockstates/nand_gate_block.json' missing model for variant: 'moretinygates:nand_gate_block#facing=down,gate_direction=north'
[28Feb2026 01:33:12.919] [Worker-Main-5/WARN] [net.minecraft.client.resources.model.BlockStateModelLoader/]: Exception loading blockstate definition: 'moretinygates:blockstates/nand_gate_block.json' missing model for variant: 'moretinygates:nand_gate_block#facing=west,gate_direction=north'
[28Feb2026 01:33:12.919] [Worker-Main-5/WARN] [net.minecraft.client.resources.model.BlockStateModelLoader/]: Exception loading blockstate definition: 'moretinygates:blockstates/nand_gate_block.json' missing model for variant: 'moretinygates:nand_gate_block#facing=north,gate_direction=south'
[28Feb2026 01:33:12.919] [Worker-Main-5/WARN] [net.minecraft.client.resources.model.BlockStateModelLoader/]: Exception loading blockstate definition: 'moretinygates:blockstates/nand_gate_block.json' missing model for variant: 'moretinygates:nand_gate_block#facing=south,gate_direction=up'
[28Feb2026 01:33:12.919] [Worker-Main-5/WARN] [net.minecraft.client.resources.model.BlockStateModelLoader/]: Exception loading blockstate definition: 'moretinygates:blockstates/nand_gate_block.json' missing model for variant: 'moretinygates:nand_gate_block#facing=north,gate_direction=down'
[28Feb2026 01:33:12.919] [Worker-Main-5/WARN] [net.minecraft.client.resources.model.BlockStateModelLoader/]: Exception loading blockstate definition: 'moretinygates:blockstates/nand_gate_block.json' missing model for variant: 'moretinygates:nand_gate_block#facing=west,gate_direction=west'
[28Feb2026 01:33:12.919] [Worker-Main-5/WARN] [net.minecraft.client.resources.model.BlockStateModelLoader/]: Exception loading blockstate definition: 'moretinygates:blockstates/nand_gate_block.json' missing model for variant: 'moretinygates:nand_gate_block#facing=west,gate_direction=up'
[28Feb2026 01:33:12.919] [Worker-Main-5/WARN] [net.minecraft.client.resources.model.BlockStateModelLoader/]: Exception loading blockstate definition: 'moretinygates:blockstates/nand_gate_block.json' missing model for variant: 'moretinygates:nand_gate_block#facing=north,gate_direction=west'
[28Feb2026 01:33:12.919] [Worker-Main-5/WARN] [net.minecraft.client.resources.model.BlockStateModelLoader/]: Exception loading blockstate definition: 'moretinygates:blockstates/nand_gate_block.json' missing model for variant: 'moretinygates:nand_gate_block#facing=east,gate_direction=down'
[28Feb2026 01:33:12.919] [Worker-Main-5/WARN] [net.minecraft.client.resources.model.BlockStateModelLoader/]: Exception loading blockstate definition: 'moretinygates:blockstates/nand_gate_block.json' missing model for variant: 'moretinygates:nand_gate_block#facing=south,gate_direction=down'
[28Feb2026 01:33:12.919] [Worker-Main-5/WARN] [net.minecraft.client.resources.model.BlockStateModelLoader/]: Exception loading blockstate definition: 'moretinygates:blockstates/nand_gate_block.json' missing model for variant: 'moretinygates:nand_gate_block#facing=up,gate_direction=down'
[28Feb2026 01:33:12.919] [Worker-Main-5/WARN] [net.minecraft.client.resources.model.BlockStateModelLoader/]: Exception loading blockstate definition: 'moretinygates:blockstates/nand_gate_block.json' missing model for variant: 'moretinygates:nand_gate_block#facing=up,gate_direction=north'
[28Feb2026 01:33:12.919] [Worker-Main-5/WARN] [net.minecraft.client.resources.model.BlockStateModelLoader/]: Exception loading blockstate definition: 'moretinygates:blockstates/nor_gate_block.json' missing model for variant: 'moretinygates:nor_gate_block#facing=east,gate_direction=down'
[28Feb2026 01:33:12.919] [Worker-Main-5/WARN] [net.minecraft.client.resources.model.BlockStateModelLoader/]: Exception loading blockstate definition: 'moretinygates:blockstates/nor_gate_block.json' missing model for variant: 'moretinygates:nor_gate_block#facing=up,gate_direction=west'
[28Feb2026 01:33:12.920] [Worker-Main-5/WARN] [net.minecraft.client.resources.model.BlockStateModelLoader/]: Exception loading blockstate definition: 'moretinygates:blockstates/nor_gate_block.json' missing model for variant: 'moretinygates:nor_gate_block#facing=up,gate_direction=down'
[28Feb2026 01:33:12.920] [Worker-Main-5/WARN] [net.minecraft.client.resources.model.BlockStateModelLoader/]: Exception loading blockstate definition: 'moretinygates:blockstates/nor_gate_block.json' missing model for variant: 'moretinygates:nor_gate_block#facing=west,gate_direction=up'
[28Feb2026 01:33:12.920] [Worker-Main-5/WARN] [net.minecraft.client.resources.model.BlockStateModelLoader/]: Exception loading blockstate definition: 'moretinygates:blockstates/nor_gate_block.json' missing model for variant: 'moretinygates:nor_gate_block#facing=north,gate_direction=up'
[28Feb2026 01:33:12.920] [Worker-Main-5/WARN] [net.minecraft.client.resources.model.BlockStateModelLoader/]: Exception loading blockstate definition: 'moretinygates:blockstates/nor_gate_block.json' missing model for variant: 'moretinygates:nor_gate_block#facing=west,gate_direction=north'
[28Feb2026 01:33:12.920] [Worker-Main-5/WARN] [net.minecraft.client.resources.model.BlockStateModelLoader/]: Exception loading blockstate definition: 'moretinygates:blockstates/nor_gate_block.json' missing model for variant: 'moretinygates:nor_gate_block#facing=south,gate_direction=south'
[28Feb2026 01:33:12.920] [Worker-Main-5/WARN] [net.minecraft.client.resources.model.BlockStateModelLoader/]: Exception loading blockstate definition: 'moretinygates:blockstates/nor_gate_block.json' missing model for variant: 'moretinygates:nor_gate_block#facing=north,gate_direction=down'
[28Feb2026 01:33:12.920] [Worker-Main-5/WARN] [net.minecraft.client.resources.model.BlockStateModelLoader/]: Exception loading blockstate definition: 'moretinygates:blockstates/nor_gate_block.json' missing model for variant: 'moretinygates:nor_gate_block#facing=south,gate_direction=up'
[28Feb2026 01:33:12.920] [Worker-Main-5/WARN] [net.minecraft.client.resources.model.BlockStateModelLoader/]: Exception loading blockstate definition: 'moretinygates:blockstates/nor_gate_block.json' missing model for variant: 'moretinygates:nor_gate_block#facing=north,gate_direction=south'
[28Feb2026 01:33:12.920] [Worker-Main-5/WARN] [net.minecraft.client.resources.model.BlockStateModelLoader/]: Exception loading blockstate definition: 'moretinygates:blockstates/nor_gate_block.json' missing model for variant: 'moretinygates:nor_gate_block#facing=south,gate_direction=down'
[28Feb2026 01:33:12.920] [Worker-Main-5/WARN] [net.minecraft.client.resources.model.BlockStateModelLoader/]: Exception loading blockstate definition: 'moretinygates:blockstates/nor_gate_block.json' missing model for variant: 'moretinygates:nor_gate_block#facing=down,gate_direction=west'
[28Feb2026 01:33:12.920] [Worker-Main-5/WARN] [net.minecraft.client.resources.model.BlockStateModelLoader/]: Exception loading blockstate definition: 'moretinygates:blockstates/nor_gate_block.json' missing model for variant: 'moretinygates:nor_gate_block#facing=west,gate_direction=east'
[28Feb2026 01:33:12.920] [Worker-Main-5/WARN] [net.minecraft.client.resources.model.BlockStateModelLoader/]: Exception loading blockstate definition: 'moretinygates:blockstates/nor_gate_block.json' missing model for variant: 'moretinygates:nor_gate_block#facing=up,gate_direction=north'
[28Feb2026 01:33:12.920] [Worker-Main-5/WARN] [net.minecraft.client.resources.model.BlockStateModelLoader/]: Exception loading blockstate definition: 'moretinygates:blockstates/nor_gate_block.json' missing model for variant: 'moretinygates:nor_gate_block#facing=down,gate_direction=east'
[28Feb2026 01:33:12.920] [Worker-Main-5/WARN] [net.minecraft.client.resources.model.BlockStateModelLoader/]: Exception loading blockstate definition: 'moretinygates:blockstates/nor_gate_block.json' missing model for variant: 'moretinygates:nor_gate_block#facing=east,gate_direction=up'
[28Feb2026 01:33:12.920] [Worker-Main-5/WARN] [net.minecraft.client.resources.model.BlockStateModelLoader/]: Exception loading blockstate definition: 'moretinygates:blockstates/nor_gate_block.json' missing model for variant: 'moretinygates:nor_gate_block#facing=east,gate_direction=south'
[28Feb2026 01:33:12.920] [Worker-Main-5/WARN] [net.minecraft.client.resources.model.BlockStateModelLoader/]: Exception loading blockstate definition: 'moretinygates:blockstates/nor_gate_block.json' missing model for variant: 'moretinygates:nor_gate_block#facing=east,gate_direction=north'
[28Feb2026 01:33:12.920] [Worker-Main-5/WARN] [net.minecraft.client.resources.model.BlockStateModelLoader/]: Exception loading blockstate definition: 'moretinygates:blockstates/nor_gate_block.json' missing model for variant: 'moretinygates:nor_gate_block#facing=west,gate_direction=west'
[28Feb2026 01:33:12.921] [Worker-Main-5/WARN] [net.minecraft.client.resources.model.BlockStateModelLoader/]: Exception loading blockstate definition: 'moretinygates:blockstates/nor_gate_block.json' missing model for variant: 'moretinygates:nor_gate_block#facing=north,gate_direction=west'
[28Feb2026 01:33:12.922] [Worker-Main-5/WARN] [net.minecraft.client.resources.model.BlockStateModelLoader/]: Exception loading blockstate definition: 'moretinygates:blockstates/nor_gate_block.json' missing model for variant: 'moretinygates:nor_gate_block#facing=west,gate_direction=down'
[28Feb2026 01:33:12.922] [Worker-Main-5/WARN] [net.minecraft.client.resources.model.BlockStateModelLoader/]: Exception loading blockstate definition: 'moretinygates:blockstates/nor_gate_block.json' missing model for variant: 'moretinygates:nor_gate_block#facing=south,gate_direction=east'
[28Feb2026 01:33:12.922] [Worker-Main-5/WARN] [net.minecraft.client.resources.model.BlockStateModelLoader/]: Exception loading blockstate definition: 'moretinygates:blockstates/nor_gate_block.json' missing model for variant: 'moretinygates:nor_gate_block#facing=down,gate_direction=south'
[28Feb2026 01:33:12.922] [Worker-Main-5/WARN] [net.minecraft.client.resources.model.BlockStateModelLoader/]: Exception loading blockstate definition: 'moretinygates:blockstates/nor_gate_block.json' missing model for variant: 'moretinygates:nor_gate_block#facing=down,gate_direction=down'
[28Feb2026 01:33:12.922] [Worker-Main-5/WARN] [net.minecraft.client.resources.model.BlockStateModelLoader/]: Exception loading blockstate definition: 'moretinygates:blockstates/nor_gate_block.json' missing model for variant: 'moretinygates:nor_gate_block#facing=down,gate_direction=north'
[28Feb2026 01:33:12.922] [Worker-Main-5/WARN] [net.minecraft.client.resources.model.BlockStateModelLoader/]: Exception loading blockstate definition: 'moretinygates:blockstates/nor_gate_block.json' missing model for variant: 'moretinygates:nor_gate_block#facing=north,gate_direction=east'
[28Feb2026 01:33:12.922] [Worker-Main-5/WARN] [net.minecraft.client.resources.model.BlockStateModelLoader/]: Exception loading blockstate definition: 'moretinygates:blockstates/nor_gate_block.json' missing model for variant: 'moretinygates:nor_gate_block#facing=north,gate_direction=north'
[28Feb2026 01:33:12.922] [Worker-Main-5/WARN] [net.minecraft.client.resources.model.BlockStateModelLoader/]: Exception loading blockstate definition: 'moretinygates:blockstates/nor_gate_block.json' missing model for variant: 'moretinygates:nor_gate_block#facing=up,gate_direction=south'
[28Feb2026 01:33:12.922] [Worker-Main-5/WARN] [net.minecraft.client.resources.model.BlockStateModelLoader/]: Exception loading blockstate definition: 'moretinygates:blockstates/nor_gate_block.json' missing model for variant: 'moretinygates:nor_gate_block#facing=up,gate_direction=up'
[28Feb2026 01:33:12.922] [Worker-Main-5/WARN] [net.minecraft.client.resources.model.BlockStateModelLoader/]: Exception loading blockstate definition: 'moretinygates:blockstates/nor_gate_block.json' missing model for variant: 'moretinygates:nor_gate_block#facing=south,gate_direction=west'
[28Feb2026 01:33:12.923] [Worker-Main-5/WARN] [net.minecraft.client.resources.model.BlockStateModelLoader/]: Exception loading blockstate definition: 'moretinygates:blockstates/nor_gate_block.json' missing model for variant: 'moretinygates:nor_gate_block#facing=east,gate_direction=east'
[28Feb2026 01:33:12.923] [Worker-Main-5/WARN] [net.minecraft.client.resources.model.BlockStateModelLoader/]: Exception loading blockstate definition: 'moretinygates:blockstates/nor_gate_block.json' missing model for variant: 'moretinygates:nor_gate_block#facing=up,gate_direction=east'
[28Feb2026 01:33:12.923] [Worker-Main-5/WARN] [net.minecraft.client.resources.model.BlockStateModelLoader/]: Exception loading blockstate definition: 'moretinygates:blockstates/nor_gate_block.json' missing model for variant: 'moretinygates:nor_gate_block#facing=east,gate_direction=west'
[28Feb2026 01:33:12.923] [Worker-Main-5/WARN] [net.minecraft.client.resources.model.BlockStateModelLoader/]: Exception loading blockstate definition: 'moretinygates:blockstates/nor_gate_block.json' missing model for variant: 'moretinygates:nor_gate_block#facing=south,gate_direction=north'
[28Feb2026 01:33:12.923] [Worker-Main-5/WARN] [net.minecraft.client.resources.model.BlockStateModelLoader/]: Exception loading blockstate definition: 'moretinygates:blockstates/nor_gate_block.json' missing model for variant: 'moretinygates:nor_gate_block#facing=west,gate_direction=south'
[28Feb2026 01:33:12.923] [Worker-Main-5/WARN] [net.minecraft.client.resources.model.BlockStateModelLoader/]: Exception loading blockstate definition: 'moretinygates:blockstates/nor_gate_block.json' missing model for variant: 'moretinygates:nor_gate_block#facing=down,gate_direction=up'
[28Feb2026 01:33:12.923] [Worker-Main-5/WARN] [net.minecraft.client.resources.model.BlockStateModelLoader/]: Exception loading blockstate definition: 'moretinygates:blockstates/xnor_gate_block.json' missing model for variant: 'moretinygates:xnor_gate_block#facing=south,gate_direction=west'
[28Feb2026 01:33:12.923] [Worker-Main-5/WARN] [net.minecraft.client.resources.model.BlockStateModelLoader/]: Exception loading blockstate definition: 'moretinygates:blockstates/xnor_gate_block.json' missing model for variant: 'moretinygates:xnor_gate_block#facing=east,gate_direction=east'
[28Feb2026 01:33:12.923] [Worker-Main-5/WARN] [net.minecraft.client.resources.model.BlockStateModelLoader/]: Exception loading blockstate definition: 'moretinygates:blockstates/xnor_gate_block.json' missing model for variant: 'moretinygates:xnor_gate_block#facing=up,gate_direction=east'
[28Feb2026 01:33:12.923] [Worker-Main-5/WARN] [net.minecraft.client.resources.model.BlockStateModelLoader/]: Exception loading blockstate definition: 'moretinygates:blockstates/xnor_gate_block.json' missing model for variant: 'moretinygates:xnor_gate_block#facing=west,gate_direction=west'
[28Feb2026 01:33:12.923] [Worker-Main-5/WARN] [net.minecraft.client.resources.model.BlockStateModelLoader/]: Exception loading blockstate definition: 'moretinygates:blockstates/xnor_gate_block.json' missing model for variant: 'moretinygates:xnor_gate_block#facing=north,gate_direction=west'
[28Feb2026 01:33:12.923] [Worker-Main-5/WARN] [net.minecraft.client.resources.model.BlockStateModelLoader/]: Exception loading blockstate definition: 'moretinygates:blockstates/xnor_gate_block.json' missing model for variant: 'moretinygates:xnor_gate_block#facing=east,gate_direction=south'
[28Feb2026 01:33:12.923] [Worker-Main-5/WARN] [net.minecraft.client.resources.model.BlockStateModelLoader/]: Exception loading blockstate definition: 'moretinygates:blockstates/xnor_gate_block.json' missing model for variant: 'moretinygates:xnor_gate_block#facing=down,gate_direction=south'
[28Feb2026 01:33:12.923] [Worker-Main-5/WARN] [net.minecraft.client.resources.model.BlockStateModelLoader/]: Exception loading blockstate definition: 'moretinygates:blockstates/xnor_gate_block.json' missing model for variant: 'moretinygates:xnor_gate_block#facing=north,gate_direction=north'
[28Feb2026 01:33:12.923] [Worker-Main-5/WARN] [net.minecraft.client.resources.model.BlockStateModelLoader/]: Exception loading blockstate definition: 'moretinygates:blockstates/xnor_gate_block.json' missing model for variant: 'moretinygates:xnor_gate_block#facing=south,gate_direction=down'
[28Feb2026 01:33:12.923] [Worker-Main-5/WARN] [net.minecraft.client.resources.model.BlockStateModelLoader/]: Exception loading blockstate definition: 'moretinygates:blockstates/xnor_gate_block.json' missing model for variant: 'moretinygates:xnor_gate_block#facing=up,gate_direction=up'
[28Feb2026 01:33:12.923] [Worker-Main-5/WARN] [net.minecraft.client.resources.model.BlockStateModelLoader/]: Exception loading blockstate definition: 'moretinygates:blockstates/xnor_gate_block.json' missing model for variant: 'moretinygates:xnor_gate_block#facing=west,gate_direction=up'
[28Feb2026 01:33:12.923] [Worker-Main-5/WARN] [net.minecraft.client.resources.model.BlockStateModelLoader/]: Exception loading blockstate definition: 'moretinygates:blockstates/xnor_gate_block.json' missing model for variant: 'moretinygates:xnor_gate_block#facing=east,gate_direction=west'
[28Feb2026 01:33:12.923] [Worker-Main-5/WARN] [net.minecraft.client.resources.model.BlockStateModelLoader/]: Exception loading blockstate definition: 'moretinygates:blockstates/xnor_gate_block.json' missing model for variant: 'moretinygates:xnor_gate_block#facing=south,gate_direction=north'
[28Feb2026 01:33:12.923] [Worker-Main-5/WARN] [net.minecraft.client.resources.model.BlockStateModelLoader/]: Exception loading blockstate definition: 'moretinygates:blockstates/xnor_gate_block.json' missing model for variant: 'moretinygates:xnor_gate_block#facing=west,gate_direction=north'
[28Feb2026 01:33:12.923] [Worker-Main-5/WARN] [net.minecraft.client.resources.model.BlockStateModelLoader/]: Exception loading blockstate definition: 'moretinygates:blockstates/xnor_gate_block.json' missing model for variant: 'moretinygates:xnor_gate_block#facing=west,gate_direction=south'
[28Feb2026 01:33:12.923] [Worker-Main-5/WARN] [net.minecraft.client.resources.model.BlockStateModelLoader/]: Exception loading blockstate definition: 'moretinygates:blockstates/xnor_gate_block.json' missing model for variant: 'moretinygates:xnor_gate_block#facing=down,gate_direction=up'
[28Feb2026 01:33:12.924] [Worker-Main-5/WARN] [net.minecraft.client.resources.model.BlockStateModelLoader/]: Exception loading blockstate definition: 'moretinygates:blockstates/xnor_gate_block.json' missing model for variant: 'moretinygates:xnor_gate_block#facing=east,gate_direction=up'
[28Feb2026 01:33:12.924] [Worker-Main-5/WARN] [net.minecraft.client.resources.model.BlockStateModelLoader/]: Exception loading blockstate definition: 'moretinygates:blockstates/xnor_gate_block.json' missing model for variant: 'moretinygates:xnor_gate_block#facing=west,gate_direction=down'
[28Feb2026 01:33:12.924] [Worker-Main-5/WARN] [net.minecraft.client.resources.model.BlockStateModelLoader/]: Exception loading blockstate definition: 'moretinygates:blockstates/xnor_gate_block.json' missing model for variant: 'moretinygates:xnor_gate_block#facing=up,gate_direction=west'
[28Feb2026 01:33:12.924] [Worker-Main-5/WARN] [net.minecraft.client.resources.model.BlockStateModelLoader/]: Exception loading blockstate definition: 'moretinygates:blockstates/xnor_gate_block.json' missing model for variant: 'moretinygates:xnor_gate_block#facing=down,gate_direction=north'
[28Feb2026 01:33:12.924] [Worker-Main-5/WARN] [net.minecraft.client.resources.model.BlockStateModelLoader/]: Exception loading blockstate definition: 'moretinygates:blockstates/xnor_gate_block.json' missing model for variant: 'moretinygates:xnor_gate_block#facing=north,gate_direction=east'
[28Feb2026 01:33:12.924] [Worker-Main-5/WARN] [net.minecraft.client.resources.model.BlockStateModelLoader/]: Exception loading blockstate definition: 'moretinygates:blockstates/xnor_gate_block.json' missing model for variant: 'moretinygates:xnor_gate_block#facing=up,gate_direction=south'
[28Feb2026 01:33:12.924] [Worker-Main-5/WARN] [net.minecraft.client.resources.model.BlockStateModelLoader/]: Exception loading blockstate definition: 'moretinygates:blockstates/xnor_gate_block.json' missing model for variant: 'moretinygates:xnor_gate_block#facing=east,gate_direction=north'
[28Feb2026 01:33:12.924] [Worker-Main-5/WARN] [net.minecraft.client.resources.model.BlockStateModelLoader/]: Exception loading blockstate definition: 'moretinygates:blockstates/xnor_gate_block.json' missing model for variant: 'moretinygates:xnor_gate_block#facing=east,gate_direction=down'
[28Feb2026 01:33:12.924] [Worker-Main-5/WARN] [net.minecraft.client.resources.model.BlockStateModelLoader/]: Exception loading blockstate definition: 'moretinygates:blockstates/xnor_gate_block.json' missing model for variant: 'moretinygates:xnor_gate_block#facing=south,gate_direction=east'
[28Feb2026 01:33:12.924] [Worker-Main-5/WARN] [net.minecraft.client.resources.model.BlockStateModelLoader/]: Exception loading blockstate definition: 'moretinygates:blockstates/xnor_gate_block.json' missing model for variant: 'moretinygates:xnor_gate_block#facing=down,gate_direction=down'
[28Feb2026 01:33:12.925] [Worker-Main-5/WARN] [net.minecraft.client.resources.model.BlockStateModelLoader/]: Exception loading blockstate definition: 'moretinygates:blockstates/xnor_gate_block.json' missing model for variant: 'moretinygates:xnor_gate_block#facing=up,gate_direction=down'
[28Feb2026 01:33:12.925] [Worker-Main-5/WARN] [net.minecraft.client.resources.model.BlockStateModelLoader/]: Exception loading blockstate definition: 'moretinygates:blockstates/xnor_gate_block.json' missing model for variant: 'moretinygates:xnor_gate_block#facing=up,gate_direction=north'
[28Feb2026 01:33:12.925] [Worker-Main-5/WARN] [net.minecraft.client.resources.model.BlockStateModelLoader/]: Exception loading blockstate definition: 'moretinygates:blockstates/xnor_gate_block.json' missing model for variant: 'moretinygates:xnor_gate_block#facing=north,gate_direction=up'
[28Feb2026 01:33:12.925] [Worker-Main-5/WARN] [net.minecraft.client.resources.model.BlockStateModelLoader/]: Exception loading blockstate definition: 'moretinygates:blockstates/xnor_gate_block.json' missing model for variant: 'moretinygates:xnor_gate_block#facing=south,gate_direction=south'
[28Feb2026 01:33:12.925] [Worker-Main-5/WARN] [net.minecraft.client.resources.model.BlockStateModelLoader/]: Exception loading blockstate definition: 'moretinygates:blockstates/xnor_gate_block.json' missing model for variant: 'moretinygates:xnor_gate_block#facing=down,gate_direction=east'
[28Feb2026 01:33:12.925] [Worker-Main-5/WARN] [net.minecraft.client.resources.model.BlockStateModelLoader/]: Exception loading blockstate definition: 'moretinygates:blockstates/xnor_gate_block.json' missing model for variant: 'moretinygates:xnor_gate_block#facing=north,gate_direction=down'
[28Feb2026 01:33:12.925] [Worker-Main-5/WARN] [net.minecraft.client.resources.model.BlockStateModelLoader/]: Exception loading blockstate definition: 'moretinygates:blockstates/xnor_gate_block.json' missing model for variant: 'moretinygates:xnor_gate_block#facing=south,gate_direction=up'
[28Feb2026 01:33:12.925] [Worker-Main-5/WARN] [net.minecraft.client.resources.model.BlockStateModelLoader/]: Exception loading blockstate definition: 'moretinygates:blockstates/xnor_gate_block.json' missing model for variant: 'moretinygates:xnor_gate_block#facing=north,gate_direction=south'
[28Feb2026 01:33:12.925] [Worker-Main-5/WARN] [net.minecraft.client.resources.model.BlockStateModelLoader/]: Exception loading blockstate definition: 'moretinygates:blockstates/xnor_gate_block.json' missing model for variant: 'moretinygates:xnor_gate_block#facing=down,gate_direction=west'
[28Feb2026 01:33:12.925] [Worker-Main-5/WARN] [net.minecraft.client.resources.model.BlockStateModelLoader/]: Exception loading blockstate definition: 'moretinygates:blockstates/xnor_gate_block.json' missing model for variant: 'moretinygates:xnor_gate_block#facing=west,gate_direction=east'
[28Feb2026 01:33:12.925] [Worker-Main-5/WARN] [net.minecraft.client.resources.model.BlockStateModelLoader/]: Exception loading blockstate definition: 'moretinygates:blockstates/diode_block.json' missing model for variant: 'moretinygates:diode_block#facing=west,gate_direction=up'
[28Feb2026 01:33:12.925] [Worker-Main-5/WARN] [net.minecraft.client.resources.model.BlockStateModelLoader/]: Exception loading blockstate definition: 'moretinygates:blockstates/diode_block.json' missing model for variant: 'moretinygates:diode_block#facing=north,gate_direction=north'
[28Feb2026 01:33:12.925] [Worker-Main-5/WARN] [net.minecraft.client.resources.model.BlockStateModelLoader/]: Exception loading blockstate definition: 'moretinygates:blockstates/diode_block.json' missing model for variant: 'moretinygates:diode_block#facing=up,gate_direction=up'
[28Feb2026 01:33:12.925] [Worker-Main-5/WARN] [net.minecraft.client.resources.model.BlockStateModelLoader/]: Exception loading blockstate definition: 'moretinygates:blockstates/diode_block.json' missing model for variant: 'moretinygates:diode_block#facing=north,gate_direction=south'
[28Feb2026 01:33:12.925] [Worker-Main-5/WARN] [net.minecraft.client.resources.model.BlockStateModelLoader/]: Exception loading blockstate definition: 'moretinygates:blockstates/diode_block.json' missing model for variant: 'moretinygates:diode_block#facing=east,gate_direction=down'
[28Feb2026 01:33:12.925] [Worker-Main-5/WARN] [net.minecraft.client.resources.model.BlockStateModelLoader/]: Exception loading blockstate definition: 'moretinygates:blockstates/diode_block.json' missing model for variant: 'moretinygates:diode_block#facing=up,gate_direction=down'
[28Feb2026 01:33:12.925] [Worker-Main-5/WARN] [net.minecraft.client.resources.model.BlockStateModelLoader/]: Exception loading blockstate definition: 'moretinygates:blockstates/diode_block.json' missing model for variant: 'moretinygates:diode_block#facing=north,gate_direction=up'
[28Feb2026 01:33:12.925] [Worker-Main-5/WARN] [net.minecraft.client.resources.model.BlockStateModelLoader/]: Exception loading blockstate definition: 'moretinygates:blockstates/diode_block.json' missing model for variant: 'moretinygates:diode_block#facing=west,gate_direction=north'
[28Feb2026 01:33:12.925] [Worker-Main-5/WARN] [net.minecraft.client.resources.model.BlockStateModelLoader/]: Exception loading blockstate definition: 'moretinygates:blockstates/diode_block.json' missing model for variant: 'moretinygates:diode_block#facing=down,gate_direction=south'
[28Feb2026 01:33:12.925] [Worker-Main-5/WARN] [net.minecraft.client.resources.model.BlockStateModelLoader/]: Exception loading blockstate definition: 'moretinygates:blockstates/diode_block.json' missing model for variant: 'moretinygates:diode_block#facing=south,gate_direction=south'
[28Feb2026 01:33:12.925] [Worker-Main-5/WARN] [net.minecraft.client.resources.model.BlockStateModelLoader/]: Exception loading blockstate definition: 'moretinygates:blockstates/diode_block.json' missing model for variant: 'moretinygates:diode_block#facing=north,gate_direction=west'
[28Feb2026 01:33:12.925] [Worker-Main-5/WARN] [net.minecraft.client.resources.model.BlockStateModelLoader/]: Exception loading blockstate definition: 'moretinygates:blockstates/diode_block.json' missing model for variant: 'moretinygates:diode_block#facing=up,gate_direction=east'
[28Feb2026 01:33:12.926] [Worker-Main-5/WARN] [net.minecraft.client.resources.model.BlockStateModelLoader/]: Exception loading blockstate definition: 'moretinygates:blockstates/diode_block.json' missing model for variant: 'moretinygates:diode_block#facing=east,gate_direction=east'
[28Feb2026 01:33:12.927] [Worker-Main-5/WARN] [net.minecraft.client.resources.model.BlockStateModelLoader/]: Exception loading blockstate definition: 'moretinygates:blockstates/diode_block.json' missing model for variant: 'moretinygates:diode_block#facing=up,gate_direction=south'
[28Feb2026 01:33:12.927] [Worker-Main-5/WARN] [net.minecraft.client.resources.model.BlockStateModelLoader/]: Exception loading blockstate definition: 'moretinygates:blockstates/diode_block.json' missing model for variant: 'moretinygates:diode_block#facing=south,gate_direction=east'
[28Feb2026 01:33:12.927] [Worker-Main-5/WARN] [net.minecraft.client.resources.model.BlockStateModelLoader/]: Exception loading blockstate definition: 'moretinygates:blockstates/diode_block.json' missing model for variant: 'moretinygates:diode_block#facing=east,gate_direction=north'
[28Feb2026 01:33:12.927] [Worker-Main-5/WARN] [net.minecraft.client.resources.model.BlockStateModelLoader/]: Exception loading blockstate definition: 'moretinygates:blockstates/diode_block.json' missing model for variant: 'moretinygates:diode_block#facing=down,gate_direction=down'
[28Feb2026 01:33:12.928] [Worker-Main-5/WARN] [net.minecraft.client.resources.model.BlockStateModelLoader/]: Exception loading blockstate definition: 'moretinygates:blockstates/diode_block.json' missing model for variant: 'moretinygates:diode_block#facing=east,gate_direction=up'
[28Feb2026 01:33:12.928] [Worker-Main-5/WARN] [net.minecraft.client.resources.model.BlockStateModelLoader/]: Exception loading blockstate definition: 'moretinygates:blockstates/diode_block.json' missing model for variant: 'moretinygates:diode_block#facing=south,gate_direction=north'
[28Feb2026 01:33:12.928] [Worker-Main-5/WARN] [net.minecraft.client.resources.model.BlockStateModelLoader/]: Exception loading blockstate definition: 'moretinygates:blockstates/diode_block.json' missing model for variant: 'moretinygates:diode_block#facing=west,gate_direction=south'
[28Feb2026 01:33:12.928] [Worker-Main-5/WARN] [net.minecraft.client.resources.model.BlockStateModelLoader/]: Exception loading blockstate definition: 'moretinygates:blockstates/diode_block.json' missing model for variant: 'moretinygates:diode_block#facing=down,gate_direction=north'
[28Feb2026 01:33:12.928] [Worker-Main-5/WARN] [net.minecraft.client.resources.model.BlockStateModelLoader/]: Exception loading blockstate definition: 'moretinygates:blockstates/diode_block.json' missing model for variant: 'moretinygates:diode_block#facing=east,gate_direction=west'
[28Feb2026 01:33:12.928] [Worker-Main-5/WARN] [net.minecraft.client.resources.model.BlockStateModelLoader/]: Exception loading blockstate definition: 'moretinygates:blockstates/diode_block.json' missing model for variant: 'moretinygates:diode_block#facing=south,gate_direction=west'
[28Feb2026 01:33:12.928] [Worker-Main-5/WARN] [net.minecraft.client.resources.model.BlockStateModelLoader/]: Exception loading blockstate definition: 'moretinygates:blockstates/diode_block.json' missing model for variant: 'moretinygates:diode_block#facing=west,gate_direction=down'
[28Feb2026 01:33:12.928] [Worker-Main-5/WARN] [net.minecraft.client.resources.model.BlockStateModelLoader/]: Exception loading blockstate definition: 'moretinygates:blockstates/diode_block.json' missing model for variant: 'moretinygates:diode_block#facing=up,gate_direction=west'
[28Feb2026 01:33:12.928] [Worker-Main-5/WARN] [net.minecraft.client.resources.model.BlockStateModelLoader/]: Exception loading blockstate definition: 'moretinygates:blockstates/diode_block.json' missing model for variant: 'moretinygates:diode_block#facing=down,gate_direction=up'
[28Feb2026 01:33:12.928] [Worker-Main-5/WARN] [net.minecraft.client.resources.model.BlockStateModelLoader/]: Exception loading blockstate definition: 'moretinygates:blockstates/diode_block.json' missing model for variant: 'moretinygates:diode_block#facing=west,gate_direction=east'
[28Feb2026 01:33:12.928] [Worker-Main-5/WARN] [net.minecraft.client.resources.model.BlockStateModelLoader/]: Exception loading blockstate definition: 'moretinygates:blockstates/diode_block.json' missing model for variant: 'moretinygates:diode_block#facing=north,gate_direction=east'
[28Feb2026 01:33:12.928] [Worker-Main-5/WARN] [net.minecraft.client.resources.model.BlockStateModelLoader/]: Exception loading blockstate definition: 'moretinygates:blockstates/diode_block.json' missing model for variant: 'moretinygates:diode_block#facing=east,gate_direction=south'
[28Feb2026 01:33:12.929] [Worker-Main-5/WARN] [net.minecraft.client.resources.model.BlockStateModelLoader/]: Exception loading blockstate definition: 'moretinygates:blockstates/diode_block.json' missing model for variant: 'moretinygates:diode_block#facing=west,gate_direction=west'
[28Feb2026 01:33:12.929] [Worker-Main-5/WARN] [net.minecraft.client.resources.model.BlockStateModelLoader/]: Exception loading blockstate definition: 'moretinygates:blockstates/diode_block.json' missing model for variant: 'moretinygates:diode_block#facing=south,gate_direction=down'
[28Feb2026 01:33:12.929] [Worker-Main-5/WARN] [net.minecraft.client.resources.model.BlockStateModelLoader/]: Exception loading blockstate definition: 'moretinygates:blockstates/diode_block.json' missing model for variant: 'moretinygates:diode_block#facing=down,gate_direction=west'
[28Feb2026 01:33:12.929] [Worker-Main-5/WARN] [net.minecraft.client.resources.model.BlockStateModelLoader/]: Exception loading blockstate definition: 'moretinygates:blockstates/diode_block.json' missing model for variant: 'moretinygates:diode_block#facing=up,gate_direction=north'
[28Feb2026 01:33:12.929] [Worker-Main-5/WARN] [net.minecraft.client.resources.model.BlockStateModelLoader/]: Exception loading blockstate definition: 'moretinygates:blockstates/diode_block.json' missing model for variant: 'moretinygates:diode_block#facing=north,gate_direction=down'
[28Feb2026 01:33:12.929] [Worker-Main-5/WARN] [net.minecraft.client.resources.model.BlockStateModelLoader/]: Exception loading blockstate definition: 'moretinygates:blockstates/diode_block.json' missing model for variant: 'moretinygates:diode_block#facing=south,gate_direction=up'
[28Feb2026 01:33:12.929] [Worker-Main-5/WARN] [net.minecraft.client.resources.model.BlockStateModelLoader/]: Exception loading blockstate definition: 'moretinygates:blockstates/diode_block.json' missing model for variant: 'moretinygates:diode_block#facing=down,gate_direction=east'
[28Feb2026 01:33:12.929] [Worker-Main-5/WARN] [net.minecraft.client.resources.model.BlockStateModelLoader/]: Exception loading blockstate definition: 'moretinygates:blockstates/limiter_block.json' missing model for variant: 'moretinygates:limiter_block#facing=up,gate_direction=north'
[28Feb2026 01:33:12.929] [Worker-Main-5/WARN] [net.minecraft.client.resources.model.BlockStateModelLoader/]: Exception loading blockstate definition: 'moretinygates:blockstates/limiter_block.json' missing model for variant: 'moretinygates:limiter_block#facing=down,gate_direction=west'
[28Feb2026 01:33:12.929] [Worker-Main-5/WARN] [net.minecraft.client.resources.model.BlockStateModelLoader/]: Exception loading blockstate definition: 'moretinygates:blockstates/limiter_block.json' missing model for variant: 'moretinygates:limiter_block#facing=up,gate_direction=south'
[28Feb2026 01:33:12.930] [Worker-Main-5/WARN] [net.minecraft.client.resources.model.BlockStateModelLoader/]: Exception loading blockstate definition: 'moretinygates:blockstates/limiter_block.json' missing model for variant: 'moretinygates:limiter_block#facing=south,gate_direction=east'
[28Feb2026 01:33:12.930] [Worker-Main-5/WARN] [net.minecraft.client.resources.model.BlockStateModelLoader/]: Exception loading blockstate definition: 'moretinygates:blockstates/limiter_block.json' missing model for variant: 'moretinygates:limiter_block#facing=down,gate_direction=down'
[28Feb2026 01:33:12.930] [Worker-Main-5/WARN] [net.minecraft.client.resources.model.BlockStateModelLoader/]: Exception loading blockstate definition: 'moretinygates:blockstates/limiter_block.json' missing model for variant: 'moretinygates:limiter_block#facing=west,gate_direction=east'
[28Feb2026 01:33:12.930] [Worker-Main-5/WARN] [net.minecraft.client.resources.model.BlockStateModelLoader/]: Exception loading blockstate definition: 'moretinygates:blockstates/limiter_block.json' missing model for variant: 'moretinygates:limiter_block#facing=north,gate_direction=east'
[28Feb2026 01:33:12.930] [Worker-Main-5/WARN] [net.minecraft.client.resources.model.BlockStateModelLoader/]: Exception loading blockstate definition: 'moretinygates:blockstates/limiter_block.json' missing model for variant: 'moretinygates:limiter_block#facing=south,gate_direction=south'
[28Feb2026 01:33:12.930] [Worker-Main-5/WARN] [net.minecraft.client.resources.model.BlockStateModelLoader/]: Exception loading blockstate definition: 'moretinygates:blockstates/limiter_block.json' missing model for variant: 'moretinygates:limiter_block#facing=west,gate_direction=south'
[28Feb2026 01:33:12.930] [Worker-Main-5/WARN] [net.minecraft.client.resources.model.BlockStateModelLoader/]: Exception loading blockstate definition: 'moretinygates:blockstates/limiter_block.json' missing model for variant: 'moretinygates:limiter_block#facing=south,gate_direction=north'
[28Feb2026 01:33:12.930] [Worker-Main-5/WARN] [net.minecraft.client.resources.model.BlockStateModelLoader/]: Exception loading blockstate definition: 'moretinygates:blockstates/limiter_block.json' missing model for variant: 'moretinygates:limiter_block#facing=down,gate_direction=up'
[28Feb2026 01:33:12.930] [Worker-Main-5/WARN] [net.minecraft.client.resources.model.BlockStateModelLoader/]: Exception loading blockstate definition: 'moretinygates:blockstates/limiter_block.json' missing model for variant: 'moretinygates:limiter_block#facing=east,gate_direction=south'
[28Feb2026 01:33:12.930] [Worker-Main-5/WARN] [net.minecraft.client.resources.model.BlockStateModelLoader/]: Exception loading blockstate definition: 'moretinygates:blockstates/limiter_block.json' missing model for variant: 'moretinygates:limiter_block#facing=east,gate_direction=west'
[28Feb2026 01:33:12.930] [Worker-Main-5/WARN] [net.minecraft.client.resources.model.BlockStateModelLoader/]: Exception loading blockstate definition: 'moretinygates:blockstates/limiter_block.json' missing model for variant: 'moretinygates:limiter_block#facing=up,gate_direction=west'
[28Feb2026 01:33:12.930] [Worker-Main-5/WARN] [net.minecraft.client.resources.model.BlockStateModelLoader/]: Exception loading blockstate definition: 'moretinygates:blockstates/limiter_block.json' missing model for variant: 'moretinygates:limiter_block#facing=east,gate_direction=east'
[28Feb2026 01:33:12.930] [Worker-Main-5/WARN] [net.minecraft.client.resources.model.BlockStateModelLoader/]: Exception loading blockstate definition: 'moretinygates:blockstates/limiter_block.json' missing model for variant: 'moretinygates:limiter_block#facing=north,gate_direction=north'
[28Feb2026 01:33:12.930] [Worker-Main-5/WARN] [net.minecraft.client.resources.model.BlockStateModelLoader/]: Exception loading blockstate definition: 'moretinygates:blockstates/limiter_block.json' missing model for variant: 'moretinygates:limiter_block#facing=up,gate_direction=up'
[28Feb2026 01:33:12.930] [Worker-Main-5/WARN] [net.minecraft.client.resources.model.BlockStateModelLoader/]: Exception loading blockstate definition: 'moretinygates:blockstates/limiter_block.json' missing model for variant: 'moretinygates:limiter_block#facing=down,gate_direction=south'
[28Feb2026 01:33:12.930] [Worker-Main-5/WARN] [net.minecraft.client.resources.model.BlockStateModelLoader/]: Exception loading blockstate definition: 'moretinygates:blockstates/limiter_block.json' missing model for variant: 'moretinygates:limiter_block#facing=south,gate_direction=down'
[28Feb2026 01:33:12.930] [Worker-Main-5/WARN] [net.minecraft.client.resources.model.BlockStateModelLoader/]: Exception loading blockstate definition: 'moretinygates:blockstates/limiter_block.json' missing model for variant: 'moretinygates:limiter_block#facing=west,gate_direction=west'
[28Feb2026 01:33:12.931] [Worker-Main-5/WARN] [net.minecraft.client.resources.model.BlockStateModelLoader/]: Exception loading blockstate definition: 'moretinygates:blockstates/limiter_block.json' missing model for variant: 'moretinygates:limiter_block#facing=south,gate_direction=up'
[28Feb2026 01:33:12.931] [Worker-Main-5/WARN] [net.minecraft.client.resources.model.BlockStateModelLoader/]: Exception loading blockstate definition: 'moretinygates:blockstates/limiter_block.json' missing model for variant: 'moretinygates:limiter_block#facing=south,gate_direction=west'
[28Feb2026 01:33:12.931] [Worker-Main-5/WARN] [net.minecraft.client.resources.model.BlockStateModelLoader/]: Exception loading blockstate definition: 'moretinygates:blockstates/limiter_block.json' missing model for variant: 'moretinygates:limiter_block#facing=up,gate_direction=east'
[28Feb2026 01:33:12.931] [Worker-Main-5/WARN] [net.minecraft.client.resources.model.BlockStateModelLoader/]: Exception loading blockstate definition: 'moretinygates:blockstates/limiter_block.json' missing model for variant: 'moretinygates:limiter_block#facing=north,gate_direction=south'
[28Feb2026 01:33:12.931] [Worker-Main-5/WARN] [net.minecraft.client.resources.model.BlockStateModelLoader/]: Exception loading blockstate definition: 'moretinygates:blockstates/limiter_block.json' missing model for variant: 'moretinygates:limiter_block#facing=north,gate_direction=west'
[28Feb2026 01:33:12.931] [Worker-Main-5/WARN] [net.minecraft.client.resources.model.BlockStateModelLoader/]: Exception loading blockstate definition: 'moretinygates:blockstates/limiter_block.json' missing model for variant: 'moretinygates:limiter_block#facing=north,gate_direction=up'
[28Feb2026 01:33:12.931] [Worker-Main-5/WARN] [net.minecraft.client.resources.model.BlockStateModelLoader/]: Exception loading blockstate definition: 'moretinygates:blockstates/limiter_block.json' missing model for variant: 'moretinygates:limiter_block#facing=down,gate_direction=east'
[28Feb2026 01:33:12.931] [Worker-Main-5/WARN] [net.minecraft.client.resources.model.BlockStateModelLoader/]: Exception loading blockstate definition: 'moretinygates:blockstates/limiter_block.json' missing model for variant: 'moretinygates:limiter_block#facing=west,gate_direction=up'
[28Feb2026 01:33:12.931] [Worker-Main-5/WARN] [net.minecraft.client.resources.model.BlockStateModelLoader/]: Exception loading blockstate definition: 'moretinygates:blockstates/limiter_block.json' missing model for variant: 'moretinygates:limiter_block#facing=east,gate_direction=north'
[28Feb2026 01:33:12.931] [Worker-Main-5/WARN] [net.minecraft.client.resources.model.BlockStateModelLoader/]: Exception loading blockstate definition: 'moretinygates:blockstates/limiter_block.json' missing model for variant: 'moretinygates:limiter_block#facing=west,gate_direction=down'
[28Feb2026 01:33:12.931] [Worker-Main-5/WARN] [net.minecraft.client.resources.model.BlockStateModelLoader/]: Exception loading blockstate definition: 'moretinygates:blockstates/limiter_block.json' missing model for variant: 'moretinygates:limiter_block#facing=down,gate_direction=north'
[28Feb2026 01:33:12.931] [Worker-Main-5/WARN] [net.minecraft.client.resources.model.BlockStateModelLoader/]: Exception loading blockstate definition: 'moretinygates:blockstates/limiter_block.json' missing model for variant: 'moretinygates:limiter_block#facing=north,gate_direction=down'
[28Feb2026 01:33:12.931] [Worker-Main-5/WARN] [net.minecraft.client.resources.model.BlockStateModelLoader/]: Exception loading blockstate definition: 'moretinygates:blockstates/limiter_block.json' missing model for variant: 'moretinygates:limiter_block#facing=east,gate_direction=up'
[28Feb2026 01:33:12.931] [Worker-Main-5/WARN] [net.minecraft.client.resources.model.BlockStateModelLoader/]: Exception loading blockstate definition: 'moretinygates:blockstates/limiter_block.json' missing model for variant: 'moretinygates:limiter_block#facing=west,gate_direction=north'
[28Feb2026 01:33:12.931] [Worker-Main-5/WARN] [net.minecraft.client.resources.model.BlockStateModelLoader/]: Exception loading blockstate definition: 'moretinygates:blockstates/limiter_block.json' missing model for variant: 'moretinygates:limiter_block#facing=up,gate_direction=down'
[28Feb2026 01:33:12.931] [Worker-Main-5/WARN] [net.minecraft.client.resources.model.BlockStateModelLoader/]: Exception loading blockstate definition: 'moretinygates:blockstates/limiter_block.json' missing model for variant: 'moretinygates:limiter_block#facing=east,gate_direction=down'
[28Feb2026 01:33:12.931] [Worker-Main-5/WARN] [net.minecraft.client.resources.model.BlockStateModelLoader/]: Exception loading blockstate definition: 'moretinygates:blockstates/generator_block.json' missing model for variant: 'moretinygates:generator_block#facing=south,gate_direction=east'
[28Feb2026 01:33:12.932] [Worker-Main-5/WARN] [net.minecraft.client.resources.model.BlockStateModelLoader/]: Exception loading blockstate definition: 'moretinygates:blockstates/generator_block.json' missing model for variant: 'moretinygates:generator_block#facing=down,gate_direction=down'
[28Feb2026 01:33:12.932] [Worker-Main-5/WARN] [net.minecraft.client.resources.model.BlockStateModelLoader/]: Exception loading blockstate definition: 'moretinygates:blockstates/generator_block.json' missing model for variant: 'moretinygates:generator_block#facing=down,gate_direction=west'
[28Feb2026 01:33:12.932] [Worker-Main-5/WARN] [net.minecraft.client.resources.model.BlockStateModelLoader/]: Exception loading blockstate definition: 'moretinygates:blockstates/generator_block.json' missing model for variant: 'moretinygates:generator_block#facing=west,gate_direction=east'
[28Feb2026 01:33:12.932] [Worker-Main-5/WARN] [net.minecraft.client.resources.model.BlockStateModelLoader/]: Exception loading blockstate definition: 'moretinygates:blockstates/generator_block.json' missing model for variant: 'moretinygates:generator_block#facing=north,gate_direction=east'
[28Feb2026 01:33:12.932] [Worker-Main-5/WARN] [net.minecraft.client.resources.model.BlockStateModelLoader/]: Exception loading blockstate definition: 'moretinygates:blockstates/generator_block.json' missing model for variant: 'moretinygates:generator_block#facing=up,gate_direction=south'
[28Feb2026 01:33:12.932] [Worker-Main-5/WARN] [net.minecraft.client.resources.model.BlockStateModelLoader/]: Exception loading blockstate definition: 'moretinygates:blockstates/generator_block.json' missing model for variant: 'moretinygates:generator_block#facing=east,gate_direction=down'
[28Feb2026 01:33:12.932] [Worker-Main-5/WARN] [net.minecraft.client.resources.model.BlockStateModelLoader/]: Exception loading blockstate definition: 'moretinygates:blockstates/generator_block.json' missing model for variant: 'moretinygates:generator_block#facing=up,gate_direction=down'
[28Feb2026 01:33:12.932] [Worker-Main-5/WARN] [net.minecraft.client.resources.model.BlockStateModelLoader/]: Exception loading blockstate definition: 'moretinygates:blockstates/generator_block.json' missing model for variant: 'moretinygates:generator_block#facing=west,gate_direction=north'
[28Feb2026 01:33:12.932] [Worker-Main-5/WARN] [net.minecraft.client.resources.model.BlockStateModelLoader/]: Exception loading blockstate definition: 'moretinygates:blockstates/generator_block.json' missing model for variant: 'moretinygates:generator_block#facing=south,gate_direction=down'
[28Feb2026 01:33:12.932] [Worker-Main-5/WARN] [net.minecraft.client.resources.model.BlockStateModelLoader/]: Exception loading blockstate definition: 'moretinygates:blockstates/generator_block.json' missing model for variant: 'moretinygates:generator_block#facing=up,gate_direction=north'
[28Feb2026 01:33:12.932] [Worker-Main-5/WARN] [net.minecraft.client.resources.model.BlockStateModelLoader/]: Exception loading blockstate definition: 'moretinygates:blockstates/generator_block.json' missing model for variant: 'moretinygates:generator_block#facing=up,gate_direction=up'
[28Feb2026 01:33:12.932] [Worker-Main-5/WARN] [net.minecraft.client.resources.model.BlockStateModelLoader/]: Exception loading blockstate definition: 'moretinygates:blockstates/generator_block.json' missing model for variant: 'moretinygates:generator_block#facing=north,gate_direction=south'
[28Feb2026 01:33:12.932] [Worker-Main-5/WARN] [net.minecraft.client.resources.model.BlockStateModelLoader/]: Exception loading blockstate definition: 'moretinygates:blockstates/generator_block.json' missing model for variant: 'moretinygates:generator_block#facing=north,gate_direction=up'
[28Feb2026 01:33:12.932] [Worker-Main-5/WARN] [net.minecraft.client.resources.model.BlockStateModelLoader/]: Exception loading blockstate definition: 'moretinygates:blockstates/generator_block.json' missing model for variant: 'moretinygates:generator_block#facing=north,gate_direction=down'
[28Feb2026 01:33:12.932] [Worker-Main-5/WARN] [net.minecraft.client.resources.model.BlockStateModelLoader/]: Exception loading blockstate definition: 'moretinygates:blockstates/generator_block.json' missing model for variant: 'moretinygates:generator_block#facing=south,gate_direction=up'
[28Feb2026 01:33:12.932] [Worker-Main-5/WARN] [net.minecraft.client.resources.model.BlockStateModelLoader/]: Exception loading blockstate definition: 'moretinygates:blockstates/generator_block.json' missing model for variant: 'moretinygates:generator_block#facing=down,gate_direction=south'
[28Feb2026 01:33:12.932] [Worker-Main-5/WARN] [net.minecraft.client.resources.model.BlockStateModelLoader/]: Exception loading blockstate definition: 'moretinygates:blockstates/generator_block.json' missing model for variant: 'moretinygates:generator_block#facing=down,gate_direction=north'
[28Feb2026 01:33:12.932] [Worker-Main-5/WARN] [net.minecraft.client.resources.model.BlockStateModelLoader/]: Exception loading blockstate definition: 'moretinygates:blockstates/generator_block.json' missing model for variant: 'moretinygates:generator_block#facing=down,gate_direction=east'
[28Feb2026 01:33:12.933] [Worker-Main-5/WARN] [net.minecraft.client.resources.model.BlockStateModelLoader/]: Exception loading blockstate definition: 'moretinygates:blockstates/generator_block.json' missing model for variant: 'moretinygates:generator_block#facing=west,gate_direction=down'
[28Feb2026 01:33:12.933] [Worker-Main-5/WARN] [net.minecraft.client.resources.model.BlockStateModelLoader/]: Exception loading blockstate definition: 'moretinygates:blockstates/generator_block.json' missing model for variant: 'moretinygates:generator_block#facing=north,gate_direction=west'
[28Feb2026 01:33:12.933] [Worker-Main-5/WARN] [net.minecraft.client.resources.model.BlockStateModelLoader/]: Exception loading blockstate definition: 'moretinygates:blockstates/generator_block.json' missing model for variant: 'moretinygates:generator_block#facing=west,gate_direction=west'
[28Feb2026 01:33:12.933] [Worker-Main-5/WARN] [net.minecraft.client.resources.model.BlockStateModelLoader/]: Exception loading blockstate definition: 'moretinygates:blockstates/generator_block.json' missing model for variant: 'moretinygates:generator_block#facing=west,gate_direction=up'
[28Feb2026 01:33:12.933] [Worker-Main-5/WARN] [net.minecraft.client.resources.model.BlockStateModelLoader/]: Exception loading blockstate definition: 'moretinygates:blockstates/generator_block.json' missing model for variant: 'moretinygates:generator_block#facing=east,gate_direction=north'
[28Feb2026 01:33:12.933] [Worker-Main-5/WARN] [net.minecraft.client.resources.model.BlockStateModelLoader/]: Exception loading blockstate definition: 'moretinygates:blockstates/generator_block.json' missing model for variant: 'moretinygates:generator_block#facing=east,gate_direction=up'
[28Feb2026 01:33:12.933] [Worker-Main-5/WARN] [net.minecraft.client.resources.model.BlockStateModelLoader/]: Exception loading blockstate definition: 'moretinygates:blockstates/generator_block.json' missing model for variant: 'moretinygates:generator_block#facing=south,gate_direction=north'
[28Feb2026 01:33:12.933] [Worker-Main-5/WARN] [net.minecraft.client.resources.model.BlockStateModelLoader/]: Exception loading blockstate definition: 'moretinygates:blockstates/generator_block.json' missing model for variant: 'moretinygates:generator_block#facing=south,gate_direction=south'
[28Feb2026 01:33:12.933] [Worker-Main-5/WARN] [net.minecraft.client.resources.model.BlockStateModelLoader/]: Exception loading blockstate definition: 'moretinygates:blockstates/generator_block.json' missing model for variant: 'moretinygates:generator_block#facing=west,gate_direction=south'
[28Feb2026 01:33:12.933] [Worker-Main-5/WARN] [net.minecraft.client.resources.model.BlockStateModelLoader/]: Exception loading blockstate definition: 'moretinygates:blockstates/generator_block.json' missing model for variant: 'moretinygates:generator_block#facing=east,gate_direction=west'
[28Feb2026 01:33:12.933] [Worker-Main-5/WARN] [net.minecraft.client.resources.model.BlockStateModelLoader/]: Exception loading blockstate definition: 'moretinygates:blockstates/generator_block.json' missing model for variant: 'moretinygates:generator_block#facing=south,gate_direction=west'
[28Feb2026 01:33:12.933] [Worker-Main-5/WARN] [net.minecraft.client.resources.model.BlockStateModelLoader/]: Exception loading blockstate definition: 'moretinygates:blockstates/generator_block.json' missing model for variant: 'moretinygates:generator_block#facing=up,gate_direction=west'
[28Feb2026 01:33:12.933] [Worker-Main-5/WARN] [net.minecraft.client.resources.model.BlockStateModelLoader/]: Exception loading blockstate definition: 'moretinygates:blockstates/generator_block.json' missing model for variant: 'moretinygates:generator_block#facing=up,gate_direction=east'
[28Feb2026 01:33:12.933] [Worker-Main-5/WARN] [net.minecraft.client.resources.model.BlockStateModelLoader/]: Exception loading blockstate definition: 'moretinygates:blockstates/generator_block.json' missing model for variant: 'moretinygates:generator_block#facing=down,gate_direction=up'
[28Feb2026 01:33:12.933] [Worker-Main-5/WARN] [net.minecraft.client.resources.model.BlockStateModelLoader/]: Exception loading blockstate definition: 'moretinygates:blockstates/generator_block.json' missing model for variant: 'moretinygates:generator_block#facing=east,gate_direction=east'
[28Feb2026 01:33:12.933] [Worker-Main-5/WARN] [net.minecraft.client.resources.model.BlockStateModelLoader/]: Exception loading blockstate definition: 'moretinygates:blockstates/generator_block.json' missing model for variant: 'moretinygates:generator_block#facing=north,gate_direction=north'
[28Feb2026 01:33:12.933] [Worker-Main-5/WARN] [net.minecraft.client.resources.model.BlockStateModelLoader/]: Exception loading blockstate definition: 'moretinygates:blockstates/generator_block.json' missing model for variant: 'moretinygates:generator_block#facing=east,gate_direction=south'
[28Feb2026 01:33:14.011] [Render thread/WARN] [net.minecraft.client.sounds.SoundEngine/]: Missing sound for event: minecraft:item.goat_horn.play
[28Feb2026 01:33:14.012] [Render thread/WARN] [net.minecraft.client.sounds.SoundEngine/]: Missing sound for event: minecraft:entity.goat.screaming.horn_break
[28Feb2026 01:33:14.149] [Render thread/INFO] [com.mojang.blaze3d.audio.Library/]: OpenAL initialized on device OpenAL Soft on Speakers (Realtek(R) Audio)
[28Feb2026 01:33:14.150] [Render thread/INFO] [net.minecraft.client.sounds.SoundEngine/SOUNDS]: Sound engine started
[28Feb2026 01:33:14.332] [Render thread/INFO] [net.minecraft.client.renderer.texture.TextureAtlas/]: Created: 1024x1024x4 minecraft:textures/atlas/blocks.png-atlas
[28Feb2026 01:33:14.354] [Render thread/INFO] [net.minecraft.client.renderer.texture.TextureAtlas/]: Created: 256x256x4 minecraft:textures/atlas/signs.png-atlas
[28Feb2026 01:33:14.355] [Render thread/INFO] [net.minecraft.client.renderer.texture.TextureAtlas/]: Created: 512x512x4 minecraft:textures/atlas/shield_patterns.png-atlas
[28Feb2026 01:33:14.357] [Render thread/INFO] [net.minecraft.client.renderer.texture.TextureAtlas/]: Created: 512x512x4 minecraft:textures/atlas/banner_patterns.png-atlas
[28Feb2026 01:33:14.359] [Render thread/INFO] [net.minecraft.client.renderer.texture.TextureAtlas/]: Created: 1024x1024x4 minecraft:textures/atlas/armor_trims.png-atlas
[28Feb2026 01:33:14.366] [Render thread/INFO] [net.minecraft.client.renderer.texture.TextureAtlas/]: Created: 256x256x4 minecraft:textures/atlas/chest.png-atlas
[28Feb2026 01:33:14.366] [Render thread/INFO] [net.minecraft.client.renderer.texture.TextureAtlas/]: Created: 128x64x4 minecraft:textures/atlas/decorated_pot.png-atlas
[28Feb2026 01:33:14.366] [Render thread/INFO] [net.minecraft.client.renderer.texture.TextureAtlas/]: Created: 512x256x4 minecraft:textures/atlas/beds.png-atlas
[28Feb2026 01:33:14.367] [Render thread/INFO] [net.minecraft.client.renderer.texture.TextureAtlas/]: Created: 512x256x4 minecraft:textures/atlas/shulker_boxes.png-atlas
[28Feb2026 01:33:14.587] [Render thread/INFO] [net.minecraft.client.renderer.texture.TextureAtlas/]: Created: 512x256x0 minecraft:textures/atlas/particles.png-atlas
[28Feb2026 01:33:14.590] [Render thread/INFO] [net.minecraft.client.renderer.texture.TextureAtlas/]: Created: 512x256x0 minecraft:textures/atlas/paintings.png-atlas
[28Feb2026 01:33:14.591] [Render thread/INFO] [net.minecraft.client.renderer.texture.TextureAtlas/]: Created: 256x128x0 minecraft:textures/atlas/mob_effects.png-atlas
[28Feb2026 01:33:14.591] [Render thread/INFO] [net.minecraft.client.renderer.texture.TextureAtlas/]: Created: 64x64x0 minecraft:textures/atlas/map_decorations.png-atlas
[28Feb2026 01:33:14.592] [Render thread/INFO] [net.minecraft.client.renderer.texture.TextureAtlas/]: Created: 1024x512x0 minecraft:textures/atlas/gui.png-atlas
[28Feb2026 01:33:14.632] [Render thread/WARN] [net.minecraft.client.renderer.ShaderInstance/]: Shader rendertype_entity_translucent_emissive could not find sampler named Sampler2 in the specified shader program.
[28Feb2026 01:33:14.703] [Render thread/INFO] [net.neoforged.neoforge.client.entity.animation.json.AnimationLoader/]: Loaded 0 entity animations
[28Feb2026 01:37:43.356] [Render thread/INFO] [net.minecraft.world.item.crafting.RecipeManager/]: Loaded 1336 recipes
[28Feb2026 01:37:43.585] [Render thread/INFO] [net.minecraft.advancements.AdvancementTree/]: Loaded 1399 advancements
[28Feb2026 01:37:43.587] [Render thread/INFO] [com.dannyandson.tinyredstone.TinyRedstone/]: Beginning loading of data for data loader: tiny_block_overrides
[28Feb2026 01:37:43.589] [Render thread/INFO] [com.dannyandson.tinyredstone.TinyRedstone/]: Data loader for tiny_block_overrides loaded 1 jsons
[28Feb2026 01:37:44.243] [Render thread/DEBUG] [net.neoforged.neoforge.common.CommonHooks/WP]: Gathered mod list to write to world save New World
[28Feb2026 01:37:44.298] [Server thread/INFO] [net.minecraft.client.server.IntegratedServer/]: Starting integrated minecraft server version 1.21.1
[28Feb2026 01:37:44.299] [Server thread/INFO] [net.minecraft.server.MinecraftServer/]: Generating keypair
[28Feb2026 01:37:44.399] [Server thread/DEBUG] [net.neoforged.fml.config.ConfigTracker/CONFIG]: Loading configs type SERVER
[28Feb2026 01:37:44.402] [Server thread/DEBUG] [net.neoforged.fml.config.ConfigTracker/CONFIG]: Loaded TOML config file D:\Projects\more-tiny-gates\runs\client\config\tinyredstone-server.toml
[28Feb2026 01:37:44.403] [Server thread/DEBUG] [net.neoforged.fml.config.ConfigTracker/CONFIG]: Watching TOML config file D:\Projects\more-tiny-gates\runs\client\config\tinyredstone-server.toml for changes
[28Feb2026 01:37:44.404] [Server thread/DEBUG] [net.neoforged.neoforge.common.NeoForgeConfig/FORGEMOD]: Loaded NeoForge config file neoforge-server.toml
[28Feb2026 01:37:44.404] [Server thread/DEBUG] [net.neoforged.fml.config.ConfigTracker/CONFIG]: Loaded TOML config file D:\Projects\more-tiny-gates\runs\client\config\neoforge-server.toml
[28Feb2026 01:37:44.405] [Server thread/DEBUG] [net.neoforged.fml.config.ConfigTracker/CONFIG]: Watching TOML config file D:\Projects\more-tiny-gates\runs\client\config\neoforge-server.toml for changes
[28Feb2026 01:37:44.658] [Server thread/INFO] [net.minecraft.server.MinecraftServer/]: Preparing start region for dimension minecraft:overworld
[28Feb2026 01:37:44.986] [progressListener/INFO] [net.minecraft.server.level.progress.LoggerChunkProgressListener/]: Preparing spawn area: 0%
[28Feb2026 01:37:45.081] [Server thread/INFO] [net.neoforged.neoforge.server.permission.PermissionAPI/]: Successfully initialized permission handler neoforge:default_handler
[28Feb2026 01:37:45.087] [progressListener/INFO] [net.minecraft.server.level.progress.LoggerChunkProgressListener/]: Time elapsed: 414 ms
[28Feb2026 01:37:45.239] [Server thread/INFO] [net.minecraft.client.server.IntegratedServer/]: Changing view distance to 12, from 10
[28Feb2026 01:37:45.240] [Server thread/INFO] [net.minecraft.client.server.IntegratedServer/]: Changing simulation distance to 12, from 0
[28Feb2026 01:37:45.268] [Render thread/DEBUG] [io.netty.channel.MultithreadEventLoopGroup/]: -Dio.netty.eventLoopThreads: 16
[28Feb2026 01:37:45.283] [Render thread/DEBUG] [io.netty.util.concurrent.GlobalEventExecutor/]: -Dio.netty.globalEventExecutor.quietPeriodSeconds: 1
[28Feb2026 01:37:45.303] [Render thread/DEBUG] [io.netty.channel.nio.NioEventLoop/]: -Dio.netty.noKeySetOptimization: false
[28Feb2026 01:37:45.303] [Render thread/DEBUG] [io.netty.channel.nio.NioEventLoop/]: -Dio.netty.selectorAutoRebuildThreshold: 512
[28Feb2026 01:37:45.313] [Render thread/DEBUG] [io.netty.util.internal.PlatformDependent/]: org.jctools-core.MpscChunkedArrayQueue: available
[28Feb2026 01:37:45.361] [Render thread/DEBUG] [io.netty.channel.DefaultChannelId/]: -Dio.netty.processId: 42732 (auto-detected)
[28Feb2026 01:37:45.364] [Render thread/DEBUG] [io.netty.util.NetUtil/]: -Djava.net.preferIPv4Stack: false
[28Feb2026 01:37:45.365] [Render thread/DEBUG] [io.netty.util.NetUtil/]: -Djava.net.preferIPv6Addresses: system
[28Feb2026 01:37:45.369] [Render thread/DEBUG] [io.netty.util.NetUtilInitializations/]: Loopback interface: loopback_0 (Software Loopback Interface 1, 0:0:0:0:0:0:0:1)
[28Feb2026 01:37:45.372] [Render thread/DEBUG] [io.netty.util.NetUtil/]: Failed to get SOMAXCONN from sysctl and file \proc\sys\net\core\somaxconn. Default: 200
[28Feb2026 01:37:45.374] [Render thread/DEBUG] [io.netty.channel.DefaultChannelId/]: -Dio.netty.machineId: 00:00:00:00:00:00:00:e0 (auto-detected)
[28Feb2026 01:37:45.459] [Render thread/DEBUG] [io.netty.util.Recycler/]: -Dio.netty.recycler.maxCapacityPerThread: 4096
[28Feb2026 01:37:45.459] [Render thread/DEBUG] [io.netty.util.Recycler/]: -Dio.netty.recycler.ratio: 8
[28Feb2026 01:37:45.459] [Render thread/DEBUG] [io.netty.util.Recycler/]: -Dio.netty.recycler.chunkSize: 32
[28Feb2026 01:37:45.459] [Render thread/DEBUG] [io.netty.util.Recycler/]: -Dio.netty.recycler.blocking: false
[28Feb2026 01:37:45.459] [Render thread/DEBUG] [io.netty.util.Recycler/]: -Dio.netty.recycler.batchFastThreadLocalOnly: true
[28Feb2026 01:37:45.585] [Netty Server IO #1/DEBUG] [net.neoforged.neoforge.network.filters.NetworkFilters/]: Injected net.neoforged.neoforge.network.filters.GenericPacketSplitter@41af186a into net.minecraft.network.Connection@6077d89d
[28Feb2026 01:37:45.593] [Netty Local Client IO #0/DEBUG] [net.neoforged.neoforge.network.filters.NetworkFilters/]: Injected net.neoforged.neoforge.network.filters.GenericPacketSplitter@6dda628b into net.minecraft.network.Connection@74ca57a2
[28Feb2026 01:37:45.918] [Netty Server IO #1/DEBUG] [net.neoforged.neoforge.network.filters.NetworkFilters/]: Injected net.neoforged.neoforge.network.filters.GenericPacketSplitter@4987187b into net.minecraft.network.Connection@6077d89d
[28Feb2026 01:37:46.005] [Server thread/INFO] [net.minecraft.server.players.PlayerList/]: Dev[local:E:4ce619b4] logged in with entity id 5 at (-2.9737460928293986, -60.0, 42.53025583584377)
[28Feb2026 01:37:46.157] [Server thread/INFO] [net.minecraft.server.MinecraftServer/]: Dev joined the game
[28Feb2026 01:37:46.425] [Render thread/INFO] [net.minecraft.advancements.AdvancementTree/]: Loaded 11 advancements
[28Feb2026 01:39:37.185] [Server thread/INFO] [net.minecraft.client.server.IntegratedServer/]: Saving and pausing game...
[28Feb2026 01:39:37.212] [Server thread/INFO] [net.minecraft.server.MinecraftServer/]: Saving chunks for level 'ServerLevel[New World]'/minecraft:overworld
[28Feb2026 01:39:37.231] [Server thread/INFO] [net.minecraft.server.MinecraftServer/]: Saving chunks for level 'ServerLevel[New World]'/minecraft:the_nether
[28Feb2026 01:39:37.231] [Server thread/INFO] [net.minecraft.server.MinecraftServer/]: Saving chunks for level 'ServerLevel[New World]'/minecraft:the_end
[28Feb2026 01:39:37.242] [Server thread/DEBUG] [net.neoforged.neoforge.common.CommonHooks/WP]: Gathered mod list to write to world save New World
[28Feb2026 01:39:37.941] [Server thread/INFO] [net.minecraft.server.network.ServerGamePacketListenerImpl/]: Dev lost connection: Disconnected
[28Feb2026 01:39:37.942] [Server thread/INFO] [net.minecraft.server.MinecraftServer/]: Dev left the game
[28Feb2026 01:39:37.952] [Server thread/INFO] [net.minecraft.server.network.ServerCommonPacketListenerImpl/]: Stopping singleplayer server as player logged out
[28Feb2026 01:39:38.004] [Server thread/INFO] [net.minecraft.server.MinecraftServer/]: Stopping server
[28Feb2026 01:39:38.005] [Server thread/INFO] [net.minecraft.server.MinecraftServer/]: Saving players
[28Feb2026 01:39:38.005] [Server thread/INFO] [net.minecraft.server.MinecraftServer/]: Saving worlds
[28Feb2026 01:39:38.097] [Server thread/INFO] [net.minecraft.server.MinecraftServer/]: Saving chunks for level 'ServerLevel[New World]'/minecraft:overworld
[28Feb2026 01:39:38.124] [Server thread/INFO] [net.minecraft.server.MinecraftServer/]: Saving chunks for level 'ServerLevel[New World]'/minecraft:the_nether
[28Feb2026 01:39:38.127] [Server thread/INFO] [net.minecraft.server.MinecraftServer/]: Saving chunks for level 'ServerLevel[New World]'/minecraft:the_end
[28Feb2026 01:39:38.132] [Server thread/DEBUG] [net.neoforged.neoforge.common.CommonHooks/WP]: Gathered mod list to write to world save New World
[28Feb2026 01:39:38.137] [Server thread/INFO] [net.minecraft.server.MinecraftServer/]: ThreadedAnvilChunkStorage (New World): All chunks are saved
[28Feb2026 01:39:38.137] [Server thread/INFO] [net.minecraft.server.MinecraftServer/]: ThreadedAnvilChunkStorage (DIM-1): All chunks are saved
[28Feb2026 01:39:38.137] [Server thread/INFO] [net.minecraft.server.MinecraftServer/]: ThreadedAnvilChunkStorage (DIM1): All chunks are saved
[28Feb2026 01:39:38.138] [Server thread/INFO] [net.minecraft.server.MinecraftServer/]: ThreadedAnvilChunkStorage: All dimensions are saved
[28Feb2026 01:39:38.144] [Server thread/DEBUG] [net.neoforged.fml.config.ConfigTracker/CONFIG]: Unloading configs type SERVER
[28Feb2026 01:39:39.194] [Render thread/INFO] [net.minecraft.client.Minecraft/]: Stopping!
