[28Feb2026 01:32:54.147] [main/INFO] [cpw.mods.modlauncher.Launcher/MODLAUNCHER]: ModLauncher running: args [--launchTarget, forgeclientdev, --version, 21.1.219, --assetIndex, asset-index, --assetsDir, C:\Users\amon\.gradle\caches\minecraft\assets, --gameDir, ., --fml.fmlVersion, 4.0.42, --fml.mcVersion, 1.21.1, --fml.neoForgeVersion, 21.1.219, --fml.neoFormVersion, 20240808.144430]
[28Feb2026 01:32:54.152] [main/INFO] [cpw.mods.modlauncher.Launcher/MODLAUNCHER]: JVM identified as Oracle Corporation Java HotSpot(TM) 64-Bit Server VM 21.0.6+8-LTS-188
[28Feb2026 01:32:54.154] [main/INFO] [cpw.mods.modlauncher.Launcher/MODLAUNCHER]: ModLauncher 11.0.5+main.901c6ea8 starting: java version 21.0.6 by Oracle Corporation; OS Windows 10 arch amd64 version 10.0
[28Feb2026 01:32:54.372] [main/INFO] [net.neoforged.fml.loading.ImmediateWindowHandler/]: Loading ImmediateWindowProvider fmlearlywindow
[28Feb2026 01:32:54.763] [main/INFO] [EARLYDISPLAY/]: Trying GL version 4.6
[28Feb2026 01:32:55.206] [main/INFO] [EARLYDISPLAY/]: Requested GL version 4.6 got version 4.6
[28Feb2026 01:32:55.470] [main/INFO] [mixin/]: SpongePowered MIXIN Subsystem Version=0.8.7 Source=union:/C:/Users/amon/.gradle/caches/modules-2/files-2.1/net.fabricmc/sponge-mixin/0.15.2+mixin.0.8.7/2af2f021d8e02a0220dc27a7a72b4666d66d44ca/sponge-mixin-0.15.2+mixin.0.8.7.jar%23142!/ Service=ModLauncher Env=CLIENT
[28Feb2026 01:32:55.851] [main/INFO] [net.neoforged.fml.loading.moddiscovery.ModDiscoverer/SCAN]: Found mod file "neoforge-21.1.219.jar" [locator: neoforge devenv provider ([D:\Projects\more-tiny-gates\.gradle\repositories\ng_dummy_ng\net\neoforged\neoforge\21.1.219\neoforge-21.1.219.jar])]
[28Feb2026 01:32:55.900] [main/INFO] [net.neoforged.fml.loading.moddiscovery.ModDiscoverer/SCAN]: Found mod file "neoforge-21.1.219.jar" [locator: neoforge devenv provider ([D:\Projects\more-tiny-gates\.gradle\repositories\ng_dummy_ng\net\neoforged\neoforge\21.1.219\neoforge-21.1.219.jar])]
[28Feb2026 01:32:55.919] [main/INFO] [net.neoforged.fml.loading.moddiscovery.ModDiscoverer/SCAN]: Found mod file "main" [locator: userdev mods and services, reader: mod manifest]
[28Feb2026 01:32:55.939] [main/INFO] [net.neoforged.fml.loading.moddiscovery.ModDiscoverer/SCAN]: Found mod file "neoforge-21.1.219.jar" [locator: userdev mods and services, reader: mod manifest]
[28Feb2026 01:32:55.947] [main/INFO] [net.neoforged.fml.loading.moddiscovery.ModDiscoverer/SCAN]: Found mod file "tinyredstone-453746-7680159.jar" [locator: userdev mods and services, reader: mod manifest]
[28Feb2026 01:32:55.954] [main/INFO] [net.neoforged.fml.loading.moddiscovery.ModDiscoverer/SCAN]: Found mod file "tinygates-522875-7664787.jar" [locator: userdev mods and services, reader: mod manifest]
[28Feb2026 01:32:56.103] [main/INFO] [net.neoforged.fml.loading.moddiscovery.ModDiscoverer/SCAN]: Found gamelibrary file "mixinextras-neoforge-0.5.0.jar" [locator: userdev mods and services, reader: mod manifest]
[28Feb2026 01:32:56.464] [main/WARN] [net.neoforged.jarjar.selection.JarSelector/]: Attempted to select a dependency jar for JarJar which was passed in as source: library:mixinextras.neoforge. Using Mod File: C:\Users\amon\.gradle\caches\modules-2\files-2.1\io.github.llamalad7\mixinextras-neoforge\0.5.0\d734b83ce6542bb70ea31755c1595b88992dbe65\mixinextras-neoforge-0.5.0.jar
[28Feb2026 01:32:56.464] [main/INFO] [net.neoforged.fml.loading.moddiscovery.locators.JarInJarDependencyLocator/]: Found 1 dependencies adding them to mods collection
[28Feb2026 01:32:56.465] [main/INFO] [net.neoforged.fml.loading.moddiscovery.ModDiscoverer/SCAN]: Found library file "net.neoforged.neoforge-coremods-21.1.219.jar" [parent: neoforge-21.1.219.jar, locator: jarinjar, reader: mod manifest]
[28Feb2026 01:32:56.467] [main/INFO] [net.neoforged.fml.loading.moddiscovery.ModDiscoverer/]: 
     Mod List:
		Name Version (Mod Id)

		Minecraft 1.21.1 (minecraft)
		More Tiny Gates 1.21.1-1.0.6 (moretinygates)
		NeoForge 21.1.219 (neoforge)
		Tiny Gates 1.21.1-5.0.0 (tinygates)
		Tiny Redstone 1.21.1-6.1.0 (tinyredstone)
[28Feb2026 01:32:56.676] [pool-2-thread-1/INFO] [EARLYDISPLAY/]: GL info: NVIDIA GeForce GTX 1660/PCIe/SSE2 GL version 4.6.0 NVIDIA 591.86, NVIDIA Corporation
[28Feb2026 01:32:57.834] [main/INFO] [cpw.mods.modlauncher.LaunchServiceHandler/MODLAUNCHER]: Launching target 'forgeclientdev' with arguments [--version, 21.1.219, --gameDir, ., --assetsDir, C:\Users\amon\.gradle\caches\minecraft\assets, --assetIndex, asset-index]
[28Feb2026 01:33:01.277] [Datafixer Bootstrap/INFO] [com.mojang.datafixers.DataFixerBuilder/]: 229 Datafixer optimizations took 1109 milliseconds
[28Feb2026 01:33:01.495] [pool-9-thread-1/INFO] [MixinExtras|Service/]: Initializing MixinExtras via com.llamalad7.mixinextras.service.MixinExtrasServiceImpl(version=0.5.0).
[28Feb2026 01:33:07.902] [main/WARN] [net.minecraft.commands.Commands/]: Ambiguity between arguments [teleport, location] and [teleport, destination] with inputs: [0.1 -0.5 .9, 0 0 0]
[28Feb2026 01:33:07.905] [main/WARN] [net.minecraft.commands.Commands/]: Ambiguity between arguments [teleport, location] and [teleport, targets] with inputs: [0.1 -0.5 .9, 0 0 0]
[28Feb2026 01:33:07.910] [main/WARN] [net.minecraft.commands.Commands/]: Ambiguity between arguments [teleport, destination] and [teleport, targets] with inputs: [Player, 0123, @e, dd12be42-52a9-4a91-a8a1-11c01849e498]
[28Feb2026 01:33:07.912] [main/WARN] [net.minecraft.commands.Commands/]: Ambiguity between arguments [teleport, targets] and [teleport, destination] with inputs: [Player, 0123, dd12be42-52a9-4a91-a8a1-11c01849e498]
[28Feb2026 01:33:07.913] [main/WARN] [net.minecraft.commands.Commands/]: Ambiguity between arguments [teleport, targets, location] and [teleport, targets, destination] with inputs: [0.1 -0.5 .9, 0 0 0]
[28Feb2026 01:33:08.073] [Render thread/WARN] [net.minecraft.server.packs.VanillaPackResourcesBuilder/]: Assets URL 'union:/D:/Projects/more-tiny-gates/.gradle/repositories/ng_dummy_ng/net/neoforged/neoforge/21.1.219/neoforge-21.1.219.jar%23195!/assets/.mcassetsroot' uses unexpected schema
[28Feb2026 01:33:08.073] [Render thread/WARN] [net.minecraft.server.packs.VanillaPackResourcesBuilder/]: Assets URL 'union:/D:/Projects/more-tiny-gates/.gradle/repositories/ng_dummy_ng/net/neoforged/neoforge/21.1.219/neoforge-21.1.219.jar%23195!/data/.mcassetsroot' uses unexpected schema
[28Feb2026 01:33:08.109] [Render thread/INFO] [com.mojang.authlib.yggdrasil.YggdrasilAuthenticationService/]: Environment: Environment[sessionHost=https://sessionserver.mojang.com, servicesHost=https://api.minecraftservices.com, name=PROD]
[28Feb2026 01:33:08.122] [Render thread/INFO] [net.minecraft.client.Minecraft/]: Setting user: Dev
[28Feb2026 01:33:08.360] [Render thread/INFO] [net.minecraft.client.Minecraft/]: Backend library: LWJGL version 3.3.3+5
[28Feb2026 01:33:08.711] [modloading-worker-0/INFO] [net.neoforged.neoforge.common.NeoForgeMod/NEOFORGE-MOD]: NeoForge mod loading, version 21.1.219, for MC 1.21.1
[28Feb2026 01:33:10.014] [Render thread/INFO] [net.neoforged.neoforge.gametest.GameTestHooks/]: Enabled Gametest Namespaces: []
[28Feb2026 01:33:10.255] [Render thread/INFO] [net.minecraft.server.packs.resources.ReloadableResourceManager/]: Reloading ResourceManager: vanilla, mod_resources, mod/tinyredstone, mod/tinygates, mod/moretinygates, mod/neoforge
[28Feb2026 01:33:10.709] [Worker-Main-1/INFO] [net.minecraft.client.gui.font.providers.UnihexProvider/]: Found unifont_all_no_pua-15.1.05.hex, loading
[28Feb2026 01:33:11.201] [Worker-Main-1/INFO] [net.minecraft.client.gui.font.providers.UnihexProvider/]: Found unifont_jp_patch-15.1.05.hex, loading
[28Feb2026 01:33:12.880] [Worker-Main-5/WARN] [net.minecraft.client.resources.model.BlockStateModelLoader/]: Exception loading blockstate definition: 'tinygates:blockstates/and_gate_block.json' missing model for variant: 'tinygates:and_gate_block#facing=south,gate_direction=up'
[28Feb2026 01:33:12.881] [Worker-Main-5/WARN] [net.minecraft.client.resources.model.BlockStateModelLoader/]: Exception loading blockstate definition: 'tinygates:blockstates/and_gate_block.json' missing model for variant: 'tinygates:and_gate_block#facing=down,gate_direction=south'
[28Feb2026 01:33:12.881] [Worker-Main-5/WARN] [net.minecraft.client.resources.model.BlockStateModelLoader/]: Exception loading blockstate definition: 'tinygates:blockstates/and_gate_block.json' missing model for variant: 'tinygates:and_gate_block#facing=south,gate_direction=down'
[28Feb2026 01:33:12.881] [Worker-Main-5/WARN] [net.minecraft.client.resources.model.BlockStateModelLoader/]: Exception loading blockstate definition: 'tinygates:blockstates/and_gate_block.json' missing model for variant: 'tinygates:and_gate_block#facing=down,gate_direction=north'
[28Feb2026 01:33:12.881] [Worker-Main-5/WARN] [net.minecraft.client.resources.model.BlockStateModelLoader/]: Exception loading blockstate definition: 'tinygates:blockstates/and_gate_block.json' missing model for variant: 'tinygates:and_gate_block#facing=north,gate_direction=down'
[28Feb2026 01:33:12.881] [Worker-Main-5/WARN] [net.minecraft.client.resources.model.BlockStateModelLoader/]: Exception loading blockstate definition: 'tinygates:blockstates/and_gate_block.json' missing model for variant: 'tinygates:and_gate_block#facing=west,gate_direction=west'
[28Feb2026 01:33:12.881] [Worker-Main-5/WARN] [net.minecraft.client.resources.model.BlockStateModelLoader/]: Exception loading blockstate definition: 'tinygates:blockstates/and_gate_block.json' missing model for variant: 'tinygates:and_gate_block#facing=north,gate_direction=up'
[28Feb2026 01:33:12.881] [Worker-Main-5/WARN] [net.minecraft.client.resources.model.BlockStateModelLoader/]: Exception loading blockstate definition: 'tinygates:blockstates/and_gate_block.json' missing model for variant: 'tinygates:and_gate_block#facing=north,gate_direction=west'
[28Feb2026 01:33:12.881] [Worker-Main-5/WARN] [net.minecraft.client.resources.model.BlockStateModelLoader/]: Exception loading blockstate definition: 'tinygates:blockstates/and_gate_block.json' missing model for variant: 'tinygates:and_gate_block#facing=west,gate_direction=down'
[28Feb2026 01:33:12.881] [Worker-Main-5/WARN] [net.minecraft.client.resources.model.BlockStateModelLoader/]: Exception loading blockstate definition: 'tinygates:blockstates/and_gate_block.json' missing model for variant: 'tinygates:and_gate_block#facing=south,gate_direction=west'
[28Feb2026 01:33:12.881] [Worker-Main-5/WARN] [net.minecraft.client.resources.model.BlockStateModelLoader/]: Exception loading blockstate definition: 'tinygates:blockstates/and_gate_block.json' missing model for variant: 'tinygates:and_gate_block#facing=east,gate_direction=east'
[28Feb2026 01:33:12.882] [Worker-Main-5/WARN] [net.minecraft.client.resources.model.BlockStateModelLoader/]: Exception loading blockstate definition: 'tinygates:blockstates/and_gate_block.json' missing model for variant: 'tinygates:and_gate_block#facing=up,gate_direction=east'
[28Feb2026 01:33:12.882] [Worker-Main-5/WARN] [net.minecraft.client.resources.model.BlockStateModelLoader/]: Exception loading blockstate definition: 'tinygates:blockstates/and_gate_block.json' missing model for variant: 'tinygates:and_gate_block#facing=north,gate_direction=north'
[28Feb2026 01:33:12.882] [Worker-Main-5/WARN] [net.minecraft.client.resources.model.BlockStateModelLoader/]: Exception loading blockstate definition: 'tinygates:blockstates/and_gate_block.json' missing model for variant: 'tinygates:and_gate_block#facing=up,gate_direction=up'
[28Feb2026 01:33:12.882] [Worker-Main-5/WARN] [net.minecraft.client.resources.model.BlockStateModelLoader/]: Exception loading blockstate definition: 'tinygates:blockstates/and_gate_block.json' missing model for variant: 'tinygates:and_gate_block#facing=east,gate_direction=south'
[28Feb2026 01:33:12.882] [Worker-Main-5/WARN] [net.minecraft.client.resources.model.BlockStateModelLoader/]: Exception loading blockstate definition: 'tinygates:blockstates/and_gate_block.json' missing model for variant: 'tinygates:and_gate_block#facing=south,gate_direction=south'
[28Feb2026 01:33:12.882] [Worker-Main-5/WARN] [net.minecraft.client.resources.model.BlockStateModelLoader/]: Exception loading blockstate definition: 'tinygates:blockstates/and_gate_block.json' missing model for variant: 'tinygates:and_gate_block#facing=down,gate_direction=east'
[28Feb2026 01:33:12.882] [Worker-Main-5/WARN] [net.minecraft.client.resources.model.BlockStateModelLoader/]: Exception loading blockstate definition: 'tinygates:blockstates/and_gate_block.json' missing model for variant: 'tinygates:and_gate_block#facing=west,gate_direction=east'
[28Feb2026 01:33:12.882] [Worker-Main-5/WARN] [net.minecraft.client.resources.model.BlockStateModelLoader/]: Exception loading blockstate definition: 'tinygates:blockstates/and_gate_block.json' missing model for variant: 'tinygates:and_gate_block#facing=north,gate_direction=south'
[28Feb2026 01:33:12.883] [Worker-Main-5/WARN] [net.minecraft.client.resources.model.BlockStateModelLoader/]: Exception loading blockstate definition: 'tinygates:blockstates/and_gate_block.json' missing model for variant: 'tinygates:and_gate_block#facing=down,gate_direction=west'
[28Feb2026 01:33:12.883] [Worker-Main-5/WARN] [net.minecraft.client.resources.model.BlockStateModelLoader/]: Exception loading blockstate definition: 'tinygates:blockstates/and_gate_block.json' missing model for variant: 'tinygates:and_gate_block#facing=up,gate_direction=down'
[28Feb2026 01:33:12.883] [Worker-Main-5/WARN] [net.minecraft.client.resources.model.BlockStateModelLoader/]: Exception loading blockstate definition: 'tinygates:blockstates/and_gate_block.json' missing model for variant: 'tinygates:and_gate_block#facing=down,gate_direction=down'
[28Feb2026 01:33:12.883] [Worker-Main-5/WARN] [net.minecraft.client.resources.model.BlockStateModelLoader/]: Exception loading blockstate definition: 'tinygates:blockstates/and_gate_block.json' missing model for variant: 'tinygates:and_gate_block#facing=east,gate_direction=down'
[28Feb2026 01:33:12.883] [Worker-Main-5/WARN] [net.minecraft.client.resources.model.BlockStateModelLoader/]: Exception loading blockstate definition: 'tinygates:blockstates/and_gate_block.json' missing model for variant: 'tinygates:and_gate_block#facing=south,gate_direction=east'
[28Feb2026 01:33:12.883] [Worker-Main-5/WARN] [net.minecraft.client.resources.model.BlockStateModelLoader/]: Exception loading blockstate definition: 'tinygates:blockstates/and_gate_block.json' missing model for variant: 'tinygates:and_gate_block#facing=up,gate_direction=north'
[28Feb2026 01:33:12.883] [Worker-Main-5/WARN] [net.minecraft.client.resources.model.BlockStateModelLoader/]: Exception loading blockstate definition: 'tinygates:blockstates/and_gate_block.json' missing model for variant: 'tinygates:and_gate_block#facing=south,gate_direction=north'
[28Feb2026 01:33:12.883] [Worker-Main-5/WARN] [net.minecraft.client.resources.model.BlockStateModelLoader/]: Exception loading blockstate definition: 'tinygates:blockstates/and_gate_block.json' missing model for variant: 'tinygates:and_gate_block#facing=west,gate_direction=north'
[28Feb2026 01:33:12.883] [Worker-Main-5/WARN] [net.minecraft.client.resources.model.BlockStateModelLoader/]: Exception loading blockstate definition: 'tinygates:blockstates/and_gate_block.json' missing model for variant: 'tinygates:and_gate_block#facing=east,gate_direction=up'
[28Feb2026 01:33:12.883] [Worker-Main-5/WARN] [net.minecraft.client.resources.model.BlockStateModelLoader/]: Exception loading blockstate definition: 'tinygates:blockstates/and_gate_block.json' missing model for variant: 'tinygates:and_gate_block#facing=up,gate_direction=west'
[28Feb2026 01:33:12.883] [Worker-Main-5/WARN] [net.minecraft.client.resources.model.BlockStateModelLoader/]: Exception loading blockstate definition: 'tinygates:blockstates/and_gate_block.json' missing model for variant: 'tinygates:and_gate_block#facing=east,gate_direction=west'
[28Feb2026 01:33:12.884] [Worker-Main-5/WARN] [net.minecraft.client.resources.model.BlockStateModelLoader/]: Exception loading blockstate definition: 'tinygates:blockstates/and_gate_block.json' missing model for variant: 'tinygates:and_gate_block#facing=west,gate_direction=south'
[28Feb2026 01:33:12.884] [Worker-Main-5/WARN] [net.minecraft.client.resources.model.BlockStateModelLoader/]: Exception loading blockstate definition: 'tinygates:blockstates/and_gate_block.json' missing model for variant: 'tinygates:and_gate_block#facing=down,gate_direction=up'
[28Feb2026 01:33:12.884] [Worker-Main-5/WARN] [net.minecraft.client.resources.model.BlockStateModelLoader/]: Exception loading blockstate definition: 'tinygates:blockstates/and_gate_block.json' missing model for variant: 'tinygates:and_gate_block#facing=north,gate_direction=east'
[28Feb2026 01:33:12.884] [Worker-Main-5/WARN] [net.minecraft.client.resources.model.BlockStateModelLoader/]: Exception loading blockstate definition: 'tinygates:blockstates/and_gate_block.json' missing model for variant: 'tinygates:and_gate_block#facing=up,gate_direction=south'
[28Feb2026 01:33:12.884] [Worker-Main-5/WARN] [net.minecraft.client.resources.model.BlockStateModelLoader/]: Exception loading blockstate definition: 'tinygates:blockstates/and_gate_block.json' missing model for variant: 'tinygates:and_gate_block#facing=east,gate_direction=north'
[28Feb2026 01:33:12.884] [Worker-Main-5/WARN] [net.minecraft.client.resources.model.BlockStateModelLoader/]: Exception loading blockstate definition: 'tinygates:blockstates/and_gate_block.json' missing model for variant: 'tinygates:and_gate_block#facing=west,gate_direction=up'
[28Feb2026 01:33:12.884] [Worker-Main-5/WARN] [net.minecraft.client.resources.model.BlockStateModelLoader/]: Exception loading blockstate definition: 'tinygates:blockstates/clock_block.json' missing model for variant: 'tinygates:clock_block#facing=south,gate_direction=east'
[28Feb2026 01:33:12.884] [Worker-Main-5/WARN] [net.minecraft.client.resources.model.BlockStateModelLoader/]: Exception loading blockstate definition: 'tinygates:blockstates/clock_block.json' missing model for variant: 'tinygates:clock_block#facing=down,gate_direction=down'
[28Feb2026 01:33:12.884] [Worker-Main-5/WARN] [net.minecraft.client.resources.model.BlockStateModelLoader/]: Exception loading blockstate definition: 'tinygates:blockstates/clock_block.json' missing model for variant: 'tinygates:clock_block#facing=north,gate_direction=east'
[28Feb2026 01:33:12.884] [Worker-Main-5/WARN] [net.minecraft.client.resources.model.BlockStateModelLoader/]: Exception loading blockstate definition: 'tinygates:blockstates/clock_block.json' missing model for variant: 'tinygates:clock_block#facing=west,gate_direction=east'
[28Feb2026 01:33:12.885] [Worker-Main-5/WARN] [net.minecraft.client.resources.model.BlockStateModelLoader/]: Exception loading blockstate definition: 'tinygates:blockstates/clock_block.json' missing model for variant: 'tinygates:clock_block#facing=down,gate_direction=west'
[28Feb2026 01:33:12.885] [Worker-Main-5/WARN] [net.minecraft.client.resources.model.BlockStateModelLoader/]: Exception loading blockstate definition: 'tinygates:blockstates/clock_block.json' missing model for variant: 'tinygates:clock_block#facing=down,gate_direction=up'
[28Feb2026 01:33:12.885] [Worker-Main-5/WARN] [net.minecraft.client.resources.model.BlockStateModelLoader/]: Exception loading blockstate definition: 'tinygates:blockstates/clock_block.json' missing model for variant: 'tinygates:clock_block#facing=up,gate_direction=north'
[28Feb2026 01:33:12.885] [Worker-Main-5/WARN] [net.minecraft.client.resources.model.BlockStateModelLoader/]: Exception loading blockstate definition: 'tinygates:blockstates/clock_block.json' missing model for variant: 'tinygates:clock_block#facing=east,gate_direction=south'
[28Feb2026 01:33:12.885] [Worker-Main-5/WARN] [net.minecraft.client.resources.model.BlockStateModelLoader/]: Exception loading blockstate definition: 'tinygates:blockstates/clock_block.json' missing model for variant: 'tinygates:clock_block#facing=up,gate_direction=down'
[28Feb2026 01:33:12.885] [Worker-Main-5/WARN] [net.minecraft.client.resources.model.BlockStateModelLoader/]: Exception loading blockstate definition: 'tinygates:blockstates/clock_block.json' missing model for variant: 'tinygates:clock_block#facing=east,gate_direction=north'
[28Feb2026 01:33:12.885] [Worker-Main-5/WARN] [net.minecraft.client.resources.model.BlockStateModelLoader/]: Exception loading blockstate definition: 'tinygates:blockstates/clock_block.json' missing model for variant: 'tinygates:clock_block#facing=up,gate_direction=west'
[28Feb2026 01:33:12.885] [Worker-Main-5/WARN] [net.minecraft.client.resources.model.BlockStateModelLoader/]: Exception loading blockstate definition: 'tinygates:blockstates/clock_block.json' missing model for variant: 'tinygates:clock_block#facing=east,gate_direction=up'
[28Feb2026 01:33:12.885] [Worker-Main-5/WARN] [net.minecraft.client.resources.model.BlockStateModelLoader/]: Exception loading blockstate definition: 'tinygates:blockstates/clock_block.json' missing model for variant: 'tinygates:clock_block#facing=east,gate_direction=down'
[28Feb2026 01:33:12.885] [Worker-Main-5/WARN] [net.minecraft.client.resources.model.BlockStateModelLoader/]: Exception loading blockstate definition: 'tinygates:blockstates/clock_block.json' missing model for variant: 'tinygates:clock_block#facing=up,gate_direction=south'
[28Feb2026 01:33:12.885] [Worker-Main-5/WARN] [net.minecraft.client.resources.model.BlockStateModelLoader/]: Exception loading blockstate definition: 'tinygates:blockstates/clock_block.json' missing model for variant: 'tinygates:clock_block#facing=north,gate_direction=west'
[28Feb2026 01:33:12.885] [Worker-Main-5/WARN] [net.minecraft.client.resources.model.BlockStateModelLoader/]: Exception loading blockstate definition: 'tinygates:blockstates/clock_block.json' missing model for variant: 'tinygates:clock_block#facing=west,gate_direction=up'
[28Feb2026 01:33:12.885] [Worker-Main-5/WARN] [net.minecraft.client.resources.model.BlockStateModelLoader/]: Exception loading blockstate definition: 'tinygates:blockstates/clock_block.json' missing model for variant: 'tinygates:clock_block#facing=west,gate_direction=north'
[28Feb2026 01:33:12.886] [Worker-Main-5/WARN] [net.minecraft.client.resources.model.BlockStateModelLoader/]: Exception loading blockstate definition: 'tinygates:blockstates/clock_block.json' missing model for variant: 'tinygates:clock_block#facing=north,gate_direction=up'
[28Feb2026 01:33:12.886] [Worker-Main-5/WARN] [net.minecraft.client.resources.model.BlockStateModelLoader/]: Exception loading blockstate definition: 'tinygates:blockstates/clock_block.json' missing model for variant: 'tinygates:clock_block#facing=north,gate_direction=north'
[28Feb2026 01:33:12.886] [Worker-Main-5/WARN] [net.minecraft.client.resources.model.BlockStateModelLoader/]: Exception loading blockstate definition: 'tinygates:blockstates/clock_block.json' missing model for variant: 'tinygates:clock_block#facing=up,gate_direction=up'
[28Feb2026 01:33:12.886] [Worker-Main-5/WARN] [net.minecraft.client.resources.model.BlockStateModelLoader/]: Exception loading blockstate definition: 'tinygates:blockstates/clock_block.json' missing model for variant: 'tinygates:clock_block#facing=west,gate_direction=down'
[28Feb2026 01:33:12.886] [Worker-Main-5/WARN] [net.minecraft.client.resources.model.BlockStateModelLoader/]: Exception loading blockstate definition: 'tinygates:blockstates/clock_block.json' missing model for variant: 'tinygates:clock_block#facing=north,gate_direction=down'
[28Feb2026 01:33:12.886] [Worker-Main-5/WARN] [net.minecraft.client.resources.model.BlockStateModelLoader/]: Exception loading blockstate definition: 'tinygates:blockstates/clock_block.json' missing model for variant: 'tinygates:clock_block#facing=down,gate_direction=north'
[28Feb2026 01:33:12.886] [Worker-Main-5/WARN] [net.minecraft.client.resources.model.BlockStateModelLoader/]: Exception loading blockstate definition: 'tinygates:blockstates/clock_block.json' missing model for variant: 'tinygates:clock_block#facing=south,gate_direction=up'
[28Feb2026 01:33:12.886] [Worker-Main-5/WARN] [net.minecraft.client.resources.model.BlockStateModelLoader/]: Exception loading blockstate definition: 'tinygates:blockstates/clock_block.json' missing model for variant: 'tinygates:clock_block#facing=south,gate_direction=down'
[28Feb2026 01:33:12.886] [Worker-Main-5/WARN] [net.minecraft.client.resources.model.BlockStateModelLoader/]: Exception loading blockstate definition: 'tinygates:blockstates/clock_block.json' missing model for variant: 'tinygates:clock_block#facing=down,gate_direction=south'
[28Feb2026 01:33:12.886] [Worker-Main-5/WARN] [net.minecraft.client.resources.model.BlockStateModelLoader/]: Exception loading blockstate definition: 'tinygates:blockstates/clock_block.json' missing model for variant: 'tinygates:clock_block#facing=west,gate_direction=south'
[28Feb2026 01:33:12.886] [Worker-Main-5/WARN] [net.minecraft.client.resources.model.BlockStateModelLoader/]: Exception loading blockstate definition: 'tinygates:blockstates/clock_block.json' missing model for variant: 'tinygates:clock_block#facing=east,gate_direction=west'
[28Feb2026 01:33:12.887] [Worker-Main-5/WARN] [net.minecraft.client.resources.model.BlockStateModelLoader/]: Exception loading blockstate definition: 'tinygates:blockstates/clock_block.json' missing model for variant: 'tinygates:clock_block#facing=south,gate_direction=west'
[28Feb2026 01:33:12.887] [Worker-Main-5/WARN] [net.minecraft.client.resources.model.BlockStateModelLoader/]: Exception loading blockstate definition: 'tinygates:blockstates/clock_block.json' missing model for variant: 'tinygates:clock_block#facing=down,gate_direction=east'
[28Feb2026 01:33:12.887] [Worker-Main-5/WARN] [net.minecraft.client.resources.model.BlockStateModelLoader/]: Exception loading blockstate definition: 'tinygates:blockstates/clock_block.json' missing model for variant: 'tinygates:clock_block#facing=east,gate_direction=east'
[28Feb2026 01:33:12.887] [Worker-Main-5/WARN] [net.minecraft.client.resources.model.BlockStateModelLoader/]: Exception loading blockstate definition: 'tinygates:blockstates/clock_block.json' missing model for variant: 'tinygates:clock_block#facing=south,gate_direction=north'
[28Feb2026 01:33:12.887] [Worker-Main-5/WARN] [net.minecraft.client.resources.model.BlockStateModelLoader/]: Exception loading blockstate definition: 'tinygates:blockstates/clock_block.json' missing model for variant: 'tinygates:clock_block#facing=up,gate_direction=east'
[28Feb2026 01:33:12.887] [Worker-Main-5/WARN] [net.minecraft.client.resources.model.BlockStateModelLoader/]: Exception loading blockstate definition: 'tinygates:blockstates/clock_block.json' missing model for variant: 'tinygates:clock_block#facing=south,gate_direction=south'
[28Feb2026 01:33:12.888] [Worker-Main-5/WARN] [net.minecraft.client.resources.model.BlockStateModelLoader/]: Exception loading blockstate definition: 'tinygates:blockstates/clock_block.json' missing model for variant: 'tinygates:clock_block#facing=north,gate_direction=south'
[28Feb2026 01:33:12.888] [Worker-Main-5/WARN] [net.minecraft.client.resources.model.BlockStateModelLoader/]: Exception loading blockstate definition: 'tinygates:blockstates/clock_block.json' missing model for variant: 'tinygates:clock_block#facing=west,gate_direction=west'
[28Feb2026 01:33:12.888] [Worker-Main-5/WARN] [net.minecraft.client.resources.model.BlockStateModelLoader/]: Exception loading blockstate definition: 'tinygates:blockstates/counter_block.json' missing model for variant: 'tinygates:counter_block#facing=up,gate_direction=east'
[28Feb2026 01:33:12.888] [Worker-Main-5/WARN] [net.minecraft.client.resources.model.BlockStateModelLoader/]: Exception loading blockstate definition: 'tinygates:blockstates/counter_block.json' missing model for variant: 'tinygates:counter_block#facing=south,gate_direction=west'
[28Feb2026 01:33:12.888] [Worker-Main-5/WARN] [net.minecraft.client.resources.model.BlockStateModelLoader/]: Exception loading blockstate definition: 'tinygates:blockstates/counter_block.json' missing model for variant: 'tinygates:counter_block#facing=north,gate_direction=west'
[28Feb2026 01:33:12.888] [Worker-Main-5/WARN] [net.minecraft.client.resources.model.BlockStateModelLoader/]: Exception loading blockstate definition: 'tinygates:blockstates/counter_block.json' missing model for variant: 'tinygates:counter_block#facing=south,gate_direction=down'
[28Feb2026 01:33:12.888] [Worker-Main-5/WARN] [net.minecraft.client.resources.model.BlockStateModelLoader/]: Exception loading blockstate definition: 'tinygates:blockstates/counter_block.json' missing model for variant: 'tinygates:counter_block#facing=down,gate_direction=south'
[28Feb2026 01:33:12.888] [Worker-Main-5/WARN] [net.minecraft.client.resources.model.BlockStateModelLoader/]: Exception loading blockstate definition: 'tinygates:blockstates/counter_block.json' missing model for variant: 'tinygates:counter_block#facing=north,gate_direction=down'
[28Feb2026 01:33:12.888] [Worker-Main-5/WARN] [net.minecraft.client.resources.model.BlockStateModelLoader/]: Exception loading blockstate definition: 'tinygates:blockstates/counter_block.json' missing model for variant: 'tinygates:counter_block#facing=south,gate_direction=up'
[28Feb2026 01:33:12.888] [Worker-Main-5/WARN] [net.minecraft.client.resources.model.BlockStateModelLoader/]: Exception loading blockstate definition: 'tinygates:blockstates/counter_block.json' missing model for variant: 'tinygates:counter_block#facing=down,gate_direction=north'
[28Feb2026 01:33:12.888] [Worker-Main-5/WARN] [net.minecraft.client.resources.model.BlockStateModelLoader/]: Exception loading blockstate definition: 'tinygates:blockstates/counter_block.json' missing model for variant: 'tinygates:counter_block#facing=north,gate_direction=south'
[28Feb2026 01:33:12.888] [Worker-Main-5/WARN] [net.minecraft.client.resources.model.BlockStateModelLoader/]: Exception loading blockstate definition: 'tinygates:blockstates/counter_block.json' missing model for variant: 'tinygates:counter_block#facing=east,gate_direction=north'
[28Feb2026 01:33:12.888] [Worker-Main-5/WARN] [net.minecraft.client.resources.model.BlockStateModelLoader/]: Exception loading blockstate definition: 'tinygates:blockstates/counter_block.json' missing model for variant: 'tinygates:counter_block#facing=north,gate_direction=up'
[28Feb2026 01:33:12.890] [Worker-Main-5/WARN] [net.minecraft.client.resources.model.BlockStateModelLoader/]: Exception loading blockstate definition: 'tinygates:blockstates/counter_block.json' missing model for variant: 'tinygates:counter_block#facing=east,gate_direction=up'
[28Feb2026 01:33:12.891] [Worker-Main-5/WARN] [net.minecraft.client.resources.model.BlockStateModelLoader/]: Exception loading blockstate definition: 'tinygates:blockstates/counter_block.json' missing model for variant: 'tinygates:counter_block#facing=west,gate_direction=west'
[28Feb2026 01:33:12.891] [Worker-Main-5/WARN] [net.minecraft.client.resources.model.BlockStateModelLoader/]: Exception loading blockstate definition: 'tinygates:blockstates/counter_block.json' missing model for variant: 'tinygates:counter_block#facing=down,gate_direction=east'
[28Feb2026 01:33:12.891] [Worker-Main-5/WARN] [net.minecraft.client.resources.model.BlockStateModelLoader/]: Exception loading blockstate definition: 'tinygates:blockstates/counter_block.json' missing model for variant: 'tinygates:counter_block#facing=west,gate_direction=east'
[28Feb2026 01:33:12.891] [Worker-Main-5/WARN] [net.minecraft.client.resources.model.BlockStateModelLoader/]: Exception loading blockstate definition: 'tinygates:blockstates/counter_block.json' missing model for variant: 'tinygates:counter_block#facing=east,gate_direction=down'
[28Feb2026 01:33:12.891] [Worker-Main-5/WARN] [net.minecraft.client.resources.model.BlockStateModelLoader/]: Exception loading blockstate definition: 'tinygates:blockstates/counter_block.json' missing model for variant: 'tinygates:counter_block#facing=up,gate_direction=down'
[28Feb2026 01:33:12.891] [Worker-Main-5/WARN] [net.minecraft.client.resources.model.BlockStateModelLoader/]: Exception loading blockstate definition: 'tinygates:blockstates/counter_block.json' missing model for variant: 'tinygates:counter_block#facing=up,gate_direction=north'
[28Feb2026 01:33:12.891] [Worker-Main-5/WARN] [net.minecraft.client.resources.model.BlockStateModelLoader/]: Exception loading blockstate definition: 'tinygates:blockstates/counter_block.json' missing model for variant: 'tinygates:counter_block#facing=down,gate_direction=west'
[28Feb2026 01:33:12.891] [Worker-Main-5/WARN] [net.minecraft.client.resources.model.BlockStateModelLoader/]: Exception loading blockstate definition: 'tinygates:blockstates/counter_block.json' missing model for variant: 'tinygates:counter_block#facing=west,gate_direction=north'
[28Feb2026 01:33:12.891] [Worker-Main-5/WARN] [net.minecraft.client.resources.model.BlockStateModelLoader/]: Exception loading blockstate definition: 'tinygates:blockstates/counter_block.json' missing model for variant: 'tinygates:counter_block#facing=north,gate_direction=east'
[28Feb2026 01:33:12.892] [Worker-Main-5/WARN] [net.minecraft.client.resources.model.BlockStateModelLoader/]: Exception loading blockstate definition: 'tinygates:blockstates/counter_block.json' missing model for variant: 'tinygates:counter_block#facing=up,gate_direction=south'
[28Feb2026 01:33:12.892] [Worker-Main-5/WARN] [net.minecraft.client.resources.model.BlockStateModelLoader/]: Exception loading blockstate definition: 'tinygates:blockstates/counter_block.json' missing model for variant: 'tinygates:counter_block#facing=west,gate_direction=up'
[28Feb2026 01:33:12.892] [Worker-Main-5/WARN] [net.minecraft.client.resources.model.BlockStateModelLoader/]: Exception loading blockstate definition: 'tinygates:blockstates/counter_block.json' missing model for variant: 'tinygates:counter_block#facing=down,gate_direction=up'
[28Feb2026 01:33:12.892] [Worker-Main-5/WARN] [net.minecraft.client.resources.model.BlockStateModelLoader/]: Exception loading blockstate definition: 'tinygates:blockstates/counter_block.json' missing model for variant: 'tinygates:counter_block#facing=south,gate_direction=south'
[28Feb2026 01:33:12.892] [Worker-Main-5/WARN] [net.minecraft.client.resources.model.BlockStateModelLoader/]: Exception loading blockstate definition: 'tinygates:blockstates/counter_block.json' missing model for variant: 'tinygates:counter_block#facing=west,gate_direction=south'
[28Feb2026 01:33:12.892] [Worker-Main-5/WARN] [net.minecraft.client.resources.model.BlockStateModelLoader/]: Exception loading blockstate definition: 'tinygates:blockstates/counter_block.json' missing model for variant: 'tinygates:counter_block#facing=east,gate_direction=west'
[28Feb2026 01:33:12.892] [Worker-Main-5/WARN] [net.minecraft.client.resources.model.BlockStateModelLoader/]: Exception loading blockstate definition: 'tinygates:blockstates/counter_block.json' missing model for variant: 'tinygates:counter_block#facing=west,gate_direction=down'
[28Feb2026 01:33:12.892] [Worker-Main-5/WARN] [net.minecraft.client.resources.model.BlockStateModelLoader/]: Exception loading blockstate definition: 'tinygates:blockstates/counter_block.json' missing model for variant: 'tinygates:counter_block#facing=up,gate_direction=west'
[28Feb2026 01:33:12.892] [Worker-Main-5/WARN] [net.minecraft.client.resources.model.BlockStateModelLoader/]: Exception loading blockstate definition: 'tinygates:blockstates/counter_block.json' missing model for variant: 'tinygates:counter_block#facing=south,gate_direction=north'
[28Feb2026 01:33:12.892] [Worker-Main-5/WARN] [net.minecraft.client.resources.model.BlockStateModelLoader/]: Exception loading blockstate definition: 'tinygates:blockstates/counter_block.json' missing model for variant: 'tinygates:counter_block#facing=up,gate_direction=up'
[28Feb2026 01:33:12.892] [Worker-Main-5/WARN] [net.minecraft.client.resources.model.BlockStateModelLoader/]: Exception loading blockstate definition: 'tinygates:blockstates/counter_block.json' missing model for variant: 'tinygates:counter_block#facing=north,gate_direction=north'
[28Feb2026 01:33:12.892] [Worker-Main-5/WARN] [net.minecraft.client.resources.model.BlockStateModelLoader/]: Exception loading blockstate definition: 'tinygates:blockstates/counter_block.json' missing model for variant: 'tinygates:counter_block#facing=east,gate_direction=south'
[28Feb2026 01:33:12.892] [Worker-Main-5/WARN] [net.minecraft.client.resources.model.BlockStateModelLoader/]: Exception loading blockstate definition: 'tinygates:blockstates/counter_block.json' missing model for variant: 'tinygates:counter_block#facing=east,gate_direction=east'
[28Feb2026 01:33:12.892] [Worker-Main-5/WARN] [net.minecraft.client.resources.model.BlockStateModelLoader/]: Exception loading blockstate definition: 'tinygates:blockstates/counter_block.json' missing model for variant: 'tinygates:counter_block#facing=south,gate_direction=east'
[28Feb2026 01:33:12.892] [Worker-Main-5/WARN] [net.minecraft.client.resources.model.BlockStateModelLoader/]: Exception loading blockstate definition: 'tinygates:blockstates/counter_block.json' missing model for variant: 'tinygates:counter_block#facing=down,gate_direction=down'
[28Feb2026 01:33:12.893] [Worker-Main-5/WARN] [net.minecraft.client.resources.model.BlockStateModelLoader/]: Exception loading blockstate definition: 'tinygates:blockstates/edge_detector_block.json' missing model for variant: 'tinygates:edge_detector_block#facing=east,gate_direction=north'
[28Feb2026 01:33:12.893] [Worker-Main-5/WARN] [net.minecraft.client.resources.model.BlockStateModelLoader/]: Exception loading blockstate definition: 'tinygates:blockstates/edge_detector_block.json' missing model for variant: 'tinygates:edge_detector_block#facing=east,gate_direction=south'
[28Feb2026 01:33:12.893] [Worker-Main-5/WARN] [net.minecraft.client.resources.model.BlockStateModelLoader/]: Exception loading blockstate definition: 'tinygates:blockstates/edge_detector_block.json' missing model for variant: 'tinygates:edge_detector_block#facing=east,gate_direction=up'
[28Feb2026 01:33:12.893] [Worker-Main-5/WARN] [net.minecraft.client.resources.model.BlockStateModelLoader/]: Exception loading blockstate definition: 'tinygates:blockstates/edge_detector_block.json' missing model for variant: 'tinygates:edge_detector_block#facing=east,gate_direction=east'
[28Feb2026 01:33:12.893] [Worker-Main-5/WARN] [net.minecraft.client.resources.model.BlockStateModelLoader/]: Exception loading blockstate definition: 'tinygates:blockstates/edge_detector_block.json' missing model for variant: 'tinygates:edge_detector_block#facing=south,gate_direction=west'
[28Feb2026 01:33:12.893] [Worker-Main-5/WARN] [net.minecraft.client.resources.model.BlockStateModelLoader/]: Exception loading blockstate definition: 'tinygates:blockstates/edge_detector_block.json' missing model for variant: 'tinygates:edge_detector_block#facing=down,gate_direction=up'
[28Feb2026 01:33:12.893] [Worker-Main-5/WARN] [net.minecraft.client.resources.model.BlockStateModelLoader/]: Exception loading blockstate definition: 'tinygates:blockstates/edge_detector_block.json' missing model for variant: 'tinygates:edge_detector_block#facing=south,gate_direction=east'
[28Feb2026 01:33:12.893] [Worker-Main-5/WARN] [net.minecraft.client.resources.model.BlockStateModelLoader/]: Exception loading blockstate definition: 'tinygates:blockstates/edge_detector_block.json' missing model for variant: 'tinygates:edge_detector_block#facing=up,gate_direction=east'
[28Feb2026 01:33:12.893] [Worker-Main-5/WARN] [net.minecraft.client.resources.model.BlockStateModelLoader/]: Exception loading blockstate definition: 'tinygates:blockstates/edge_detector_block.json' missing model for variant: 'tinygates:edge_detector_block#facing=down,gate_direction=down'
[28Feb2026 01:33:12.893] [Worker-Main-5/WARN] [net.minecraft.client.resources.model.BlockStateModelLoader/]: Exception loading blockstate definition: 'tinygates:blockstates/edge_detector_block.json' missing model for variant: 'tinygates:edge_detector_block#facing=down,gate_direction=north'
[28Feb2026 01:33:12.893] [Worker-Main-5/WARN] [net.minecraft.client.resources.model.BlockStateModelLoader/]: Exception loading blockstate definition: 'tinygates:blockstates/edge_detector_block.json' missing model for variant: 'tinygates:edge_detector_block#facing=west,gate_direction=down'
[28Feb2026 01:33:12.893] [Worker-Main-5/WARN] [net.minecraft.client.resources.model.BlockStateModelLoader/]: Exception loading blockstate definition: 'tinygates:blockstates/edge_detector_block.json' missing model for variant: 'tinygates:edge_detector_block#facing=up,gate_direction=north'
[28Feb2026 01:33:12.893] [Worker-Main-5/WARN] [net.minecraft.client.resources.model.BlockStateModelLoader/]: Exception loading blockstate definition: 'tinygates:blockstates/edge_detector_block.json' missing model for variant: 'tinygates:edge_detector_block#facing=up,gate_direction=south'
[28Feb2026 01:33:12.893] [Worker-Main-5/WARN] [net.minecraft.client.resources.model.BlockStateModelLoader/]: Exception loading blockstate definition: 'tinygates:blockstates/edge_detector_block.json' missing model for variant: 'tinygates:edge_detector_block#facing=south,gate_direction=down'
[28Feb2026 01:33:12.894] [Worker-Main-5/WARN] [net.minecraft.client.resources.model.BlockStateModelLoader/]: Exception loading blockstate definition: 'tinygates:blockstates/edge_detector_block.json' missing model for variant: 'tinygates:edge_detector_block#facing=west,gate_direction=up'
[28Feb2026 01:33:12.894] [Worker-Main-5/WARN] [net.minecraft.client.resources.model.BlockStateModelLoader/]: Exception loading blockstate definition: 'tinygates:blockstates/edge_detector_block.json' missing model for variant: 'tinygates:edge_detector_block#facing=north,gate_direction=east'
[28Feb2026 01:33:12.894] [Worker-Main-5/WARN] [net.minecraft.client.resources.model.BlockStateModelLoader/]: Exception loading blockstate definition: 'tinygates:blockstates/edge_detector_block.json' missing model for variant: 'tinygates:edge_detector_block#facing=north,gate_direction=west'
[28Feb2026 01:33:12.894] [Worker-Main-5/WARN] [net.minecraft.client.resources.model.BlockStateModelLoader/]: Exception loading blockstate definition: 'tinygates:blockstates/edge_detector_block.json' missing model for variant: 'tinygates:edge_detector_block#facing=west,gate_direction=north'
[28Feb2026 01:33:12.894] [Worker-Main-5/WARN] [net.minecraft.client.resources.model.BlockStateModelLoader/]: Exception loading blockstate definition: 'tinygates:blockstates/edge_detector_block.json' missing model for variant: 'tinygates:edge_detector_block#facing=south,gate_direction=north'
[28Feb2026 01:33:12.894] [Worker-Main-5/WARN] [net.minecraft.client.resources.model.BlockStateModelLoader/]: Exception loading blockstate definition: 'tinygates:blockstates/edge_detector_block.json' missing model for variant: 'tinygates:edge_detector_block#facing=south,gate_direction=south'
[28Feb2026 01:33:12.894] [Worker-Main-5/WARN] [net.minecraft.client.resources.model.BlockStateModelLoader/]: Exception loading blockstate definition: 'tinygates:blockstates/edge_detector_block.json' missing model for variant: 'tinygates:edge_detector_block#facing=west,gate_direction=south'
[28Feb2026 01:33:12.894] [Worker-Main-5/WARN] [net.minecraft.client.resources.model.BlockStateModelLoader/]: Exception loading blockstate definition: 'tinygates:blockstates/edge_detector_block.json' missing model for variant: 'tinygates:edge_detector_block#facing=east,gate_direction=west'
[28Feb2026 01:33:12.894] [Worker-Main-5/WARN] [net.minecraft.client.resources.model.BlockStateModelLoader/]: Exception loading blockstate definition: 'tinygates:blockstates/edge_detector_block.json' missing model for variant: 'tinygates:edge_detector_block#facing=up,gate_direction=west'
[28Feb2026 01:33:12.894] [Worker-Main-5/WARN] [net.minecraft.client.resources.model.BlockStateModelLoader/]: Exception loading blockstate definition: 'tinygates:blockstates/edge_detector_block.json' missing model for variant: 'tinygates:edge_detector_block#facing=up,gate_direction=down'
[28Feb2026 01:33:12.894] [Worker-Main-5/WARN] [net.minecraft.client.resources.model.BlockStateModelLoader/]: Exception loading blockstate definition: 'tinygates:blockstates/edge_detector_block.json' missing model for variant: 'tinygates:edge_detector_block#facing=east,gate_direction=down'
[28Feb2026 01:33:12.894] [Worker-Main-5/WARN] [net.minecraft.client.resources.model.BlockStateModelLoader/]: Exception loading blockstate definition: 'tinygates:blockstates/edge_detector_block.json' missing model for variant: 'tinygates:edge_detector_block#facing=down,gate_direction=east'
[28Feb2026 01:33:12.894] [Worker-Main-5/WARN] [net.minecraft.client.resources.model.BlockStateModelLoader/]: Exception loading blockstate definition: 'tinygates:blockstates/edge_detector_block.json' missing model for variant: 'tinygates:edge_detector_block#facing=north,gate_direction=north'
[28Feb2026 01:33:12.894] [Worker-Main-5/WARN] [net.minecraft.client.resources.model.BlockStateModelLoader/]: Exception loading blockstate definition: 'tinygates:blockstates/edge_detector_block.json' missing model for variant: 'tinygates:edge_detector_block#facing=north,gate_direction=down'
[28Feb2026 01:33:12.894] [Worker-Main-5/WARN] [net.minecraft.client.resources.model.BlockStateModelLoader/]: Exception loading blockstate definition: 'tinygates:blockstates/edge_detector_block.json' missing model for variant: 'tinygates:edge_detector_block#facing=south,gate_direction=up'
[28Feb2026 01:33:12.894] [Worker-Main-5/WARN] [net.minecraft.client.resources.model.BlockStateModelLoader/]: Exception loading blockstate definition: 'tinygates:blockstates/edge_detector_block.json' missing model for variant: 'tinygates:edge_detector_block#facing=up,gate_direction=up'
[28Feb2026 01:33:12.894] [Worker-Main-5/WARN] [net.minecraft.client.resources.model.BlockStateModelLoader/]: Exception loading blockstate definition: 'tinygates:blockstates/edge_detector_block.json' missing model for variant: 'tinygates:edge_detector_block#facing=down,gate_direction=west'
[28Feb2026 01:33:12.894] [Worker-Main-5/WARN] [net.minecraft.client.resources.model.BlockStateModelLoader/]: Exception loading blockstate definition: 'tinygates:blockstates/edge_detector_block.json' missing model for variant: 'tinygates:edge_detector_block#facing=down,gate_direction=south'
[28Feb2026 01:33:12.895] [Worker-Main-5/WARN] [net.minecraft.client.resources.model.BlockStateModelLoader/]: Exception loading blockstate definition: 'tinygates:blockstates/edge_detector_block.json' missing model for variant: 'tinygates:edge_detector_block#facing=west,gate_direction=east'
[28Feb2026 01:33:12.895] [Worker-Main-5/WARN] [net.minecraft.client.resources.model.BlockStateModelLoader/]: Exception loading blockstate definition: 'tinygates:blockstates/edge_detector_block.json' missing model for variant: 'tinygates:edge_detector_block#facing=north,gate_direction=up'
[28Feb2026 01:33:12.895] [Worker-Main-5/WARN] [net.minecraft.client.resources.model.BlockStateModelLoader/]: Exception loading blockstate definition: 'tinygates:blockstates/edge_detector_block.json' missing model for variant: 'tinygates:edge_detector_block#facing=north,gate_direction=south'
[28Feb2026 01:33:12.895] [Worker-Main-5/WARN] [net.minecraft.client.resources.model.BlockStateModelLoader/]: Exception loading blockstate definition: 'tinygates:blockstates/edge_detector_block.json' missing model for variant: 'tinygates:edge_detector_block#facing=west,gate_direction=west'
[28Feb2026 01:33:12.895] [Worker-Main-5/WARN] [net.minecraft.client.resources.model.BlockStateModelLoader/]: Exception loading blockstate definition: 'tinygates:blockstates/not_gate_block.json' missing model for variant: 'tinygates:not_gate_block#facing=down,gate_direction=east'
[28Feb2026 01:33:12.895] [Worker-Main-5/WARN] [net.minecraft.client.resources.model.BlockStateModelLoader/]: Exception loading blockstate definition: 'tinygates:blockstates/not_gate_block.json' missing model for variant: 'tinygates:not_gate_block#facing=west,gate_direction=up'
[28Feb2026 01:33:12.895] [Worker-Main-5/WARN] [net.minecraft.client.resources.model.BlockStateModelLoader/]: Exception loading blockstate definition: 'tinygates:blockstates/not_gate_block.json' missing model for variant: 'tinygates:not_gate_block#facing=north,gate_direction=up'
[28Feb2026 01:33:12.895] [Worker-Main-5/WARN] [net.minecraft.client.resources.model.BlockStateModelLoader/]: Exception loading blockstate definition: 'tinygates:blockstates/not_gate_block.json' missing model for variant: 'tinygates:not_gate_block#facing=east,gate_direction=west'
[28Feb2026 01:33:12.895] [Worker-Main-5/WARN] [net.minecraft.client.resources.model.BlockStateModelLoader/]: Exception loading blockstate definition: 'tinygates:blockstates/not_gate_block.json' missing model for variant: 'tinygates:not_gate_block#facing=south,gate_direction=south'
[28Feb2026 01:33:12.895] [Worker-Main-5/WARN] [net.minecraft.client.resources.model.BlockStateModelLoader/]: Exception loading blockstate definition: 'tinygates:blockstates/not_gate_block.json' missing model for variant: 'tinygates:not_gate_block#facing=west,gate_direction=south'
[28Feb2026 01:33:12.895] [Worker-Main-5/WARN] [net.minecraft.client.resources.model.BlockStateModelLoader/]: Exception loading blockstate definition: 'tinygates:blockstates/not_gate_block.json' missing model for variant: 'tinygates:not_gate_block#facing=south,gate_direction=north'
[28Feb2026 01:33:12.895] [Worker-Main-5/WARN] [net.minecraft.client.resources.model.BlockStateModelLoader/]: Exception loading blockstate definition: 'tinygates:blockstates/not_gate_block.json' missing model for variant: 'tinygates:not_gate_block#facing=north,gate_direction=down'
[28Feb2026 01:33:12.895] [Worker-Main-5/WARN] [net.minecraft.client.resources.model.BlockStateModelLoader/]: Exception loading blockstate definition: 'tinygates:blockstates/not_gate_block.json' missing model for variant: 'tinygates:not_gate_block#facing=west,gate_direction=north'
[28Feb2026 01:33:12.896] [Worker-Main-5/WARN] [net.minecraft.client.resources.model.BlockStateModelLoader/]: Exception loading blockstate definition: 'tinygates:blockstates/not_gate_block.json' missing model for variant: 'tinygates:not_gate_block#facing=down,gate_direction=north'
[28Feb2026 01:33:12.896] [Worker-Main-5/WARN] [net.minecraft.client.resources.model.BlockStateModelLoader/]: Exception loading blockstate definition: 'tinygates:blockstates/not_gate_block.json' missing model for variant: 'tinygates:not_gate_block#facing=up,gate_direction=west'
[28Feb2026 01:33:12.896] [Worker-Main-5/WARN] [net.minecraft.client.resources.model.BlockStateModelLoader/]: Exception loading blockstate definition: 'tinygates:blockstates/not_gate_block.json' missing model for variant: 'tinygates:not_gate_block#facing=north,gate_direction=south'
[28Feb2026 01:33:12.896] [Worker-Main-5/WARN] [net.minecraft.client.resources.model.BlockStateModelLoader/]: Exception loading blockstate definition: 'tinygates:blockstates/not_gate_block.json' missing model for variant: 'tinygates:not_gate_block#facing=west,gate_direction=down'
[28Feb2026 01:33:12.896] [Worker-Main-5/WARN] [net.minecraft.client.resources.model.BlockStateModelLoader/]: Exception loading blockstate definition: 'tinygates:blockstates/not_gate_block.json' missing model for variant: 'tinygates:not_gate_block#facing=west,gate_direction=west'
[28Feb2026 01:33:12.896] [Worker-Main-5/WARN] [net.minecraft.client.resources.model.BlockStateModelLoader/]: Exception loading blockstate definition: 'tinygates:blockstates/not_gate_block.json' missing model for variant: 'tinygates:not_gate_block#facing=south,gate_direction=up'
[28Feb2026 01:33:12.896] [Worker-Main-5/WARN] [net.minecraft.client.resources.model.BlockStateModelLoader/]: Exception loading blockstate definition: 'tinygates:blockstates/not_gate_block.json' missing model for variant: 'tinygates:not_gate_block#facing=north,gate_direction=west'
[28Feb2026 01:33:12.896] [Worker-Main-5/WARN] [net.minecraft.client.resources.model.BlockStateModelLoader/]: Exception loading blockstate definition: 'tinygates:blockstates/not_gate_block.json' missing model for variant: 'tinygates:not_gate_block#facing=east,gate_direction=down'
[28Feb2026 01:33:12.896] [Worker-Main-5/WARN] [net.minecraft.client.resources.model.BlockStateModelLoader/]: Exception loading blockstate definition: 'tinygates:blockstates/not_gate_block.json' missing model for variant: 'tinygates:not_gate_block#facing=south,gate_direction=down'
[28Feb2026 01:33:12.896] [Worker-Main-5/WARN] [net.minecraft.client.resources.model.BlockStateModelLoader/]: Exception loading blockstate definition: 'tinygates:blockstates/not_gate_block.json' missing model for variant: 'tinygates:not_gate_block#facing=up,gate_direction=north'
[28Feb2026 01:33:12.896] [Worker-Main-5/WARN] [net.minecraft.client.resources.model.BlockStateModelLoader/]: Exception loading blockstate definition: 'tinygates:blockstates/not_gate_block.json' missing model for variant: 'tinygates:not_gate_block#facing=up,gate_direction=down'
[28Feb2026 01:33:12.896] [Worker-Main-5/WARN] [net.minecraft.client.resources.model.BlockStateModelLoader/]: Exception loading blockstate definition: 'tinygates:blockstates/not_gate_block.json' missing model for variant: 'tinygates:not_gate_block#facing=down,gate_direction=up'
[28Feb2026 01:33:12.896] [Worker-Main-5/WARN] [net.minecraft.client.resources.model.BlockStateModelLoader/]: Exception loading blockstate definition: 'tinygates:blockstates/not_gate_block.json' missing model for variant: 'tinygates:not_gate_block#facing=east,gate_direction=up'
[28Feb2026 01:33:12.897] [Worker-Main-5/WARN] [net.minecraft.client.resources.model.BlockStateModelLoader/]: Exception loading blockstate definition: 'tinygates:blockstates/not_gate_block.json' missing model for variant: 'tinygates:not_gate_block#facing=up,gate_direction=south'
[28Feb2026 01:33:12.897] [Worker-Main-5/WARN] [net.minecraft.client.resources.model.BlockStateModelLoader/]: Exception loading blockstate definition: 'tinygates:blockstates/not_gate_block.json' missing model for variant: 'tinygates:not_gate_block#facing=north,gate_direction=east'
[28Feb2026 01:33:12.897] [Worker-Main-5/WARN] [net.minecraft.client.resources.model.BlockStateModelLoader/]: Exception loading blockstate definition: 'tinygates:blockstates/not_gate_block.json' missing model for variant: 'tinygates:not_gate_block#facing=east,gate_direction=north'
[28Feb2026 01:33:12.897] [Worker-Main-5/WARN] [net.minecraft.client.resources.model.BlockStateModelLoader/]: Exception loading blockstate definition: 'tinygates:blockstates/not_gate_block.json' missing model for variant: 'tinygates:not_gate_block#facing=down,gate_direction=west'
[28Feb2026 01:33:12.897] [Worker-Main-5/WARN] [net.minecraft.client.resources.model.BlockStateModelLoader/]: Exception loading blockstate definition: 'tinygates:blockstates/not_gate_block.json' missing model for variant: 'tinygates:not_gate_block#facing=west,gate_direction=east'
[28Feb2026 01:33:12.897] [Worker-Main-5/WARN] [net.minecraft.client.resources.model.BlockStateModelLoader/]: Exception loading blockstate definition: 'tinygates:blockstates/not_gate_block.json' missing model for variant: 'tinygates:not_gate_block#facing=south,gate_direction=west'
[28Feb2026 01:33:12.897] [Worker-Main-5/WARN] [net.minecraft.client.resources.model.BlockStateModelLoader/]: Exception loading blockstate definition: 'tinygates:blockstates/not_gate_block.json' missing model for variant: 'tinygates:not_gate_block#facing=up,gate_direction=east'
[28Feb2026 01:33:12.897] [Worker-Main-5/WARN] [net.minecraft.client.resources.model.BlockStateModelLoader/]: Exception loading blockstate definition: 'tinygates:blockstates/not_gate_block.json' missing model for variant: 'tinygates:not_gate_block#facing=east,gate_direction=east'
[28Feb2026 01:33:12.897] [Worker-Main-5/WARN] [net.minecraft.client.resources.model.BlockStateModelLoader/]: Exception loading blockstate definition: 'tinygates:blockstates/not_gate_block.json' missing model for variant: 'tinygates:not_gate_block#facing=east,gate_direction=south'
[28Feb2026 01:33:12.897] [Worker-Main-5/WARN] [net.minecraft.client.resources.model.BlockStateModelLoader/]: Exception loading blockstate definition: 'tinygates:blockstates/not_gate_block.json' missing model for variant: 'tinygates:not_gate_block#facing=down,gate_direction=south'
[28Feb2026 01:33:12.898] [Worker-Main-5/WARN] [net.minecraft.client.resources.model.BlockStateModelLoader/]: Exception loading blockstate definition: 'tinygates:blockstates/not_gate_block.json' missing model for variant: 'tinygates:not_gate_block#facing=south,gate_direction=east'
[28Feb2026 01:33:12.898] [Worker-Main-5/WARN] [net.minecraft.client.resources.model.BlockStateModelLoader/]: Exception loading blockstate definition: 'tinygates:blockstates/not_gate_block.json' missing model for variant: 'tinygates:not_gate_block#facing=down,gate_direction=down'
[28Feb2026 01:33:12.898] [Worker-Main-5/WARN] [net.minecraft.client.resources.model.BlockStateModelLoader/]: Exception loading blockstate definition: 'tinygates:blockstates/not_gate_block.json' missing model for variant: 'tinygates:not_gate_block#facing=north,gate_direction=north'
[28Feb2026 01:33:12.898] [Worker-Main-5/WARN] [net.minecraft.client.resources.model.BlockStateModelLoader/]: Exception loading blockstate definition: 'tinygates:blockstates/not_gate_block.json' missing model for variant: 'tinygates:not_gate_block#facing=up,gate_direction=up'
[28Feb2026 01:33:12.898] [Worker-Main-5/WARN] [net.minecraft.client.resources.model.BlockStateModelLoader/]: Exception loading blockstate definition: 'tinygates:blockstates/or_gate_block.json' missing model for variant: 'tinygates:or_gate_block#facing=west,gate_direction=east'
[28Feb2026 01:33:12.898] [Worker-Main-5/WARN] [net.minecraft.client.resources.model.BlockStateModelLoader/]: Exception loading blockstate definition: 'tinygates:blockstates/or_gate_block.json' missing model for variant: 'tinygates:or_gate_block#facing=down,gate_direction=up'
[28Feb2026 01:33:12.898] [Worker-Main-5/WARN] [net.minecraft.client.resources.model.BlockStateModelLoader/]: Exception loading blockstate definition: 'tinygates:blockstates/or_gate_block.json' missing model for variant: 'tinygates:or_gate_block#facing=down,gate_direction=west'
[28Feb2026 01:33:12.898] [Worker-Main-5/WARN] [net.minecraft.client.resources.model.BlockStateModelLoader/]: Exception loading blockstate definition: 'tinygates:blockstates/or_gate_block.json' missing model for variant: 'tinygates:or_gate_block#facing=east,gate_direction=up'
[28Feb2026 01:33:12.898] [Worker-Main-5/WARN] [net.minecraft.client.resources.model.BlockStateModelLoader/]: Exception loading blockstate definition: 'tinygates:blockstates/or_gate_block.json' missing model for variant: 'tinygates:or_gate_block#facing=east,gate_direction=north'
[28Feb2026 01:33:12.899] [Worker-Main-5/WARN] [net.minecraft.client.resources.model.BlockStateModelLoader/]: Exception loading blockstate definition: 'tinygates:blockstates/or_gate_block.json' missing model for variant: 'tinygates:or_gate_block#facing=north,gate_direction=east'
[28Feb2026 01:33:12.899] [Worker-Main-5/WARN] [net.minecraft.client.resources.model.BlockStateModelLoader/]: Exception loading blockstate definition: 'tinygates:blockstates/or_gate_block.json' missing model for variant: 'tinygates:or_gate_block#facing=up,gate_direction=south'
[28Feb2026 01:33:12.899] [Worker-Main-5/WARN] [net.minecraft.client.resources.model.BlockStateModelLoader/]: Exception loading blockstate definition: 'tinygates:blockstates/or_gate_block.json' missing model for variant: 'tinygates:or_gate_block#facing=up,gate_direction=down'
[28Feb2026 01:33:12.899] [Worker-Main-5/WARN] [net.minecraft.client.resources.model.BlockStateModelLoader/]: Exception loading blockstate definition: 'tinygates:blockstates/or_gate_block.json' missing model for variant: 'tinygates:or_gate_block#facing=north,gate_direction=west'
[28Feb2026 01:33:12.899] [Worker-Main-5/WARN] [net.minecraft.client.resources.model.BlockStateModelLoader/]: Exception loading blockstate definition: 'tinygates:blockstates/or_gate_block.json' missing model for variant: 'tinygates:or_gate_block#facing=south,gate_direction=down'
[28Feb2026 01:33:12.899] [Worker-Main-5/WARN] [net.minecraft.client.resources.model.BlockStateModelLoader/]: Exception loading blockstate definition: 'tinygates:blockstates/or_gate_block.json' missing model for variant: 'tinygates:or_gate_block#facing=up,gate_direction=north'
[28Feb2026 01:33:12.899] [Worker-Main-5/WARN] [net.minecraft.client.resources.model.BlockStateModelLoader/]: Exception loading blockstate definition: 'tinygates:blockstates/or_gate_block.json' missing model for variant: 'tinygates:or_gate_block#facing=east,gate_direction=down'
[28Feb2026 01:33:12.899] [Worker-Main-5/WARN] [net.minecraft.client.resources.model.BlockStateModelLoader/]: Exception loading blockstate definition: 'tinygates:blockstates/or_gate_block.json' missing model for variant: 'tinygates:or_gate_block#facing=north,gate_direction=up'
[28Feb2026 01:33:12.899] [Worker-Main-5/WARN] [net.minecraft.client.resources.model.BlockStateModelLoader/]: Exception loading blockstate definition: 'tinygates:blockstates/or_gate_block.json' missing model for variant: 'tinygates:or_gate_block#facing=up,gate_direction=up'
[28Feb2026 01:33:12.899] [Worker-Main-5/WARN] [net.minecraft.client.resources.model.BlockStateModelLoader/]: Exception loading blockstate definition: 'tinygates:blockstates/or_gate_block.json' missing model for variant: 'tinygates:or_gate_block#facing=west,gate_direction=down'
[28Feb2026 01:33:12.899] [Worker-Main-5/WARN] [net.minecraft.client.resources.model.BlockStateModelLoader/]: Exception loading blockstate definition: 'tinygates:blockstates/or_gate_block.json' missing model for variant: 'tinygates:or_gate_block#facing=down,gate_direction=north'
[28Feb2026 01:33:12.899] [Worker-Main-5/WARN] [net.minecraft.client.resources.model.BlockStateModelLoader/]: Exception loading blockstate definition: 'tinygates:blockstates/or_gate_block.json' missing model for variant: 'tinygates:or_gate_block#facing=down,gate_direction=east'
[28Feb2026 01:33:12.899] [Worker-Main-5/WARN] [net.minecraft.client.resources.model.BlockStateModelLoader/]: Exception loading blockstate definition: 'tinygates:blockstates/or_gate_block.json' missing model for variant: 'tinygates:or_gate_block#facing=east,gate_direction=west'
[28Feb2026 01:33:12.899] [Worker-Main-5/WARN] [net.minecraft.client.resources.model.BlockStateModelLoader/]: Exception loading blockstate definition: 'tinygates:blockstates/or_gate_block.json' missing model for variant: 'tinygates:or_gate_block#facing=south,gate_direction=south'
[28Feb2026 01:33:12.899] [Worker-Main-5/WARN] [net.minecraft.client.resources.model.BlockStateModelLoader/]: Exception loading blockstate definition: 'tinygates:blockstates/or_gate_block.json' missing model for variant: 'tinygates:or_gate_block#facing=west,gate_direction=west'
[28Feb2026 01:33:12.900] [Worker-Main-5/WARN] [net.minecraft.client.resources.model.BlockStateModelLoader/]: Exception loading blockstate definition: 'tinygates:blockstates/or_gate_block.json' missing model for variant: 'tinygates:or_gate_block#facing=south,gate_direction=up'
[28Feb2026 01:33:12.900] [Worker-Main-5/WARN] [net.minecraft.client.resources.model.BlockStateModelLoader/]: Exception loading blockstate definition: 'tinygates:blockstates/or_gate_block.json' missing model for variant: 'tinygates:or_gate_block#facing=north,gate_direction=down'
[28Feb2026 01:33:12.900] [Worker-Main-5/WARN] [net.minecraft.client.resources.model.BlockStateModelLoader/]: Exception loading blockstate definition: 'tinygates:blockstates/or_gate_block.json' missing model for variant: 'tinygates:or_gate_block#facing=west,gate_direction=north'
[28Feb2026 01:33:12.900] [Worker-Main-5/WARN] [net.minecraft.client.resources.model.BlockStateModelLoader/]: Exception loading blockstate definition: 'tinygates:blockstates/or_gate_block.json' missing model for variant: 'tinygates:or_gate_block#facing=west,gate_direction=up'
[28Feb2026 01:33:12.900] [Worker-Main-5/WARN] [net.minecraft.client.resources.model.BlockStateModelLoader/]: Exception loading blockstate definition: 'tinygates:blockstates/or_gate_block.json' missing model for variant: 'tinygates:or_gate_block#facing=north,gate_direction=south'
[28Feb2026 01:33:12.900] [Worker-Main-5/WARN] [net.minecraft.client.resources.model.BlockStateModelLoader/]: Exception loading blockstate definition: 'tinygates:blockstates/or_gate_block.json' missing model for variant: 'tinygates:or_gate_block#facing=east,gate_direction=east'
[28Feb2026 01:33:12.900] [Worker-Main-5/WARN] [net.minecraft.client.resources.model.BlockStateModelLoader/]: Exception loading blockstate definition: 'tinygates:blockstates/or_gate_block.json' missing model for variant: 'tinygates:or_gate_block#facing=south,gate_direction=west'
[28Feb2026 01:33:12.900] [Worker-Main-5/WARN] [net.minecraft.client.resources.model.BlockStateModelLoader/]: Exception loading blockstate definition: 'tinygates:blockstates/or_gate_block.json' missing model for variant: 'tinygates:or_gate_block#facing=up,gate_direction=west'
[28Feb2026 01:33:12.900] [Worker-Main-5/WARN] [net.minecraft.client.resources.model.BlockStateModelLoader/]: Exception loading blockstate definition: 'tinygates:blockstates/or_gate_block.json' missing model for variant: 'tinygates:or_gate_block#facing=west,gate_direction=south'
[28Feb2026 01:33:12.900] [Worker-Main-5/WARN] [net.minecraft.client.resources.model.BlockStateModelLoader/]: Exception loading blockstate definition: 'tinygates:blockstates/or_gate_block.json' missing model for variant: 'tinygates:or_gate_block#facing=south,gate_direction=north'
[28Feb2026 01:33:12.900] [Worker-Main-5/WARN] [net.minecraft.client.resources.model.BlockStateModelLoader/]: Exception loading blockstate definition: 'tinygates:blockstates/or_gate_block.json' missing model for variant: 'tinygates:or_gate_block#facing=down,gate_direction=south'
[28Feb2026 01:33:12.900] [Worker-Main-5/WARN] [net.minecraft.client.resources.model.BlockStateModelLoader/]: Exception loading blockstate definition: 'tinygates:blockstates/or_gate_block.json' missing model for variant: 'tinygates:or_gate_block#facing=south,gate_direction=east'
[28Feb2026 01:33:12.900] [Worker-Main-5/WARN] [net.minecraft.client.resources.model.BlockStateModelLoader/]: Exception loading blockstate definition: 'tinygates:blockstates/or_gate_block.json' missing model for variant: 'tinygates:or_gate_block#facing=up,gate_direction=east'
[28Feb2026 01:33:12.900] [Worker-Main-5/WARN] [net.minecraft.client.resources.model.BlockStateModelLoader/]: Exception loading blockstate definition: 'tinygates:blockstates/or_gate_block.json' missing model for variant: 'tinygates:or_gate_block#facing=down,gate_direction=down'
[28Feb2026 01:33:12.900] [Worker-Main-5/WARN] [net.minecraft.client.resources.model.BlockStateModelLoader/]: Exception loading blockstate definition: 'tinygates:blockstates/or_gate_block.json' missing model for variant: 'tinygates:or_gate_block#facing=north,gate_direction=north'
[28Feb2026 01:33:12.900] [Worker-Main-5/WARN] [net.minecraft.client.resources.model.BlockStateModelLoader/]: Exception loading blockstate definition: 'tinygates:blockstates/or_gate_block.json' missing model for variant: 'tinygates:or_gate_block#facing=east,gate_direction=south'
[28Feb2026 01:33:12.901] [Worker-Main-5/WARN] [net.minecraft.client.resources.model.BlockStateModelLoader/]: Exception loading blockstate definition: 'tinygates:blockstates/rs_latch_block.json' missing model for variant: 'tinygates:rs_latch_block#facing=south,gate_direction=up'
[28Feb2026 01:33:12.901] [Worker-Main-5/WARN] [net.minecraft.client.resources.model.BlockStateModelLoader/]: Exception loading blockstate definition: 'tinygates:blockstates/rs_latch_block.json' missing model for variant: 'tinygates:rs_latch_block#facing=down,gate_direction=south'
[28Feb2026 01:33:12.901] [Worker-Main-5/WARN] [net.minecraft.client.resources.model.BlockStateModelLoader/]: Exception loading blockstate definition: 'tinygates:blockstates/rs_latch_block.json' missing model for variant: 'tinygates:rs_latch_block#facing=north,gate_direction=down'
[28Feb2026 01:33:12.901] [Worker-Main-5/WARN] [net.minecraft.client.resources.model.BlockStateModelLoader/]: Exception loading blockstate definition: 'tinygates:blockstates/rs_latch_block.json' missing model for variant: 'tinygates:rs_latch_block#facing=west,gate_direction=west'
[28Feb2026 01:33:12.901] [Worker-Main-5/WARN] [net.minecraft.client.resources.model.BlockStateModelLoader/]: Exception loading blockstate definition: 'tinygates:blockstates/rs_latch_block.json' missing model for variant: 'tinygates:rs_latch_block#facing=south,gate_direction=down'
[28Feb2026 01:33:12.901] [Worker-Main-5/WARN] [net.minecraft.client.resources.model.BlockStateModelLoader/]: Exception loading blockstate definition: 'tinygates:blockstates/rs_latch_block.json' missing model for variant: 'tinygates:rs_latch_block#facing=up,gate_direction=up'
[28Feb2026 01:33:12.901] [Worker-Main-5/WARN] [net.minecraft.client.resources.model.BlockStateModelLoader/]: Exception loading blockstate definition: 'tinygates:blockstates/rs_latch_block.json' missing model for variant: 'tinygates:rs_latch_block#facing=north,gate_direction=south'
[28Feb2026 01:33:12.901] [Worker-Main-5/WARN] [net.minecraft.client.resources.model.BlockStateModelLoader/]: Exception loading blockstate definition: 'tinygates:blockstates/rs_latch_block.json' missing model for variant: 'tinygates:rs_latch_block#facing=up,gate_direction=east'
[28Feb2026 01:33:12.902] [Worker-Main-5/WARN] [net.minecraft.client.resources.model.BlockStateModelLoader/]: Exception loading blockstate definition: 'tinygates:blockstates/rs_latch_block.json' missing model for variant: 'tinygates:rs_latch_block#facing=north,gate_direction=north'
[28Feb2026 01:33:12.902] [Worker-Main-5/WARN] [net.minecraft.client.resources.model.BlockStateModelLoader/]: Exception loading blockstate definition: 'tinygates:blockstates/rs_latch_block.json' missing model for variant: 'tinygates:rs_latch_block#facing=north,gate_direction=up'
[28Feb2026 01:33:12.902] [Worker-Main-5/WARN] [net.minecraft.client.resources.model.BlockStateModelLoader/]: Exception loading blockstate definition: 'tinygates:blockstates/rs_latch_block.json' missing model for variant: 'tinygates:rs_latch_block#facing=north,gate_direction=west'
[28Feb2026 01:33:12.903] [Worker-Main-5/WARN] [net.minecraft.client.resources.model.BlockStateModelLoader/]: Exception loading blockstate definition: 'tinygates:blockstates/rs_latch_block.json' missing model for variant: 'tinygates:rs_latch_block#facing=south,gate_direction=north'
[28Feb2026 01:33:12.903] [Worker-Main-5/WARN] [net.minecraft.client.resources.model.BlockStateModelLoader/]: Exception loading blockstate definition: 'tinygates:blockstates/rs_latch_block.json' missing model for variant: 'tinygates:rs_latch_block#facing=west,gate_direction=south'
[28Feb2026 01:33:12.903] [Worker-Main-5/WARN] [net.minecraft.client.resources.model.BlockStateModelLoader/]: Exception loading blockstate definition: 'tinygates:blockstates/rs_latch_block.json' missing model for variant: 'tinygates:rs_latch_block#facing=east,gate_direction=up'
[28Feb2026 01:33:12.903] [Worker-Main-5/WARN] [net.minecraft.client.resources.model.BlockStateModelLoader/]: Exception loading blockstate definition: 'tinygates:blockstates/rs_latch_block.json' missing model for variant: 'tinygates:rs_latch_block#facing=west,gate_direction=north'
[28Feb2026 01:33:12.905] [Worker-Main-5/WARN] [net.minecraft.client.resources.model.BlockStateModelLoader/]: Exception loading blockstate definition: 'tinygates:blockstates/rs_latch_block.json' missing model for variant: 'tinygates:rs_latch_block#facing=east,gate_direction=north'
[28Feb2026 01:33:12.905] [Worker-Main-5/WARN] [net.minecraft.client.resources.model.BlockStateModelLoader/]: Exception loading blockstate definition: 'tinygates:blockstates/rs_latch_block.json' missing model for variant: 'tinygates:rs_latch_block#facing=west,gate_direction=up'
[28Feb2026 01:33:12.905] [Worker-Main-5/WARN] [net.minecraft.client.resources.model.BlockStateModelLoader/]: Exception loading blockstate definition: 'tinygates:blockstates/rs_latch_block.json' missing model for variant: 'tinygates:rs_latch_block#facing=east,gate_direction=south'
[28Feb2026 01:33:12.905] [Worker-Main-5/WARN] [net.minecraft.client.resources.model.BlockStateModelLoader/]: Exception loading blockstate definition: 'tinygates:blockstates/rs_latch_block.json' missing model for variant: 'tinygates:rs_latch_block#facing=east,gate_direction=east'
[28Feb2026 01:33:12.906] [Worker-Main-5/WARN] [net.minecraft.client.resources.model.BlockStateModelLoader/]: Exception loading blockstate definition: 'tinygates:blockstates/rs_latch_block.json' missing model for variant: 'tinygates:rs_latch_block#facing=down,gate_direction=up'
[28Feb2026 01:33:12.907] [Worker-Main-5/WARN] [net.minecraft.client.resources.model.BlockStateModelLoader/]: Exception loading blockstate definition: 'tinygates:blockstates/rs_latch_block.json' missing model for variant: 'tinygates:rs_latch_block#facing=east,gate_direction=west'
[28Feb2026 01:33:12.907] [Worker-Main-5/WARN] [net.minecraft.client.resources.model.BlockStateModelLoader/]: Exception loading blockstate definition: 'tinygates:blockstates/rs_latch_block.json' missing model for variant: 'tinygates:rs_latch_block#facing=south,gate_direction=west'
[28Feb2026 01:33:12.907] [Worker-Main-5/WARN] [net.minecraft.client.resources.model.BlockStateModelLoader/]: Exception loading blockstate definition: 'tinygates:blockstates/rs_latch_block.json' missing model for variant: 'tinygates:rs_latch_block#facing=up,gate_direction=west'
[28Feb2026 01:33:12.907] [Worker-Main-5/WARN] [net.minecraft.client.resources.model.BlockStateModelLoader/]: Exception loading blockstate definition: 'tinygates:blockstates/rs_latch_block.json' missing model for variant: 'tinygates:rs_latch_block#facing=down,gate_direction=north'
[28Feb2026 01:33:12.907] [Worker-Main-5/WARN] [net.minecraft.client.resources.model.BlockStateModelLoader/]: Exception loading blockstate definition: 'tinygates:blockstates/rs_latch_block.json' missing model for variant: 'tinygates:rs_latch_block#facing=west,gate_direction=down'
[28Feb2026 01:33:12.907] [Worker-Main-5/WARN] [net.minecraft.client.resources.model.BlockStateModelLoader/]: Exception loading blockstate definition: 'tinygates:blockstates/rs_latch_block.json' missing model for variant: 'tinygates:rs_latch_block#facing=up,gate_direction=north'
[28Feb2026 01:33:12.907] [Worker-Main-5/WARN] [net.minecraft.client.resources.model.BlockStateModelLoader/]: Exception loading blockstate definition: 'tinygates:blockstates/rs_latch_block.json' missing model for variant: 'tinygates:rs_latch_block#facing=down,gate_direction=west'
[28Feb2026 01:33:12.907] [Worker-Main-5/WARN] [net.minecraft.client.resources.model.BlockStateModelLoader/]: Exception loading blockstate definition: 'tinygates:blockstates/rs_latch_block.json' missing model for variant: 'tinygates:rs_latch_block#facing=south,gate_direction=east'
[28Feb2026 01:33:12.907] [Worker-Main-5/WARN] [net.minecraft.client.resources.model.BlockStateModelLoader/]: Exception loading blockstate definition: 'tinygates:blockstates/rs_latch_block.json' missing model for variant: 'tinygates:rs_latch_block#facing=down,gate_direction=down'
[28Feb2026 01:33:12.907] [Worker-Main-5/WARN] [net.minecraft.client.resources.model.BlockStateModelLoader/]: Exception loading blockstate definition: 'tinygates:blockstates/rs_latch_block.json' missing model for variant: 'tinygates:rs_latch_block#facing=north,gate_direction=east'
[28Feb2026 01:33:12.908] [Worker-Main-5/WARN] [net.minecraft.client.resources.model.BlockStateModelLoader/]: Exception loading blockstate definition: 'tinygates:blockstates/rs_latch_block.json' missing model for variant: 'tinygates:rs_latch_block#facing=up,gate_direction=south'
[28Feb2026 01:33:12.908] [Worker-Main-5/WARN] [net.minecraft.client.resources.model.BlockStateModelLoader/]: Exception loading blockstate definition: 'tinygates:blockstates/rs_latch_block.json' missing model for variant: 'tinygates:rs_latch_block#facing=up,gate_direction=down'
[28Feb2026 01:33:12.908] [Worker-Main-5/WARN] [net.minecraft.client.resources.model.BlockStateModelLoader/]: Exception loading blockstate definition: 'tinygates:blockstates/rs_latch_block.json' missing model for variant: 'tinygates:rs_latch_block#facing=south,gate_direction=south'
[28Feb2026 01:33:12.908] [Worker-Main-5/WARN] [net.minecraft.client.resources.model.BlockStateModelLoader/]: Exception loading blockstate definition: 'tinygates:blockstates/rs_latch_block.json' missing model for variant: 'tinygates:rs_latch_block#facing=east,gate_direction=down'
[28Feb2026 01:33:12.908] [Worker-Main-5/WARN] [net.minecraft.client.resources.model.BlockStateModelLoader/]: Exception loading blockstate definition: 'tinygates:blockstates/rs_latch_block.json' missing model for variant: 'tinygates:rs_latch_block#facing=west,gate_direction=east'
[28Feb2026 01:33:12.908] [Worker-Main-5/WARN] [net.minecraft.client.resources.model.BlockStateModelLoader/]: Exception loading blockstate definition: 'tinygates:blockstates/rs_latch_block.json' missing model for variant: 'tinygates:rs_latch_block#facing=down,gate_direction=east'
[28Feb2026 01:33:12.908] [Worker-Main-5/WARN] [net.minecraft.client.resources.model.BlockStateModelLoader/]: Exception loading blockstate definition: 'tinygates:blockstates/t_flip_flop_block.json' missing model for variant: 'tinygates:t_flip_flop_block#facing=west,gate_direction=up'
[28Feb2026 01:33:12.909] [Worker-Main-5/WARN] [net.minecraft.client.resources.model.BlockStateModelLoader/]: Exception loading blockstate definition: 'tinygates:blockstates/t_flip_flop_block.json' missing model for variant: 'tinygates:t_flip_flop_block#facing=west,gate_direction=south'
[28Feb2026 01:33:12.909] [Worker-Main-5/WARN] [net.minecraft.client.resources.model.BlockStateModelLoader/]: Exception loading blockstate definition: 'tinygates:blockstates/t_flip_flop_block.json' missing model for variant: 'tinygates:t_flip_flop_block#facing=east,gate_direction=west'
[28Feb2026 01:33:12.910] [Worker-Main-5/WARN] [net.minecraft.client.resources.model.BlockStateModelLoader/]: Exception loading blockstate definition: 'tinygates:blockstates/t_flip_flop_block.json' missing model for variant: 'tinygates:t_flip_flop_block#facing=south,gate_direction=south'
[28Feb2026 01:33:12.910] [Worker-Main-5/WARN] [net.minecraft.client.resources.model.BlockStateModelLoader/]: Exception loading blockstate definition: 'tinygates:blockstates/t_flip_flop_block.json' missing model for variant: 'tinygates:t_flip_flop_block#facing=down,gate_direction=east'
[28Feb2026 01:33:12.911] [Worker-Main-5/WARN] [net.minecraft.client.resources.model.BlockStateModelLoader/]: Exception loading blockstate definition: 'tinygates:blockstates/t_flip_flop_block.json' missing model for variant: 'tinygates:t_flip_flop_block#facing=north,gate_direction=up'
[28Feb2026 01:33:12.911] [Worker-Main-5/WARN] [net.minecraft.client.resources.model.BlockStateModelLoader/]: Exception loading blockstate definition: 'tinygates:blockstates/t_flip_flop_block.json' missing model for variant: 'tinygates:t_flip_flop_block#facing=south,gate_direction=north'
[28Feb2026 01:33:12.911] [Worker-Main-5/WARN] [net.minecraft.client.resources.model.BlockStateModelLoader/]: Exception loading blockstate definition: 'tinygates:blockstates/t_flip_flop_block.json' missing model for variant: 'tinygates:t_flip_flop_block#facing=west,gate_direction=north'
[28Feb2026 01:33:12.911] [Worker-Main-5/WARN] [net.minecraft.client.resources.model.BlockStateModelLoader/]: Exception loading blockstate definition: 'tinygates:blockstates/t_flip_flop_block.json' missing model for variant: 'tinygates:t_flip_flop_block#facing=north,gate_direction=north'
[28Feb2026 01:33:12.911] [Worker-Main-5/WARN] [net.minecraft.client.resources.model.BlockStateModelLoader/]: Exception loading blockstate definition: 'tinygates:blockstates/t_flip_flop_block.json' missing model for variant: 'tinygates:t_flip_flop_block#facing=down,gate_direction=south'
[28Feb2026 01:33:12.911] [Worker-Main-5/WARN] [net.minecraft.client.resources.model.BlockStateModelLoader/]: Exception loading blockstate definition: 'tinygates:blockstates/t_flip_flop_block.json' missing model for variant: 'tinygates:t_flip_flop_block#facing=east,gate_direction=down'
[28Feb2026 01:33:12.911] [Worker-Main-5/WARN] [net.minecraft.client.resources.model.BlockStateModelLoader/]: Exception loading blockstate definition: 'tinygates:blockstates/t_flip_flop_block.json' missing model for variant: 'tinygates:t_flip_flop_block#facing=south,gate_direction=down'
[28Feb2026 01:33:12.911] [Worker-Main-5/WARN] [net.minecraft.client.resources.model.BlockStateModelLoader/]: Exception loading blockstate definition: 'tinygates:blockstates/t_flip_flop_block.json' missing model for variant: 'tinygates:t_flip_flop_block#facing=up,gate_direction=down'
[28Feb2026 01:33:12.911] [Worker-Main-5/WARN] [net.minecraft.client.resources.model.BlockStateModelLoader/]: Exception loading blockstate definition: 'tinygates:blockstates/t_flip_flop_block.json' missing model for variant: 'tinygates:t_flip_flop_block#facing=up,gate_direction=up'
[28Feb2026 01:33:12.911] [Worker-Main-5/WARN] [net.minecraft.client.resources.model.BlockStateModelLoader/]: Exception loading blockstate definition: 'tinygates:blockstates/t_flip_flop_block.json' missing model for variant: 'tinygates:t_flip_flop_block#facing=west,gate_direction=west'
[28Feb2026 01:33:12.911] [Worker-Main-5/WARN] [net.minecraft.client.resources.model.BlockStateModelLoader/]: Exception loading blockstate definition: 'tinygates:blockstates/t_flip_flop_block.json' missing model for variant: 'tinygates:t_flip_flop_block#facing=north,gate_direction=south'
[28Feb2026 01:33:12.911] [Worker-Main-5/WARN] [net.minecraft.client.resources.model.BlockStateModelLoader/]: Exception loading blockstate definition: 'tinygates:blockstates/t_flip_flop_block.json' missing model for variant: 'tinygates:t_flip_flop_block#facing=south,gate_direction=up'
[28Feb2026 01:33:12.911] [Worker-Main-5/WARN] [net.minecraft.client.resources.model.BlockStateModelLoader/]: Exception loading blockstate definition: 'tinygates:blockstates/t_flip_flop_block.json' missing model for variant: 'tinygates:t_flip_flop_block#facing=down,gate_direction=west'
[28Feb2026 01:33:12.911] [Worker-Main-5/WARN] [net.minecraft.client.resources.model.BlockStateModelLoader/]: Exception loading blockstate definition: 'tinygates:blockstates/t_flip_flop_block.json' missing model for variant: 'tinygates:t_flip_flop_block#facing=north,gate_direction=down'
[28Feb2026 01:33:12.911] [Worker-Main-5/WARN] [net.minecraft.client.resources.model.BlockStateModelLoader/]: Exception loading blockstate definition: 'tinygates:blockstates/t_flip_flop_block.json' missing model for variant: 'tinygates:t_flip_flop_block#facing=west,gate_direction=east'
[28Feb2026 01:33:12.911] [Worker-Main-5/WARN] [net.minecraft.client.resources.model.BlockStateModelLoader/]: Exception loading blockstate definition: 'tinygates:blockstates/t_flip_flop_block.json' missing model for variant: 'tinygates:t_flip_flop_block#facing=down,gate_direction=up'
[28Feb2026 01:33:12.912] [Worker-Main-5/WARN] [net.minecraft.client.resources.model.BlockStateModelLoader/]: Exception loading blockstate definition: 'tinygates:blockstates/t_flip_flop_block.json' missing model for variant: 'tinygates:t_flip_flop_block#facing=down,gate_direction=down'
[28Feb2026 01:33:12.913] [Worker-Main-5/WARN] [net.minecraft.client.resources.model.BlockStateModelLoader/]: Exception loading blockstate definition: 'tinygates:blockstates/t_flip_flop_block.json' missing model for variant: 'tinygates:t_flip_flop_block#facing=east,gate_direction=south'
[28Feb2026 01:33:12.913] [Worker-Main-5/WARN] [net.minecraft.client.resources.model.BlockStateModelLoader/]: Exception loading blockstate definition: 'tinygates:blockstates/t_flip_flop_block.json' missing model for variant: 'tinygates:t_flip_flop_block#facing=south,gate_direction=east'
[28Feb2026 01:33:12.913] [Worker-Main-5/WARN] [net.minecraft.client.resources.model.BlockStateModelLoader/]: Exception loading blockstate definition: 'tinygates:blockstates/t_flip_flop_block.json' missing model for variant: 'tinygates:t_flip_flop_block#facing=up,gate_direction=north'
[28Feb2026 01:33:12.913] [Worker-Main-5/WARN] [net.minecraft.client.resources.model.BlockStateModelLoader/]: Exception loading blockstate definition: 'tinygates:blockstates/t_flip_flop_block.json' missing model for variant: 'tinygates:t_flip_flop_block#facing=up,gate_direction=east'
[28Feb2026 01:33:12.913] [Worker-Main-5/WARN] [net.minecraft.client.resources.model.BlockStateModelLoader/]: Exception loading blockstate definition: 'tinygates:blockstates/t_flip_flop_block.json' missing model for variant: 'tinygates:t_flip_flop_block#facing=south,gate_direction=west'
[28Feb2026 01:33:12.913] [Worker-Main-5/WARN] [net.minecraft.client.resources.model.BlockStateModelLoader/]: Exception loading blockstate definition: 'tinygates:blockstates/t_flip_flop_block.json' missing model for variant: 'tinygates:t_flip_flop_block#facing=up,gate_direction=south'
[28Feb2026 01:33:12.913] [Worker-Main-5/WARN] [net.minecraft.client.resources.model.BlockStateModelLoader/]: Exception loading blockstate definition: 'tinygates:blockstates/t_flip_flop_block.json' missing model for variant: 'tinygates:t_flip_flop_block#facing=east,gate_direction=east'
[28Feb2026 01:33:12.913] [Worker-Main-5/WARN] [net.minecraft.client.resources.model.BlockStateModelLoader/]: Exception loading blockstate definition: 'tinygates:blockstates/t_flip_flop_block.json' missing model for variant: 'tinygates:t_flip_flop_block#facing=north,gate_direction=west'
[28Feb2026 01:33:12.913] [Worker-Main-5/WARN] [net.minecraft.client.resources.model.BlockStateModelLoader/]: Exception loading blockstate definition: 'tinygates:blockstates/t_flip_flop_block.json' missing model for variant: 'tinygates:t_flip_flop_block#facing=west,gate_direction=down'
[28Feb2026 01:33:12.913] [Worker-Main-5/WARN] [net.minecraft.client.resources.model.BlockStateModelLoader/]: Exception loading blockstate definition: 'tinygates:blockstates/t_flip_flop_block.json' missing model for variant: 'tinygates:t_flip_flop_block#facing=east,gate_direction=north'
[28Feb2026 01:33:12.913] [Worker-Main-5/WARN] [net.minecraft.client.resources.model.BlockStateModelLoader/]: Exception loading blockstate definition: 'tinygates:blockstates/t_flip_flop_block.json' missing model for variant: 'tinygates:t_flip_flop_block#facing=north,gate_direction=east'
[28Feb2026 01:33:12.913] [Worker-Main-5/WARN] [net.minecraft.client.resources.model.BlockStateModelLoader/]: Exception loading blockstate definition: 'tinygates:blockstates/t_flip_flop_block.json' missing model for variant: 'tinygates:t_flip_flop_block#facing=up,gate_direction=west'
[28Feb2026 01:33:12.913] [Worker-Main-5/WARN] [net.minecraft.client.resources.model.BlockStateModelLoader/]: Exception loading blockstate definition: 'tinygates:blockstates/t_flip_flop_block.json' missing model for variant: 'tinygates:t_flip_flop_block#facing=down,gate_direction=north'
[28Feb2026 01:33:12.913] [Worker-Main-5/WARN] [net.minecraft.client.resources.model.BlockStateModelLoader/]: Exception loading blockstate definition: 'tinygates:blockstates/t_flip_flop_block.json' missing model for variant: 'tinygates:t_flip_flop_block#facing=east,gate_direction=up'
[28Feb2026 01:33:12.913] [Worker-Main-5/WARN] [net.minecraft.client.resources.model.BlockStateModelLoader/]: Exception loading blockstate definition: 'tinygates:blockstates/xor_gate_block.json' missing model for variant: 'tinygates:xor_gate_block#facing=north,gate_direction=up'
[28Feb2026 01:33:12.913] [Worker-Main-5/WARN] [net.minecraft.client.resources.model.BlockStateModelLoader/]: Exception loading blockstate definition: 'tinygates:blockstates/xor_gate_block.json' missing model for variant: 'tinygates:xor_gate_block#facing=north,gate_direction=north'
[28Feb2026 01:33:12.913] [Worker-Main-5/WARN] [net.minecraft.client.resources.model.BlockStateModelLoader/]: Exception loading blockstate definition: 'tinygates:blockstates/xor_gate_block.json' missing model for variant: 'tinygates:xor_gate_block#facing=up,gate_direction=up'
[28Feb2026 01:33:12.914] [Worker-Main-5/WARN] [net.minecraft.client.resources.model.BlockStateModelLoader/]: Exception loading blockstate definition: 'tinygates:blockstates/xor_gate_block.json' missing model for variant: 'tinygates:xor_gate_block#facing=north,gate_direction=down'
[28Feb2026 01:33:12.915] [Worker-Main-5/WARN] [net.minecraft.client.resources.model.BlockStateModelLoader/]: Exception loading blockstate definition: 'tinygates:blockstates/xor_gate_block.json' missing model for variant: 'tinygates:xor_gate_block#facing=down,gate_direction=east'
[28Feb2026 01:33:12.915] [Worker-Main-5/WARN] [net.minecraft.client.resources.model.BlockStateModelLoader/]: Exception loading blockstate definition: 'tinygates:blockstates/xor_gate_block.json' missing model for variant: 'tinygates:xor_gate_block#facing=down,gate_direction=south'
[28Feb2026 01:33:12.915] [Worker-Main-5/WARN] [net.minecraft.client.resources.model.BlockStateModelLoader/]: Exception loading blockstate definition: 'tinygates:blockstates/xor_gate_block.json' missing model for variant: 'tinygates:xor_gate_block#facing=west,gate_direction=down'
[28Feb2026 01:33:12.915] [Worker-Main-5/WARN] [net.minecraft.client.resources.model.BlockStateModelLoader/]: Exception loading blockstate definition: 'tinygates:blockstates/xor_gate_block.json' missing model for variant: 'tinygates:xor_gate_block#facing=south,gate_direction=up'
[28Feb2026 01:33:12.915] [Worker-Main-5/WARN] [net.minecraft.client.resources.model.BlockStateModelLoader/]: Exception loading blockstate definition: 'tinygates:blockstates/xor_gate_block.json' missing model for variant: 'tinygates:xor_gate_block#facing=down,gate_direction=north'
[28Feb2026 01:33:12.915] [Worker-Main-5/WARN] [net.minecraft.client.resources.model.BlockStateModelLoader/]: Exception loading blockstate definition: 'tinygates:blockstates/xor_gate_block.json' missing model for variant: 'tinygates:xor_gate_block#facing=east,gate_direction=west'
[28Feb2026 01:33:12.915] [Worker-Main-5/WARN] [net.minecraft.client.resources.model.BlockStateModelLoader/]: Exception loading blockstate definition: 'tinygates:blockstates/xor_gate_block.json' missing model for variant: 'tinygates:xor_gate_block#facing=south,gate_direction=down'
[28Feb2026 01:33:12.915] [Worker-Main-5/WARN] [net.minecraft.client.resources.model.BlockStateModelLoader/]: Exception loading blockstate definition: 'tinygates:blockstates/xor_gate_block.json' missing model for variant: 'tinygates:xor_gate_block#facing=south,gate_direction=west'
[28Feb2026 01:33:12.915] [Worker-Main-5/WARN] [net.minecraft.client.resources.model.BlockStateModelLoader/]: Exception loading blockstate definition: 'tinygates:blockstates/xor_gate_block.json' missing model for variant: 'tinygates:xor_gate_block#facing=west,gate_direction=south'
[28Feb2026 01:33:12.916] [Worker-Main-5/WARN] [net.minecraft.client.resources.model.BlockStateModelLoader/]: Exception loading blockstate definition: 'tinygates:blockstates/xor_gate_block.json' missing model for variant: 'tinygates:xor_gate_block#facing=south,gate_direction=north'
[28Feb2026 01:33:12.916] [Worker-Main-5/WARN] [net.minecraft.client.resources.model.BlockStateModelLoader/]: Exception loading blockstate definition: 'tinygates:blockstates/xor_gate_block.json' missing model for variant: 'tinygates:xor_gate_block#facing=up,gate_direction=east'
[28Feb2026 01:33:12.916] [Worker-Main-5/WARN] [net.minecraft.client.resources.model.BlockStateModelLoader/]: Exception loading blockstate definition: 'tinygates:blockstates/xor_gate_block.json' missing model for variant: 'tinygates:xor_gate_block#facing=east,gate_direction=east'
[28Feb2026 01:33:12.916] [Worker-Main-5/WARN] [net.minecraft.client.resources.model.BlockStateModelLoader/]: Exception loading blockstate definition: 'tinygates:blockstates/xor_gate_block.json' missing model for variant: 'tinygates:xor_gate_block#facing=south,gate_direction=south'
[28Feb2026 01:33:12.916] [Worker-Main-5/WARN] [net.minecraft.client.resources.model.BlockStateModelLoader/]: Exception loading blockstate definition: 'tinygates:blockstates/xor_gate_block.json' missing model for variant: 'tinygates:xor_gate_block#facing=down,gate_direction=west'
[28Feb2026 01:33:12.916] [Worker-Main-5/WARN] [net.minecraft.client.resources.model.BlockStateModelLoader/]: Exception loading blockstate definition: 'tinygates:blockstates/xor_gate_block.json' missing model for variant: 'tinygates:xor_gate_block#facing=west,gate_direction=west'
[28Feb2026 01:33:12.916] [Worker-Main-5/WARN] [net.minecraft.client.resources.model.BlockStateModelLoader/]: Exception loading blockstate definition: 'tinygates:blockstates/xor_gate_block.json' missing model for variant: 'tinygates:xor_gate_block#facing=north,gate_direction=south'
[28Feb2026 01:33:12.917] [Worker-Main-5/WARN] [net.minecraft.client.resources.model.BlockStateModelLoader/]: Exception loading blockstate definition: 'tinygates:blockstates/xor_gate_block.json' missing model for variant: 'tinygates:xor_gate_block#facing=north,gate_direction=east'
[28Feb2026 01:33:12.917] [Worker-Main-5/WARN] [net.minecraft.client.resources.model.BlockStateModelLoader/]: Exception loading blockstate definition: 'tinygates:blockstates/xor_gate_block.json' missing model for variant: 'tinygates:xor_gate_block#facing=west,gate_direction=east'
[28Feb2026 01:33:12.917] [Worker-Main-5/WARN] [net.minecraft.client.resources.model.BlockStateModelLoader/]: Exception loading blockstate definition: 'tinygates:blockstates/xor_gate_block.json' missing model for variant: 'tinygates:xor_gate_block#facing=down,gate_direction=up'
[28Feb2026 01:33:12.917] [Worker-Main-5/WARN] [net.minecraft.client.resources.model.BlockStateModelLoader/]: Exception loading blockstate definition: 'tinygates:blockstates/xor_gate_block.json' missing model for variant: 'tinygates:xor_gate_block#facing=up,gate_direction=north'
[28Feb2026 01:33:12.917] [Worker-Main-5/WARN] [net.minecraft.client.resources.model.BlockStateModelLoader/]: Exception loading blockstate definition: 'tinygates:blockstates/xor_gate_block.json' missing model for variant: 'tinygates:xor_gate_block#facing=east,gate_direction=south'
[28Feb2026 01:33:12.917] [Worker-Main-5/WARN] [net.minecraft.client.resources.model.BlockStateModelLoader/]: Exception loading blockstate definition: 'tinygates:blockstates/xor_gate_block.json' missing model for variant: 'tinygates:xor_gate_block#facing=south,gate_direction=east'
[28Feb2026 01:33:12.917] [Worker-Main-5/WARN] [net.minecraft.client.resources.model.BlockStateModelLoader/]: Exception loading blockstate definition: 'tinygates:blockstates/xor_gate_block.json' missing model for variant: 'tinygates:xor_gate_block#facing=down,gate_direction=down'
[28Feb2026 01:33:12.917] [Worker-Main-5/WARN] [net.minecraft.client.resources.model.BlockStateModelLoader/]: Exception loading blockstate definition: 'tinygates:blockstates/xor_gate_block.json' missing model for variant: 'tinygates:xor_gate_block#facing=east,gate_direction=down'
[28Feb2026 01:33:12.917] [Worker-Main-5/WARN] [net.minecraft.client.resources.model.BlockStateModelLoader/]: Exception loading blockstate definition: 'tinygates:blockstates/xor_gate_block.json' missing model for variant: 'tinygates:xor_gate_block#facing=east,gate_direction=north'
[28Feb2026 01:33:12.917] [Worker-Main-5/WARN] [net.minecraft.client.resources.model.BlockStateModelLoader/]: Exception loading blockstate definition: 'tinygates:blockstates/xor_gate_block.json' missing model for variant: 'tinygates:xor_gate_block#facing=up,gate_direction=down'
[28Feb2026 01:33:12.917] [Worker-Main-5/WARN] [net.minecraft.client.resources.model.BlockStateModelLoader/]: Exception loading blockstate definition: 'tinygates:blockstates/xor_gate_block.json' missing model for variant: 'tinygates:xor_gate_block#facing=east,gate_direction=up'
[28Feb2026 01:33:12.917] [Worker-Main-5/WARN] [net.minecraft.client.resources.model.BlockStateModelLoader/]: Exception loading blockstate definition: 'tinygates:blockstates/xor_gate_block.json' missing model for variant: 'tinygates:xor_gate_block#facing=up,gate_direction=west'
[28Feb2026 01:33:12.917] [Worker-Main-5/WARN] [net.minecraft.client.resources.model.BlockStateModelLoader/]: Exception loading blockstate definition: 'tinygates:blockstates/xor_gate_block.json' missing model for variant: 'tinygates:xor_gate_block#facing=up,gate_direction=south'
[28Feb2026 01:33:12.917] [Worker-Main-5/WARN] [net.minecraft.client.resources.model.BlockStateModelLoader/]: Exception loading blockstate definition: 'tinygates:blockstates/xor_gate_block.json' missing model for variant: 'tinygates:xor_gate_block#facing=north,gate_direction=west'
[28Feb2026 01:33:12.917] [Worker-Main-5/WARN] [net.minecraft.client.resources.model.BlockStateModelLoader/]: Exception loading blockstate definition: 'tinygates:blockstates/xor_gate_block.json' missing model for variant: 'tinygates:xor_gate_block#facing=west,gate_direction=north'
[28Feb2026 01:33:12.917] [Worker-Main-5/WARN] [net.minecraft.client.resources.model.BlockStateModelLoader/]: Exception loading blockstate definition: 'tinygates:blockstates/xor_gate_block.json' missing model for variant: 'tinygates:xor_gate_block#facing=west,gate_direction=up'
[28Feb2026 01:33:12.917] [Worker-Main-5/WARN] [net.minecraft.client.resources.model.BlockStateModelLoader/]: Exception loading blockstate definition: 'moretinygates:blockstates/nand_gate_block.json' missing model for variant: 'moretinygates:nand_gate_block#facing=west,gate_direction=east'
[28Feb2026 01:33:12.918] [Worker-Main-5/WARN] [net.minecraft.client.resources.model.BlockStateModelLoader/]: Exception loading blockstate definition: 'moretinygates:blockstates/nand_gate_block.json' missing model for variant: 'moretinygates:nand_gate_block#facing=down,gate_direction=up'
[28Feb2026 01:33:12.918] [Worker-Main-5/WARN] [net.minecraft.client.resources.model.BlockStateModelLoader/]: Exception loading blockstate definition: 'moretinygates:blockstates/nand_gate_block.json' missing model for variant: 'moretinygates:nand_gate_block#facing=east,gate_direction=up'
[28Feb2026 01:33:12.918] [Worker-Main-5/WARN] [net.minecraft.client.resources.model.BlockStateModelLoader/]: Exception loading blockstate definition: 'moretinygates:blockstates/nand_gate_block.json' missing model for variant: 'moretinygates:nand_gate_block#facing=down,gate_direction=west'
[28Feb2026 01:33:12.918] [Worker-Main-5/WARN] [net.minecraft.client.resources.model.BlockStateModelLoader/]: Exception loading blockstate definition: 'moretinygates:blockstates/nand_gate_block.json' missing model for variant: 'moretinygates:nand_gate_block#facing=north,gate_direction=east'
[28Feb2026 01:33:12.918] [Worker-Main-5/WARN] [net.minecraft.client.resources.model.BlockStateModelLoader/]: Exception loading blockstate definition: 'moretinygates:blockstates/nand_gate_block.json' missing model for variant: 'moretinygates:nand_gate_block#facing=up,gate_direction=south'
[28Feb2026 01:33:12.918] [Worker-Main-5/WARN] [net.minecraft.client.resources.model.BlockStateModelLoader/]: Exception loading blockstate definition: 'moretinygates:blockstates/nand_gate_block.json' missing model for variant: 'moretinygates:nand_gate_block#facing=east,gate_direction=north'
[28Feb2026 01:33:12.918] [Worker-Main-5/WARN] [net.minecraft.client.resources.model.BlockStateModelLoader/]: Exception loading blockstate definition: 'moretinygates:blockstates/nand_gate_block.json' missing model for variant: 'moretinygates:nand_gate_block#facing=east,gate_direction=east'
[28Feb2026 01:33:12.918] [Worker-Main-5/WARN] [net.minecraft.client.resources.model.BlockStateModelLoader/]: Exception loading blockstate definition: 'moretinygates:blockstates/nand_gate_block.json' missing model for variant: 'moretinygates:nand_gate_block#facing=up,gate_direction=east'
[28Feb2026 01:33:12.918] [Worker-Main-5/WARN] [net.minecraft.client.resources.model.BlockStateModelLoader/]: Exception loading blockstate definition: 'moretinygates:blockstates/nand_gate_block.json' missing model for variant: 'moretinygates:nand_gate_block#facing=south,gate_direction=west'
[28Feb2026 01:33:12.918] [Worker-Main-5/WARN] [net.minecraft.client.resources.model.BlockStateModelLoader/]: Exception loading blockstate definition: 'moretinygates:blockstates/nand_gate_block.json' missing model for variant: 'moretinygates:nand_gate_block#facing=east,gate_direction=south'
[28Feb2026 01:33:12.918] [Worker-Main-5/WARN] [net.minecraft.client.resources.model.BlockStateModelLoader/]: Exception loading blockstate definition: 'moretinygates:blockstates/nand_gate_block.json' missing model for variant: 'moretinygates:nand_gate_block#facing=south,gate_direction=north'
[28Feb2026 01:33:12.918] [Worker-Main-5/WARN] [net.minecraft.client.resources.model.BlockStateModelLoader/]: Exception loading blockstate definition: 'moretinygates:blockstates/nand_gate_block.json' missing model for variant: 'moretinygates:nand_gate_block#facing=down,gate_direction=down'
[28Feb2026 01:33:12.918] [Worker-Main-5/WARN] [net.minecraft.client.resources.model.BlockStateModelLoader/]: Exception loading blockstate definition: 'moretinygates:blockstates/nand_gate_block.json' missing model for variant: 'moretinygates:nand_gate_block#facing=down,gate_direction=south'
[28Feb2026 01:33:12.918] [Worker-Main-5/WARN] [net.minecraft.client.resources.model.BlockStateModelLoader/]: Exception loading blockstate definition: 'moretinygates:blockstates/nand_gate_block.json' missing model for variant: 'moretinygates:nand_gate_block#facing=north,gate_direction=north'
[28Feb2026 01:33:12.918] [Worker-Main-5/WARN] [net.minecraft.client.resources.model.BlockStateModelLoader/]: Exception loading blockstate definition: 'moretinygates:blockstates/nand_gate_block.json' missing model for variant: 'moretinygates:nand_gate_block#facing=south,gate_direction=east'
[28Feb2026 01:33:12.918] [Worker-Main-5/WARN] [net.minecraft.client.resources.model.BlockStateModelLoader/]: Exception loading blockstate definition: 'moretinygates:blockstates/nand_gate_block.json' missing model for variant: 'moretinygates:nand_gate_block#facing=up,gate_direction=up'
[28Feb2026 01:33:12.918] [Worker-Main-5/WARN] [net.minecraft.client.resources.model.BlockStateModelLoader/]: Exception loading blockstate definition: 'moretinygates:blockstates/nand_gate_block.json' missing model for variant: 'moretinygates:nand_gate_block#facing=north,gate_direction=up'
[28Feb2026 01:33:12.918] [Worker-Main-5/WARN] [net.minecraft.client.resources.model.BlockStateModelLoader/]: Exception loading blockstate definition: 'moretinygates:blockstates/nand_gate_block.json' missing model for variant: 'moretinygates:nand_gate_block#facing=west,gate_direction=down'
[28Feb2026 01:33:12.918] [Worker-Main-5/WARN] [net.minecraft.client.resources.model.BlockStateModelLoader/]: Exception loading blockstate definition: 'moretinygates:blockstates/nand_gate_block.json' missing model for variant: 'moretinygates:nand_gate_block#facing=west,gate_direction=south'
[28Feb2026 01:33:12.919] [Worker-Main-5/WARN] [net.minecraft.client.resources.model.BlockStateModelLoader/]: Exception loading blockstate definition: 'moretinygates:blockstates/nand_gate_block.json' missing model for variant: 'moretinygates:nand_gate_block#facing=east,gate_direction=west'
[28Feb2026 01:33:12.919] [Worker-Main-5/WARN] [net.minecraft.client.resources.model.BlockStateModelLoader/]: Exception loading blockstate definition: 'moretinygates:blockstates/nand_gate_block.json' missing model for variant: 'moretinygates:nand_gate_block#facing=south,gate_direction=south'
[28Feb2026 01:33:12.919] [Worker-Main-5/WARN] [net.minecraft.client.resources.model.BlockStateModelLoader/]: Exception loading blockstate definition: 'moretinygates:blockstates/nand_gate_block.json' missing model for variant: 'moretinygates:nand_gate_block#facing=down,gate_direction=east'
[28Feb2026 01:33:12.919] [Worker-Main-5/WARN] [net.minecraft.client.resources.model.BlockStateModelLoader/]: Exception loading blockstate definition: 'moretinygates:blockstates/nand_gate_block.json' missing model for variant: 'moretinygates:nand_gate_block#facing=up,gate_direction=west'
[28Feb2026 01:33:12.919] [Worker-Main-5/WARN] [net.minecraft.client.resources.model.BlockStateModelLoader/]: Exception loading blockstate definition: 'moretinygates:blockstates/nand_gate_block.json' missing model for variant: 'moretinygates:nand_gate_block#facing=down,gate_direction=north'
[28Feb2026 01:33:12.919] [Worker-Main-5/WARN] [net.minecraft.client.resources.model.BlockStateModelLoader/]: Exception loading blockstate definition: 'moretinygates:blockstates/nand_gate_block.json' missing model for variant: 'moretinygates:nand_gate_block#facing=west,gate_direction=north'
[28Feb2026 01:33:12.919] [Worker-Main-5/WARN] [net.minecraft.client.resources.model.BlockStateModelLoader/]: Exception loading blockstate definition: 'moretinygates:blockstates/nand_gate_block.json' missing model for variant: 'moretinygates:nand_gate_block#facing=north,gate_direction=south'
[28Feb2026 01:33:12.919] [Worker-Main-5/WARN] [net.minecraft.client.resources.model.BlockStateModelLoader/]: Exception loading blockstate definition: 'moretinygates:blockstates/nand_gate_block.json' missing model for variant: 'moretinygates:nand_gate_block#facing=south,gate_direction=up'
[28Feb2026 01:33:12.919] [Worker-Main-5/WARN] [net.minecraft.client.resources.model.BlockStateModelLoader/]: Exception loading blockstate definition: 'moretinygates:blockstates/nand_gate_block.json' missing model for variant: 'moretinygates:nand_gate_block#facing=north,gate_direction=down'
[28Feb2026 01:33:12.919] [Worker-Main-5/WARN] [net.minecraft.client.resources.model.BlockStateModelLoader/]: Exception loading blockstate definition: 'moretinygates:blockstates/nand_gate_block.json' missing model for variant: 'moretinygates:nand_gate_block#facing=west,gate_direction=west'
[28Feb2026 01:33:12.919] [Worker-Main-5/WARN] [net.minecraft.client.resources.model.BlockStateModelLoader/]: Exception loading blockstate definition: 'moretinygates:blockstates/nand_gate_block.json' missing model for variant: 'moretinygates:nand_gate_block#facing=west,gate_direction=up'
[28Feb2026 01:33:12.919] [Worker-Main-5/WARN] [net.minecraft.client.resources.model.BlockStateModelLoader/]: Exception loading blockstate definition: 'moretinygates:blockstates/nand_gate_block.json' missing model for variant: 'moretinygates:nand_gate_block#facing=north,gate_direction=west'
[28Feb2026 01:33:12.919] [Worker-Main-5/WARN] [net.minecraft.client.resources.model.BlockStateModelLoader/]: Exception loading blockstate definition: 'moretinygates:blockstates/nand_gate_block.json' missing model for variant: 'moretinygates:nand_gate_block#facing=east,gate_direction=down'
[28Feb2026 01:33:12.919] [Worker-Main-5/WARN] [net.minecraft.client.resources.model.BlockStateModelLoader/]: Exception loading blockstate definition: 'moretinygates:blockstates/nand_gate_block.json' missing model for variant: 'moretinygates:nand_gate_block#facing=south,gate_direction=down'
[28Feb2026 01:33:12.919] [Worker-Main-5/WARN] [net.minecraft.client.resources.model.BlockStateModelLoader/]: Exception loading blockstate definition: 'moretinygates:blockstates/nand_gate_block.json' missing model for variant: 'moretinygates:nand_gate_block#facing=up,gate_direction=down'
[28Feb2026 01:33:12.919] [Worker-Main-5/WARN] [net.minecraft.client.resources.model.BlockStateModelLoader/]: Exception loading blockstate definition: 'moretinygates:blockstates/nand_gate_block.json' missing model for variant: 'moretinygates:nand_gate_block#facing=up,gate_direction=north'
[28Feb2026 01:33:12.919] [Worker-Main-5/WARN] [net.minecraft.client.resources.model.BlockStateModelLoader/]: Exception loading blockstate definition: 'moretinygates:blockstates/nor_gate_block.json' missing model for variant: 'moretinygates:nor_gate_block#facing=east,gate_direction=down'
[28Feb2026 01:33:12.919] [Worker-Main-5/WARN] [net.minecraft.client.resources.model.BlockStateModelLoader/]: Exception loading blockstate definition: 'moretinygates:blockstates/nor_gate_block.json' missing model for variant: 'moretinygates:nor_gate_block#facing=up,gate_direction=west'
[28Feb2026 01:33:12.920] [Worker-Main-5/WARN] [net.minecraft.client.resources.model.BlockStateModelLoader/]: Exception loading blockstate definition: 'moretinygates:blockstates/nor_gate_block.json' missing model for variant: 'moretinygates:nor_gate_block#facing=up,gate_direction=down'
[28Feb2026 01:33:12.920] [Worker-Main-5/WARN] [net.minecraft.client.resources.model.BlockStateModelLoader/]: Exception loading blockstate definition: 'moretinygates:blockstates/nor_gate_block.json' missing model for variant: 'moretinygates:nor_gate_block#facing=west,gate_direction=up'
[28Feb2026 01:33:12.920] [Worker-Main-5/WARN] [net.minecraft.client.resources.model.BlockStateModelLoader/]: Exception loading blockstate definition: 'moretinygates:blockstates/nor_gate_block.json' missing model for variant: 'moretinygates:nor_gate_block#facing=north,gate_direction=up'
[28Feb2026 01:33:12.920] [Worker-Main-5/WARN] [net.minecraft.client.resources.model.BlockStateModelLoader/]: Exception loading blockstate definition: 'moretinygates:blockstates/nor_gate_block.json' missing model for variant: 'moretinygates:nor_gate_block#facing=west,gate_direction=north'
[28Feb2026 01:33:12.920] [Worker-Main-5/WARN] [net.minecraft.client.resources.model.BlockStateModelLoader/]: Exception loading blockstate definition: 'moretinygates:blockstates/nor_gate_block.json' missing model for variant: 'moretinygates:nor_gate_block#facing=south,gate_direction=south'
[28Feb2026 01:33:12.920] [Worker-Main-5/WARN] [net.minecraft.client.resources.model.BlockStateModelLoader/]: Exception loading blockstate definition: 'moretinygates:blockstates/nor_gate_block.json' missing model for variant: 'moretinygates:nor_gate_block#facing=north,gate_direction=down'
[28Feb2026 01:33:12.920] [Worker-Main-5/WARN] [net.minecraft.client.resources.model.BlockStateModelLoader/]: Exception loading blockstate definition: 'moretinygates:blockstates/nor_gate_block.json' missing model for variant: 'moretinygates:nor_gate_block#facing=south,gate_direction=up'
[28Feb2026 01:33:12.920] [Worker-Main-5/WARN] [net.minecraft.client.resources.model.BlockStateModelLoader/]: Exception loading blockstate definition: 'moretinygates:blockstates/nor_gate_block.json' missing model for variant: 'moretinygates:nor_gate_block#facing=north,gate_direction=south'
[28Feb2026 01:33:12.920] [Worker-Main-5/WARN] [net.minecraft.client.resources.model.BlockStateModelLoader/]: Exception loading blockstate definition: 'moretinygates:blockstates/nor_gate_block.json' missing model for variant: 'moretinygates:nor_gate_block#facing=south,gate_direction=down'
[28Feb2026 01:33:12.920] [Worker-Main-5/WARN] [net.minecraft.client.resources.model.BlockStateModelLoader/]: Exception loading blockstate definition: 'moretinygates:blockstates/nor_gate_block.json' missing model for variant: 'moretinygates:nor_gate_block#facing=down,gate_direction=west'
[28Feb2026 01:33:12.920] [Worker-Main-5/WARN] [net.minecraft.client.resources.model.BlockStateModelLoader/]: Exception loading blockstate definition: 'moretinygates:blockstates/nor_gate_block.json' missing model for variant: 'moretinygates:nor_gate_block#facing=west,gate_direction=east'
[28Feb2026 01:33:12.920] [Worker-Main-5/WARN] [net.minecraft.client.resources.model.BlockStateModelLoader/]: Exception loading blockstate definition: 'moretinygates:blockstates/nor_gate_block.json' missing model for variant: 'moretinygates:nor_gate_block#facing=up,gate_direction=north'
[28Feb2026 01:33:12.920] [Worker-Main-5/WARN] [net.minecraft.client.resources.model.BlockStateModelLoader/]: Exception loading blockstate definition: 'moretinygates:blockstates/nor_gate_block.json' missing model for variant: 'moretinygates:nor_gate_block#facing=down,gate_direction=east'
[28Feb2026 01:33:12.920] [Worker-Main-5/WARN] [net.minecraft.client.resources.model.BlockStateModelLoader/]: Exception loading blockstate definition: 'moretinygates:blockstates/nor_gate_block.json' missing model for variant: 'moretinygates:nor_gate_block#facing=east,gate_direction=up'
[28Feb2026 01:33:12.920] [Worker-Main-5/WARN] [net.minecraft.client.resources.model.BlockStateModelLoader/]: Exception loading blockstate definition: 'moretinygates:blockstates/nor_gate_block.json' missing model for variant: 'moretinygates:nor_gate_block#facing=east,gate_direction=south'
[28Feb2026 01:33:12.920] [Worker-Main-5/WARN] [net.minecraft.client.resources.model.BlockStateModelLoader/]: Exception loading blockstate definition: 'moretinygates:blockstates/nor_gate_block.json' missing model for variant: 'moretinygates:nor_gate_block#facing=east,gate_direction=north'
[28Feb2026 01:33:12.920] [Worker-Main-5/WARN] [net.minecraft.client.resources.model.BlockStateModelLoader/]: Exception loading blockstate definition: 'moretinygates:blockstates/nor_gate_block.json' missing model for variant: 'moretinygates:nor_gate_block#facing=west,gate_direction=west'
[28Feb2026 01:33:12.921] [Worker-Main-5/WARN] [net.minecraft.client.resources.model.BlockStateModelLoader/]: Exception loading blockstate definition: 'moretinygates:blockstates/nor_gate_block.json' missing model for variant: 'moretinygates:nor_gate_block#facing=north,gate_direction=west'
[28Feb2026 01:33:12.922] [Worker-Main-5/WARN] [net.minecraft.client.resources.model.BlockStateModelLoader/]: Exception loading blockstate definition: 'moretinygates:blockstates/nor_gate_block.json' missing model for variant: 'moretinygates:nor_gate_block#facing=west,gate_direction=down'
[28Feb2026 01:33:12.922] [Worker-Main-5/WARN] [net.minecraft.client.resources.model.BlockStateModelLoader/]: Exception loading blockstate definition: 'moretinygates:blockstates/nor_gate_block.json' missing model for variant: 'moretinygates:nor_gate_block#facing=south,gate_direction=east'
[28Feb2026 01:33:12.922] [Worker-Main-5/WARN] [net.minecraft.client.resources.model.BlockStateModelLoader/]: Exception loading blockstate definition: 'moretinygates:blockstates/nor_gate_block.json' missing model for variant: 'moretinygates:nor_gate_block#facing=down,gate_direction=south'
[28Feb2026 01:33:12.922] [Worker-Main-5/WARN] [net.minecraft.client.resources.model.BlockStateModelLoader/]: Exception loading blockstate definition: 'moretinygates:blockstates/nor_gate_block.json' missing model for variant: 'moretinygates:nor_gate_block#facing=down,gate_direction=down'
[28Feb2026 01:33:12.922] [Worker-Main-5/WARN] [net.minecraft.client.resources.model.BlockStateModelLoader/]: Exception loading blockstate definition: 'moretinygates:blockstates/nor_gate_block.json' missing model for variant: 'moretinygates:nor_gate_block#facing=down,gate_direction=north'
[28Feb2026 01:33:12.922] [Worker-Main-5/WARN] [net.minecraft.client.resources.model.BlockStateModelLoader/]: Exception loading blockstate definition: 'moretinygates:blockstates/nor_gate_block.json' missing model for variant: 'moretinygates:nor_gate_block#facing=north,gate_direction=east'
[28Feb2026 01:33:12.922] [Worker-Main-5/WARN] [net.minecraft.client.resources.model.BlockStateModelLoader/]: Exception loading blockstate definition: 'moretinygates:blockstates/nor_gate_block.json' missing model for variant: 'moretinygates:nor_gate_block#facing=north,gate_direction=north'
[28Feb2026 01:33:12.922] [Worker-Main-5/WARN] [net.minecraft.client.resources.model.BlockStateModelLoader/]: Exception loading blockstate definition: 'moretinygates:blockstates/nor_gate_block.json' missing model for variant: 'moretinygates:nor_gate_block#facing=up,gate_direction=south'
[28Feb2026 01:33:12.922] [Worker-Main-5/WARN] [net.minecraft.client.resources.model.BlockStateModelLoader/]: Exception loading blockstate definition: 'moretinygates:blockstates/nor_gate_block.json' missing model for variant: 'moretinygates:nor_gate_block#facing=up,gate_direction=up'
[28Feb2026 01:33:12.922] [Worker-Main-5/WARN] [net.minecraft.client.resources.model.BlockStateModelLoader/]: Exception loading blockstate definition: 'moretinygates:blockstates/nor_gate_block.json' missing model for variant: 'moretinygates:nor_gate_block#facing=south,gate_direction=west'
[28Feb2026 01:33:12.923] [Worker-Main-5/WARN] [net.minecraft.client.resources.model.BlockStateModelLoader/]: Exception loading blockstate definition: 'moretinygates:blockstates/nor_gate_block.json' missing model for variant: 'moretinygates:nor_gate_block#facing=east,gate_direction=east'
[28Feb2026 01:33:12.923] [Worker-Main-5/WARN] [net.minecraft.client.resources.model.BlockStateModelLoader/]: Exception loading blockstate definition: 'moretinygates:blockstates/nor_gate_block.json' missing model for variant: 'moretinygates:nor_gate_block#facing=up,gate_direction=east'
[28Feb2026 01:33:12.923] [Worker-Main-5/WARN] [net.minecraft.client.resources.model.BlockStateModelLoader/]: Exception loading blockstate definition: 'moretinygates:blockstates/nor_gate_block.json' missing model for variant: 'moretinygates:nor_gate_block#facing=east,gate_direction=west'
[28Feb2026 01:33:12.923] [Worker-Main-5/WARN] [net.minecraft.client.resources.model.BlockStateModelLoader/]: Exception loading blockstate definition: 'moretinygates:blockstates/nor_gate_block.json' missing model for variant: 'moretinygates:nor_gate_block#facing=south,gate_direction=north'
[28Feb2026 01:33:12.923] [Worker-Main-5/WARN] [net.minecraft.client.resources.model.BlockStateModelLoader/]: Exception loading blockstate definition: 'moretinygates:blockstates/nor_gate_block.json' missing model for variant: 'moretinygates:nor_gate_block#facing=west,gate_direction=south'
[28Feb2026 01:33:12.923] [Worker-Main-5/WARN] [net.minecraft.client.resources.model.BlockStateModelLoader/]: Exception loading blockstate definition: 'moretinygates:blockstates/nor_gate_block.json' missing model for variant: 'moretinygates:nor_gate_block#facing=down,gate_direction=up'
[28Feb2026 01:33:12.923] [Worker-Main-5/WARN] [net.minecraft.client.resources.model.BlockStateModelLoader/]: Exception loading blockstate definition: 'moretinygates:blockstates/xnor_gate_block.json' missing model for variant: 'moretinygates:xnor_gate_block#facing=south,gate_direction=west'
[28Feb2026 01:33:12.923] [Worker-Main-5/WARN] [net.minecraft.client.resources.model.BlockStateModelLoader/]: Exception loading blockstate definition: 'moretinygates:blockstates/xnor_gate_block.json' missing model for variant: 'moretinygates:xnor_gate_block#facing=east,gate_direction=east'
[28Feb2026 01:33:12.923] [Worker-Main-5/WARN] [net.minecraft.client.resources.model.BlockStateModelLoader/]: Exception loading blockstate definition: 'moretinygates:blockstates/xnor_gate_block.json' missing model for variant: 'moretinygates:xnor_gate_block#facing=up,gate_direction=east'
[28Feb2026 01:33:12.923] [Worker-Main-5/WARN] [net.minecraft.client.resources.model.BlockStateModelLoader/]: Exception loading blockstate definition: 'moretinygates:blockstates/xnor_gate_block.json' missing model for variant: 'moretinygates:xnor_gate_block#facing=west,gate_direction=west'
[28Feb2026 01:33:12.923] [Worker-Main-5/WARN] [net.minecraft.client.resources.model.BlockStateModelLoader/]: Exception loading blockstate definition: 'moretinygates:blockstates/xnor_gate_block.json' missing model for variant: 'moretinygates:xnor_gate_block#facing=north,gate_direction=west'
[28Feb2026 01:33:12.923] [Worker-Main-5/WARN] [net.minecraft.client.resources.model.BlockStateModelLoader/]: Exception loading blockstate definition: 'moretinygates:blockstates/xnor_gate_block.json' missing model for variant: 'moretinygates:xnor_gate_block#facing=east,gate_direction=south'
[28Feb2026 01:33:12.923] [Worker-Main-5/WARN] [net.minecraft.client.resources.model.BlockStateModelLoader/]: Exception loading blockstate definition: 'moretinygates:blockstates/xnor_gate_block.json' missing model for variant: 'moretinygates:xnor_gate_block#facing=down,gate_direction=south'
[28Feb2026 01:33:12.923] [Worker-Main-5/WARN] [net.minecraft.client.resources.model.BlockStateModelLoader/]: Exception loading blockstate definition: 'moretinygates:blockstates/xnor_gate_block.json' missing model for variant: 'moretinygates:xnor_gate_block#facing=north,gate_direction=north'
[28Feb2026 01:33:12.923] [Worker-Main-5/WARN] [net.minecraft.client.resources.model.BlockStateModelLoader/]: Exception loading blockstate definition: 'moretinygates:blockstates/xnor_gate_block.json' missing model for variant: 'moretinygates:xnor_gate_block#facing=south,gate_direction=down'
[28Feb2026 01:33:12.923] [Worker-Main-5/WARN] [net.minecraft.client.resources.model.BlockStateModelLoader/]: Exception loading blockstate definition: 'moretinygates:blockstates/xnor_gate_block.json' missing model for variant: 'moretinygates:xnor_gate_block#facing=up,gate_direction=up'
[28Feb2026 01:33:12.923] [Worker-Main-5/WARN] [net.minecraft.client.resources.model.BlockStateModelLoader/]: Exception loading blockstate definition: 'moretinygates:blockstates/xnor_gate_block.json' missing model for variant: 'moretinygates:xnor_gate_block#facing=west,gate_direction=up'
[28Feb2026 01:33:12.923] [Worker-Main-5/WARN] [net.minecraft.client.resources.model.BlockStateModelLoader/]: Exception loading blockstate definition: 'moretinygates:blockstates/xnor_gate_block.json' missing model for variant: 'moretinygates:xnor_gate_block#facing=east,gate_direction=west'
[28Feb2026 01:33:12.923] [Worker-Main-5/WARN] [net.minecraft.client.resources.model.BlockStateModelLoader/]: Exception loading blockstate definition: 'moretinygates:blockstates/xnor_gate_block.json' missing model for variant: 'moretinygates:xnor_gate_block#facing=south,gate_direction=north'
[28Feb2026 01:33:12.923] [Worker-Main-5/WARN] [net.minecraft.client.resources.model.BlockStateModelLoader/]: Exception loading blockstate definition: 'moretinygates:blockstates/xnor_gate_block.json' missing model for variant: 'moretinygates:xnor_gate_block#facing=west,gate_direction=north'
[28Feb2026 01:33:12.923] [Worker-Main-5/WARN] [net.minecraft.client.resources.model.BlockStateModelLoader/]: Exception loading blockstate definition: 'moretinygates:blockstates/xnor_gate_block.json' missing model for variant: 'moretinygates:xnor_gate_block#facing=west,gate_direction=south'
[28Feb2026 01:33:12.923] [Worker-Main-5/WARN] [net.minecraft.client.resources.model.BlockStateModelLoader/]: Exception loading blockstate definition: 'moretinygates:blockstates/xnor_gate_block.json' missing model for variant: 'moretinygates:xnor_gate_block#facing=down,gate_direction=up'
[28Feb2026 01:33:12.924] [Worker-Main-5/WARN] [net.minecraft.client.resources.model.BlockStateModelLoader/]: Exception loading blockstate definition: 'moretinygates:blockstates/xnor_gate_block.json' missing model for variant: 'moretinygates:xnor_gate_block#facing=east,gate_direction=up'
[28Feb2026 01:33:12.924] [Worker-Main-5/WARN] [net.minecraft.client.resources.model.BlockStateModelLoader/]: Exception loading blockstate definition: 'moretinygates:blockstates/xnor_gate_block.json' missing model for variant: 'moretinygates:xnor_gate_block#facing=west,gate_direction=down'
[28Feb2026 01:33:12.924] [Worker-Main-5/WARN] [net.minecraft.client.resources.model.BlockStateModelLoader/]: Exception loading blockstate definition: 'moretinygates:blockstates/xnor_gate_block.json' missing model for variant: 'moretinygates:xnor_gate_block#facing=up,gate_direction=west'
[28Feb2026 01:33:12.924] [Worker-Main-5/WARN] [net.minecraft.client.resources.model.BlockStateModelLoader/]: Exception loading blockstate definition: 'moretinygates:blockstates/xnor_gate_block.json' missing model for variant: 'moretinygates:xnor_gate_block#facing=down,gate_direction=north'
[28Feb2026 01:33:12.924] [Worker-Main-5/WARN] [net.minecraft.client.resources.model.BlockStateModelLoader/]: Exception loading blockstate definition: 'moretinygates:blockstates/xnor_gate_block.json' missing model for variant: 'moretinygates:xnor_gate_block#facing=north,gate_direction=east'
[28Feb2026 01:33:12.924] [Worker-Main-5/WARN] [net.minecraft.client.resources.model.BlockStateModelLoader/]: Exception loading blockstate definition: 'moretinygates:blockstates/xnor_gate_block.json' missing model for variant: 'moretinygates:xnor_gate_block#facing=up,gate_direction=south'
[28Feb2026 01:33:12.924] [Worker-Main-5/WARN] [net.minecraft.client.resources.model.BlockStateModelLoader/]: Exception loading blockstate definition: 'moretinygates:blockstates/xnor_gate_block.json' missing model for variant: 'moretinygates:xnor_gate_block#facing=east,gate_direction=north'
[28Feb2026 01:33:12.924] [Worker-Main-5/WARN] [net.minecraft.client.resources.model.BlockStateModelLoader/]: Exception loading blockstate definition: 'moretinygates:blockstates/xnor_gate_block.json' missing model for variant: 'moretinygates:xnor_gate_block#facing=east,gate_direction=down'
[28Feb2026 01:33:12.924] [Worker-Main-5/WARN] [net.minecraft.client.resources.model.BlockStateModelLoader/]: Exception loading blockstate definition: 'moretinygates:blockstates/xnor_gate_block.json' missing model for variant: 'moretinygates:xnor_gate_block#facing=south,gate_direction=east'
[28Feb2026 01:33:12.924] [Worker-Main-5/WARN] [net.minecraft.client.resources.model.BlockStateModelLoader/]: Exception loading blockstate definition: 'moretinygates:blockstates/xnor_gate_block.json' missing model for variant: 'moretinygates:xnor_gate_block#facing=down,gate_direction=down'
[28Feb2026 01:33:12.925] [Worker-Main-5/WARN] [net.minecraft.client.resources.model.BlockStateModelLoader/]: Exception loading blockstate definition: 'moretinygates:blockstates/xnor_gate_block.json' missing model for variant: 'moretinygates:xnor_gate_block#facing=up,gate_direction=down'
[28Feb2026 01:33:12.925] [Worker-Main-5/WARN] [net.minecraft.client.resources.model.BlockStateModelLoader/]: Exception loading blockstate definition: 'moretinygates:blockstates/xnor_gate_block.json' missing model for variant: 'moretinygates:xnor_gate_block#facing=up,gate_direction=north'
[28Feb2026 01:33:12.925] [Worker-Main-5/WARN] [net.minecraft.client.resources.model.BlockStateModelLoader/]: Exception loading blockstate definition: 'moretinygates:blockstates/xnor_gate_block.json' missing model for variant: 'moretinygates:xnor_gate_block#facing=north,gate_direction=up'
[28Feb2026 01:33:12.925] [Worker-Main-5/WARN] [net.minecraft.client.resources.model.BlockStateModelLoader/]: Exception loading blockstate definition: 'moretinygates:blockstates/xnor_gate_block.json' missing model for variant: 'moretinygates:xnor_gate_block#facing=south,gate_direction=south'
[28Feb2026 01:33:12.925] [Worker-Main-5/WARN] [net.minecraft.client.resources.model.BlockStateModelLoader/]: Exception loading blockstate definition: 'moretinygates:blockstates/xnor_gate_block.json' missing model for variant: 'moretinygates:xnor_gate_block#facing=down,gate_direction=east'
[28Feb2026 01:33:12.925] [Worker-Main-5/WARN] [net.minecraft.client.resources.model.BlockStateModelLoader/]: Exception loading blockstate definition: 'moretinygates:blockstates/xnor_gate_block.json' missing model for variant: 'moretinygates:xnor_gate_block#facing=north,gate_direction=down'
[28Feb2026 01:33:12.925] [Worker-Main-5/WARN] [net.minecraft.client.resources.model.BlockStateModelLoader/]: Exception loading blockstate definition: 'moretinygates:blockstates/xnor_gate_block.json' missing model for variant: 'moretinygates:xnor_gate_block#facing=south,gate_direction=up'
[28Feb2026 01:33:12.925] [Worker-Main-5/WARN] [net.minecraft.client.resources.model.BlockStateModelLoader/]: Exception loading blockstate definition: 'moretinygates:blockstates/xnor_gate_block.json' missing model for variant: 'moretinygates:xnor_gate_block#facing=north,gate_direction=south'
[28Feb2026 01:33:12.925] [Worker-Main-5/WARN] [net.minecraft.client.resources.model.BlockStateModelLoader/]: Exception loading blockstate definition: 'moretinygates:blockstates/xnor_gate_block.json' missing model for variant: 'moretinygates:xnor_gate_block#facing=down,gate_direction=west'
[28Feb2026 01:33:12.925] [Worker-Main-5/WARN] [net.minecraft.client.resources.model.BlockStateModelLoader/]: Exception loading blockstate definition: 'moretinygates:blockstates/xnor_gate_block.json' missing model for variant: 'moretinygates:xnor_gate_block#facing=west,gate_direction=east'
[28Feb2026 01:33:12.925] [Worker-Main-5/WARN] [net.minecraft.client.resources.model.BlockStateModelLoader/]: Exception loading blockstate definition: 'moretinygates:blockstates/diode_block.json' missing model for variant: 'moretinygates:diode_block#facing=west,gate_direction=up'
[28Feb2026 01:33:12.925] [Worker-Main-5/WARN] [net.minecraft.client.resources.model.BlockStateModelLoader/]: Exception loading blockstate definition: 'moretinygates:blockstates/diode_block.json' missing model for variant: 'moretinygates:diode_block#facing=north,gate_direction=north'
[28Feb2026 01:33:12.925] [Worker-Main-5/WARN] [net.minecraft.client.resources.model.BlockStateModelLoader/]: Exception loading blockstate definition: 'moretinygates:blockstates/diode_block.json' missing model for variant: 'moretinygates:diode_block#facing=up,gate_direction=up'
[28Feb2026 01:33:12.925] [Worker-Main-5/WARN] [net.minecraft.client.resources.model.BlockStateModelLoader/]: Exception loading blockstate definition: 'moretinygates:blockstates/diode_block.json' missing model for variant: 'moretinygates:diode_block#facing=north,gate_direction=south'
[28Feb2026 01:33:12.925] [Worker-Main-5/WARN] [net.minecraft.client.resources.model.BlockStateModelLoader/]: Exception loading blockstate definition: 'moretinygates:blockstates/diode_block.json' missing model for variant: 'moretinygates:diode_block#facing=east,gate_direction=down'
[28Feb2026 01:33:12.925] [Worker-Main-5/WARN] [net.minecraft.client.resources.model.BlockStateModelLoader/]: Exception loading blockstate definition: 'moretinygates:blockstates/diode_block.json' missing model for variant: 'moretinygates:diode_block#facing=up,gate_direction=down'
[28Feb2026 01:33:12.925] [Worker-Main-5/WARN] [net.minecraft.client.resources.model.BlockStateModelLoader/]: Exception loading blockstate definition: 'moretinygates:blockstates/diode_block.json' missing model for variant: 'moretinygates:diode_block#facing=north,gate_direction=up'
[28Feb2026 01:33:12.925] [Worker-Main-5/WARN] [net.minecraft.client.resources.model.BlockStateModelLoader/]: Exception loading blockstate definition: 'moretinygates:blockstates/diode_block.json' missing model for variant: 'moretinygates:diode_block#facing=west,gate_direction=north'
[28Feb2026 01:33:12.925] [Worker-Main-5/WARN] [net.minecraft.client.resources.model.BlockStateModelLoader/]: Exception loading blockstate definition: 'moretinygates:blockstates/diode_block.json' missing model for variant: 'moretinygates:diode_block#facing=down,gate_direction=south'
[28Feb2026 01:33:12.925] [Worker-Main-5/WARN] [net.minecraft.client.resources.model.BlockStateModelLoader/]: Exception loading blockstate definition: 'moretinygates:blockstates/diode_block.json' missing model for variant: 'moretinygates:diode_block#facing=south,gate_direction=south'
[28Feb2026 01:33:12.925] [Worker-Main-5/WARN] [net.minecraft.client.resources.model.BlockStateModelLoader/]: Exception loading blockstate definition: 'moretinygates:blockstates/diode_block.json' missing model for variant: 'moretinygates:diode_block#facing=north,gate_direction=west'
[28Feb2026 01:33:12.925] [Worker-Main-5/WARN] [net.minecraft.client.resources.model.BlockStateModelLoader/]: Exception loading blockstate definition: 'moretinygates:blockstates/diode_block.json' missing model for variant: 'moretinygates:diode_block#facing=up,gate_direction=east'
[28Feb2026 01:33:12.926] [Worker-Main-5/WARN] [net.minecraft.client.resources.model.BlockStateModelLoader/]: Exception loading blockstate definition: 'moretinygates:blockstates/diode_block.json' missing model for variant: 'moretinygates:diode_block#facing=east,gate_direction=east'
[28Feb2026 01:33:12.927] [Worker-Main-5/WARN] [net.minecraft.client.resources.model.BlockStateModelLoader/]: Exception loading blockstate definition: 'moretinygates:blockstates/diode_block.json' missing model for variant: 'moretinygates:diode_block#facing=up,gate_direction=south'
[28Feb2026 01:33:12.927] [Worker-Main-5/WARN] [net.minecraft.client.resources.model.BlockStateModelLoader/]: Exception loading blockstate definition: 'moretinygates:blockstates/diode_block.json' missing model for variant: 'moretinygates:diode_block#facing=south,gate_direction=east'
[28Feb2026 01:33:12.927] [Worker-Main-5/WARN] [net.minecraft.client.resources.model.BlockStateModelLoader/]: Exception loading blockstate definition: 'moretinygates:blockstates/diode_block.json' missing model for variant: 'moretinygates:diode_block#facing=east,gate_direction=north'
[28Feb2026 01:33:12.927] [Worker-Main-5/WARN] [net.minecraft.client.resources.model.BlockStateModelLoader/]: Exception loading blockstate definition: 'moretinygates:blockstates/diode_block.json' missing model for variant: 'moretinygates:diode_block#facing=down,gate_direction=down'
[28Feb2026 01:33:12.928] [Worker-Main-5/WARN] [net.minecraft.client.resources.model.BlockStateModelLoader/]: Exception loading blockstate definition: 'moretinygates:blockstates/diode_block.json' missing model for variant: 'moretinygates:diode_block#facing=east,gate_direction=up'
[28Feb2026 01:33:12.928] [Worker-Main-5/WARN] [net.minecraft.client.resources.model.BlockStateModelLoader/]: Exception loading blockstate definition: 'moretinygates:blockstates/diode_block.json' missing model for variant: 'moretinygates:diode_block#facing=south,gate_direction=north'
[28Feb2026 01:33:12.928] [Worker-Main-5/WARN] [net.minecraft.client.resources.model.BlockStateModelLoader/]: Exception loading blockstate definition: 'moretinygates:blockstates/diode_block.json' missing model for variant: 'moretinygates:diode_block#facing=west,gate_direction=south'
[28Feb2026 01:33:12.928] [Worker-Main-5/WARN] [net.minecraft.client.resources.model.BlockStateModelLoader/]: Exception loading blockstate definition: 'moretinygates:blockstates/diode_block.json' missing model for variant: 'moretinygates:diode_block#facing=down,gate_direction=north'
[28Feb2026 01:33:12.928] [Worker-Main-5/WARN] [net.minecraft.client.resources.model.BlockStateModelLoader/]: Exception loading blockstate definition: 'moretinygates:blockstates/diode_block.json' missing model for variant: 'moretinygates:diode_block#facing=east,gate_direction=west'
[28Feb2026 01:33:12.928] [Worker-Main-5/WARN] [net.minecraft.client.resources.model.BlockStateModelLoader/]: Exception loading blockstate definition: 'moretinygates:blockstates/diode_block.json' missing model for variant: 'moretinygates:diode_block#facing=south,gate_direction=west'
[28Feb2026 01:33:12.928] [Worker-Main-5/WARN] [net.minecraft.client.resources.model.BlockStateModelLoader/]: Exception loading blockstate definition: 'moretinygates:blockstates/diode_block.json' missing model for variant: 'moretinygates:diode_block#facing=west,gate_direction=down'
[28Feb2026 01:33:12.928] [Worker-Main-5/WARN] [net.minecraft.client.resources.model.BlockStateModelLoader/]: Exception loading blockstate definition: 'moretinygates:blockstates/diode_block.json' missing model for variant: 'moretinygates:diode_block#facing=up,gate_direction=west'
[28Feb2026 01:33:12.928] [Worker-Main-5/WARN] [net.minecraft.client.resources.model.BlockStateModelLoader/]: Exception loading blockstate definition: 'moretinygates:blockstates/diode_block.json' missing model for variant: 'moretinygates:diode_block#facing=down,gate_direction=up'
[28Feb2026 01:33:12.928] [Worker-Main-5/WARN] [net.minecraft.client.resources.model.BlockStateModelLoader/]: Exception loading blockstate definition: 'moretinygates:blockstates/diode_block.json' missing model for variant: 'moretinygates:diode_block#facing=west,gate_direction=east'
[28Feb2026 01:33:12.928] [Worker-Main-5/WARN] [net.minecraft.client.resources.model.BlockStateModelLoader/]: Exception loading blockstate definition: 'moretinygates:blockstates/diode_block.json' missing model for variant: 'moretinygates:diode_block#facing=north,gate_direction=east'
[28Feb2026 01:33:12.928] [Worker-Main-5/WARN] [net.minecraft.client.resources.model.BlockStateModelLoader/]: Exception loading blockstate definition: 'moretinygates:blockstates/diode_block.json' missing model for variant: 'moretinygates:diode_block#facing=east,gate_direction=south'
[28Feb2026 01:33:12.929] [Worker-Main-5/WARN] [net.minecraft.client.resources.model.BlockStateModelLoader/]: Exception loading blockstate definition: 'moretinygates:blockstates/diode_block.json' missing model for variant: 'moretinygates:diode_block#facing=west,gate_direction=west'
[28Feb2026 01:33:12.929] [Worker-Main-5/WARN] [net.minecraft.client.resources.model.BlockStateModelLoader/]: Exception loading blockstate definition: 'moretinygates:blockstates/diode_block.json' missing model for variant: 'moretinygates:diode_block#facing=south,gate_direction=down'
[28Feb2026 01:33:12.929] [Worker-Main-5/WARN] [net.minecraft.client.resources.model.BlockStateModelLoader/]: Exception loading blockstate definition: 'moretinygates:blockstates/diode_block.json' missing model for variant: 'moretinygates:diode_block#facing=down,gate_direction=west'
[28Feb2026 01:33:12.929] [Worker-Main-5/WARN] [net.minecraft.client.resources.model.BlockStateModelLoader/]: Exception loading blockstate definition: 'moretinygates:blockstates/diode_block.json' missing model for variant: 'moretinygates:diode_block#facing=up,gate_direction=north'
[28Feb2026 01:33:12.929] [Worker-Main-5/WARN] [net.minecraft.client.resources.model.BlockStateModelLoader/]: Exception loading blockstate definition: 'moretinygates:blockstates/diode_block.json' missing model for variant: 'moretinygates:diode_block#facing=north,gate_direction=down'
[28Feb2026 01:33:12.929] [Worker-Main-5/WARN] [net.minecraft.client.resources.model.BlockStateModelLoader/]: Exception loading blockstate definition: 'moretinygates:blockstates/diode_block.json' missing model for variant: 'moretinygates:diode_block#facing=south,gate_direction=up'
[28Feb2026 01:33:12.929] [Worker-Main-5/WARN] [net.minecraft.client.resources.model.BlockStateModelLoader/]: Exception loading blockstate definition: 'moretinygates:blockstates/diode_block.json' missing model for variant: 'moretinygates:diode_block#facing=down,gate_direction=east'
[28Feb2026 01:33:12.929] [Worker-Main-5/WARN] [net.minecraft.client.resources.model.BlockStateModelLoader/]: Exception loading blockstate definition: 'moretinygates:blockstates/limiter_block.json' missing model for variant: 'moretinygates:limiter_block#facing=up,gate_direction=north'
[28Feb2026 01:33:12.929] [Worker-Main-5/WARN] [net.minecraft.client.resources.model.BlockStateModelLoader/]: Exception loading blockstate definition: 'moretinygates:blockstates/limiter_block.json' missing model for variant: 'moretinygates:limiter_block#facing=down,gate_direction=west'
[28Feb2026 01:33:12.929] [Worker-Main-5/WARN] [net.minecraft.client.resources.model.BlockStateModelLoader/]: Exception loading blockstate definition: 'moretinygates:blockstates/limiter_block.json' missing model for variant: 'moretinygates:limiter_block#facing=up,gate_direction=south'
[28Feb2026 01:33:12.930] [Worker-Main-5/WARN] [net.minecraft.client.resources.model.BlockStateModelLoader/]: Exception loading blockstate definition: 'moretinygates:blockstates/limiter_block.json' missing model for variant: 'moretinygates:limiter_block#facing=south,gate_direction=east'
[28Feb2026 01:33:12.930] [Worker-Main-5/WARN] [net.minecraft.client.resources.model.BlockStateModelLoader/]: Exception loading blockstate definition: 'moretinygates:blockstates/limiter_block.json' missing model for variant: 'moretinygates:limiter_block#facing=down,gate_direction=down'
[28Feb2026 01:33:12.930] [Worker-Main-5/WARN] [net.minecraft.client.resources.model.BlockStateModelLoader/]: Exception loading blockstate definition: 'moretinygates:blockstates/limiter_block.json' missing model for variant: 'moretinygates:limiter_block#facing=west,gate_direction=east'
[28Feb2026 01:33:12.930] [Worker-Main-5/WARN] [net.minecraft.client.resources.model.BlockStateModelLoader/]: Exception loading blockstate definition: 'moretinygates:blockstates/limiter_block.json' missing model for variant: 'moretinygates:limiter_block#facing=north,gate_direction=east'
[28Feb2026 01:33:12.930] [Worker-Main-5/WARN] [net.minecraft.client.resources.model.BlockStateModelLoader/]: Exception loading blockstate definition: 'moretinygates:blockstates/limiter_block.json' missing model for variant: 'moretinygates:limiter_block#facing=south,gate_direction=south'
[28Feb2026 01:33:12.930] [Worker-Main-5/WARN] [net.minecraft.client.resources.model.BlockStateModelLoader/]: Exception loading blockstate definition: 'moretinygates:blockstates/limiter_block.json' missing model for variant: 'moretinygates:limiter_block#facing=west,gate_direction=south'
[28Feb2026 01:33:12.930] [Worker-Main-5/WARN] [net.minecraft.client.resources.model.BlockStateModelLoader/]: Exception loading blockstate definition: 'moretinygates:blockstates/limiter_block.json' missing model for variant: 'moretinygates:limiter_block#facing=south,gate_direction=north'
[28Feb2026 01:33:12.930] [Worker-Main-5/WARN] [net.minecraft.client.resources.model.BlockStateModelLoader/]: Exception loading blockstate definition: 'moretinygates:blockstates/limiter_block.json' missing model for variant: 'moretinygates:limiter_block#facing=down,gate_direction=up'
[28Feb2026 01:33:12.930] [Worker-Main-5/WARN] [net.minecraft.client.resources.model.BlockStateModelLoader/]: Exception loading blockstate definition: 'moretinygates:blockstates/limiter_block.json' missing model for variant: 'moretinygates:limiter_block#facing=east,gate_direction=south'
[28Feb2026 01:33:12.930] [Worker-Main-5/WARN] [net.minecraft.client.resources.model.BlockStateModelLoader/]: Exception loading blockstate definition: 'moretinygates:blockstates/limiter_block.json' missing model for variant: 'moretinygates:limiter_block#facing=east,gate_direction=west'
[28Feb2026 01:33:12.930] [Worker-Main-5/WARN] [net.minecraft.client.resources.model.BlockStateModelLoader/]: Exception loading blockstate definition: 'moretinygates:blockstates/limiter_block.json' missing model for variant: 'moretinygates:limiter_block#facing=up,gate_direction=west'
[28Feb2026 01:33:12.930] [Worker-Main-5/WARN] [net.minecraft.client.resources.model.BlockStateModelLoader/]: Exception loading blockstate definition: 'moretinygates:blockstates/limiter_block.json' missing model for variant: 'moretinygates:limiter_block#facing=east,gate_direction=east'
[28Feb2026 01:33:12.930] [Worker-Main-5/WARN] [net.minecraft.client.resources.model.BlockStateModelLoader/]: Exception loading blockstate definition: 'moretinygates:blockstates/limiter_block.json' missing model for variant: 'moretinygates:limiter_block#facing=north,gate_direction=north'
[28Feb2026 01:33:12.930] [Worker-Main-5/WARN] [net.minecraft.client.resources.model.BlockStateModelLoader/]: Exception loading blockstate definition: 'moretinygates:blockstates/limiter_block.json' missing model for variant: 'moretinygates:limiter_block#facing=up,gate_direction=up'
[28Feb2026 01:33:12.930] [Worker-Main-5/WARN] [net.minecraft.client.resources.model.BlockStateModelLoader/]: Exception loading blockstate definition: 'moretinygates:blockstates/limiter_block.json' missing model for variant: 'moretinygates:limiter_block#facing=down,gate_direction=south'
[28Feb2026 01:33:12.930] [Worker-Main-5/WARN] [net.minecraft.client.resources.model.BlockStateModelLoader/]: Exception loading blockstate definition: 'moretinygates:blockstates/limiter_block.json' missing model for variant: 'moretinygates:limiter_block#facing=south,gate_direction=down'
[28Feb2026 01:33:12.930] [Worker-Main-5/WARN] [net.minecraft.client.resources.model.BlockStateModelLoader/]: Exception loading blockstate definition: 'moretinygates:blockstates/limiter_block.json' missing model for variant: 'moretinygates:limiter_block#facing=west,gate_direction=west'
[28Feb2026 01:33:12.931] [Worker-Main-5/WARN] [net.minecraft.client.resources.model.BlockStateModelLoader/]: Exception loading blockstate definition: 'moretinygates:blockstates/limiter_block.json' missing model for variant: 'moretinygates:limiter_block#facing=south,gate_direction=up'
[28Feb2026 01:33:12.931] [Worker-Main-5/WARN] [net.minecraft.client.resources.model.BlockStateModelLoader/]: Exception loading blockstate definition: 'moretinygates:blockstates/limiter_block.json' missing model for variant: 'moretinygates:limiter_block#facing=south,gate_direction=west'
[28Feb2026 01:33:12.931] [Worker-Main-5/WARN] [net.minecraft.client.resources.model.BlockStateModelLoader/]: Exception loading blockstate definition: 'moretinygates:blockstates/limiter_block.json' missing model for variant: 'moretinygates:limiter_block#facing=up,gate_direction=east'
[28Feb2026 01:33:12.931] [Worker-Main-5/WARN] [net.minecraft.client.resources.model.BlockStateModelLoader/]: Exception loading blockstate definition: 'moretinygates:blockstates/limiter_block.json' missing model for variant: 'moretinygates:limiter_block#facing=north,gate_direction=south'
[28Feb2026 01:33:12.931] [Worker-Main-5/WARN] [net.minecraft.client.resources.model.BlockStateModelLoader/]: Exception loading blockstate definition: 'moretinygates:blockstates/limiter_block.json' missing model for variant: 'moretinygates:limiter_block#facing=north,gate_direction=west'
[28Feb2026 01:33:12.931] [Worker-Main-5/WARN] [net.minecraft.client.resources.model.BlockStateModelLoader/]: Exception loading blockstate definition: 'moretinygates:blockstates/limiter_block.json' missing model for variant: 'moretinygates:limiter_block#facing=north,gate_direction=up'
[28Feb2026 01:33:12.931] [Worker-Main-5/WARN] [net.minecraft.client.resources.model.BlockStateModelLoader/]: Exception loading blockstate definition: 'moretinygates:blockstates/limiter_block.json' missing model for variant: 'moretinygates:limiter_block#facing=down,gate_direction=east'
[28Feb2026 01:33:12.931] [Worker-Main-5/WARN] [net.minecraft.client.resources.model.BlockStateModelLoader/]: Exception loading blockstate definition: 'moretinygates:blockstates/limiter_block.json' missing model for variant: 'moretinygates:limiter_block#facing=west,gate_direction=up'
[28Feb2026 01:33:12.931] [Worker-Main-5/WARN] [net.minecraft.client.resources.model.BlockStateModelLoader/]: Exception loading blockstate definition: 'moretinygates:blockstates/limiter_block.json' missing model for variant: 'moretinygates:limiter_block#facing=east,gate_direction=north'
[28Feb2026 01:33:12.931] [Worker-Main-5/WARN] [net.minecraft.client.resources.model.BlockStateModelLoader/]: Exception loading blockstate definition: 'moretinygates:blockstates/limiter_block.json' missing model for variant: 'moretinygates:limiter_block#facing=west,gate_direction=down'
[28Feb2026 01:33:12.931] [Worker-Main-5/WARN] [net.minecraft.client.resources.model.BlockStateModelLoader/]: Exception loading blockstate definition: 'moretinygates:blockstates/limiter_block.json' missing model for variant: 'moretinygates:limiter_block#facing=down,gate_direction=north'
[28Feb2026 01:33:12.931] [Worker-Main-5/WARN] [net.minecraft.client.resources.model.BlockStateModelLoader/]: Exception loading blockstate definition: 'moretinygates:blockstates/limiter_block.json' missing model for variant: 'moretinygates:limiter_block#facing=north,gate_direction=down'
[28Feb2026 01:33:12.931] [Worker-Main-5/WARN] [net.minecraft.client.resources.model.BlockStateModelLoader/]: Exception loading blockstate definition: 'moretinygates:blockstates/limiter_block.json' missing model for variant: 'moretinygates:limiter_block#facing=east,gate_direction=up'
[28Feb2026 01:33:12.931] [Worker-Main-5/WARN] [net.minecraft.client.resources.model.BlockStateModelLoader/]: Exception loading blockstate definition: 'moretinygates:blockstates/limiter_block.json' missing model for variant: 'moretinygates:limiter_block#facing=west,gate_direction=north'
[28Feb2026 01:33:12.931] [Worker-Main-5/WARN] [net.minecraft.client.resources.model.BlockStateModelLoader/]: Exception loading blockstate definition: 'moretinygates:blockstates/limiter_block.json' missing model for variant: 'moretinygates:limiter_block#facing=up,gate_direction=down'
[28Feb2026 01:33:12.931] [Worker-Main-5/WARN] [net.minecraft.client.resources.model.BlockStateModelLoader/]: Exception loading blockstate definition: 'moretinygates:blockstates/limiter_block.json' missing model for variant: 'moretinygates:limiter_block#facing=east,gate_direction=down'
[28Feb2026 01:33:12.931] [Worker-Main-5/WARN] [net.minecraft.client.resources.model.BlockStateModelLoader/]: Exception loading blockstate definition: 'moretinygates:blockstates/generator_block.json' missing model for variant: 'moretinygates:generator_block#facing=south,gate_direction=east'
[28Feb2026 01:33:12.932] [Worker-Main-5/WARN] [net.minecraft.client.resources.model.BlockStateModelLoader/]: Exception loading blockstate definition: 'moretinygates:blockstates/generator_block.json' missing model for variant: 'moretinygates:generator_block#facing=down,gate_direction=down'
[28Feb2026 01:33:12.932] [Worker-Main-5/WARN] [net.minecraft.client.resources.model.BlockStateModelLoader/]: Exception loading blockstate definition: 'moretinygates:blockstates/generator_block.json' missing model for variant: 'moretinygates:generator_block#facing=down,gate_direction=west'
[28Feb2026 01:33:12.932] [Worker-Main-5/WARN] [net.minecraft.client.resources.model.BlockStateModelLoader/]: Exception loading blockstate definition: 'moretinygates:blockstates/generator_block.json' missing model for variant: 'moretinygates:generator_block#facing=west,gate_direction=east'
[28Feb2026 01:33:12.932] [Worker-Main-5/WARN] [net.minecraft.client.resources.model.BlockStateModelLoader/]: Exception loading blockstate definition: 'moretinygates:blockstates/generator_block.json' missing model for variant: 'moretinygates:generator_block#facing=north,gate_direction=east'
[28Feb2026 01:33:12.932] [Worker-Main-5/WARN] [net.minecraft.client.resources.model.BlockStateModelLoader/]: Exception loading blockstate definition: 'moretinygates:blockstates/generator_block.json' missing model for variant: 'moretinygates:generator_block#facing=up,gate_direction=south'
[28Feb2026 01:33:12.932] [Worker-Main-5/WARN] [net.minecraft.client.resources.model.BlockStateModelLoader/]: Exception loading blockstate definition: 'moretinygates:blockstates/generator_block.json' missing model for variant: 'moretinygates:generator_block#facing=east,gate_direction=down'
[28Feb2026 01:33:12.932] [Worker-Main-5/WARN] [net.minecraft.client.resources.model.BlockStateModelLoader/]: Exception loading blockstate definition: 'moretinygates:blockstates/generator_block.json' missing model for variant: 'moretinygates:generator_block#facing=up,gate_direction=down'
[28Feb2026 01:33:12.932] [Worker-Main-5/WARN] [net.minecraft.client.resources.model.BlockStateModelLoader/]: Exception loading blockstate definition: 'moretinygates:blockstates/generator_block.json' missing model for variant: 'moretinygates:generator_block#facing=west,gate_direction=north'
[28Feb2026 01:33:12.932] [Worker-Main-5/WARN] [net.minecraft.client.resources.model.BlockStateModelLoader/]: Exception loading blockstate definition: 'moretinygates:blockstates/generator_block.json' missing model for variant: 'moretinygates:generator_block#facing=south,gate_direction=down'
[28Feb2026 01:33:12.932] [Worker-Main-5/WARN] [net.minecraft.client.resources.model.BlockStateModelLoader/]: Exception loading blockstate definition: 'moretinygates:blockstates/generator_block.json' missing model for variant: 'moretinygates:generator_block#facing=up,gate_direction=north'
[28Feb2026 01:33:12.932] [Worker-Main-5/WARN] [net.minecraft.client.resources.model.BlockStateModelLoader/]: Exception loading blockstate definition: 'moretinygates:blockstates/generator_block.json' missing model for variant: 'moretinygates:generator_block#facing=up,gate_direction=up'
[28Feb2026 01:33:12.932] [Worker-Main-5/WARN] [net.minecraft.client.resources.model.BlockStateModelLoader/]: Exception loading blockstate definition: 'moretinygates:blockstates/generator_block.json' missing model for variant: 'moretinygates:generator_block#facing=north,gate_direction=south'
[28Feb2026 01:33:12.932] [Worker-Main-5/WARN] [net.minecraft.client.resources.model.BlockStateModelLoader/]: Exception loading blockstate definition: 'moretinygates:blockstates/generator_block.json' missing model for variant: 'moretinygates:generator_block#facing=north,gate_direction=up'
[28Feb2026 01:33:12.932] [Worker-Main-5/WARN] [net.minecraft.client.resources.model.BlockStateModelLoader/]: Exception loading blockstate definition: 'moretinygates:blockstates/generator_block.json' missing model for variant: 'moretinygates:generator_block#facing=north,gate_direction=down'
[28Feb2026 01:33:12.932] [Worker-Main-5/WARN] [net.minecraft.client.resources.model.BlockStateModelLoader/]: Exception loading blockstate definition: 'moretinygates:blockstates/generator_block.json' missing model for variant: 'moretinygates:generator_block#facing=south,gate_direction=up'
[28Feb2026 01:33:12.932] [Worker-Main-5/WARN] [net.minecraft.client.resources.model.BlockStateModelLoader/]: Exception loading blockstate definition: 'moretinygates:blockstates/generator_block.json' missing model for variant: 'moretinygates:generator_block#facing=down,gate_direction=south'
[28Feb2026 01:33:12.932] [Worker-Main-5/WARN] [net.minecraft.client.resources.model.BlockStateModelLoader/]: Exception loading blockstate definition: 'moretinygates:blockstates/generator_block.json' missing model for variant: 'moretinygates:generator_block#facing=down,gate_direction=north'
[28Feb2026 01:33:12.932] [Worker-Main-5/WARN] [net.minecraft.client.resources.model.BlockStateModelLoader/]: Exception loading blockstate definition: 'moretinygates:blockstates/generator_block.json' missing model for variant: 'moretinygates:generator_block#facing=down,gate_direction=east'
[28Feb2026 01:33:12.933] [Worker-Main-5/WARN] [net.minecraft.client.resources.model.BlockStateModelLoader/]: Exception loading blockstate definition: 'moretinygates:blockstates/generator_block.json' missing model for variant: 'moretinygates:generator_block#facing=west,gate_direction=down'
[28Feb2026 01:33:12.933] [Worker-Main-5/WARN] [net.minecraft.client.resources.model.BlockStateModelLoader/]: Exception loading blockstate definition: 'moretinygates:blockstates/generator_block.json' missing model for variant: 'moretinygates:generator_block#facing=north,gate_direction=west'
[28Feb2026 01:33:12.933] [Worker-Main-5/WARN] [net.minecraft.client.resources.model.BlockStateModelLoader/]: Exception loading blockstate definition: 'moretinygates:blockstates/generator_block.json' missing model for variant: 'moretinygates:generator_block#facing=west,gate_direction=west'
[28Feb2026 01:33:12.933] [Worker-Main-5/WARN] [net.minecraft.client.resources.model.BlockStateModelLoader/]: Exception loading blockstate definition: 'moretinygates:blockstates/generator_block.json' missing model for variant: 'moretinygates:generator_block#facing=west,gate_direction=up'
[28Feb2026 01:33:12.933] [Worker-Main-5/WARN] [net.minecraft.client.resources.model.BlockStateModelLoader/]: Exception loading blockstate definition: 'moretinygates:blockstates/generator_block.json' missing model for variant: 'moretinygates:generator_block#facing=east,gate_direction=north'
[28Feb2026 01:33:12.933] [Worker-Main-5/WARN] [net.minecraft.client.resources.model.BlockStateModelLoader/]: Exception loading blockstate definition: 'moretinygates:blockstates/generator_block.json' missing model for variant: 'moretinygates:generator_block#facing=east,gate_direction=up'
[28Feb2026 01:33:12.933] [Worker-Main-5/WARN] [net.minecraft.client.resources.model.BlockStateModelLoader/]: Exception loading blockstate definition: 'moretinygates:blockstates/generator_block.json' missing model for variant: 'moretinygates:generator_block#facing=south,gate_direction=north'
[28Feb2026 01:33:12.933] [Worker-Main-5/WARN] [net.minecraft.client.resources.model.BlockStateModelLoader/]: Exception loading blockstate definition: 'moretinygates:blockstates/generator_block.json' missing model for variant: 'moretinygates:generator_block#facing=south,gate_direction=south'
[28Feb2026 01:33:12.933] [Worker-Main-5/WARN] [net.minecraft.client.resources.model.BlockStateModelLoader/]: Exception loading blockstate definition: 'moretinygates:blockstates/generator_block.json' missing model for variant: 'moretinygates:generator_block#facing=west,gate_direction=south'
[28Feb2026 01:33:12.933] [Worker-Main-5/WARN] [net.minecraft.client.resources.model.BlockStateModelLoader/]: Exception loading blockstate definition: 'moretinygates:blockstates/generator_block.json' missing model for variant: 'moretinygates:generator_block#facing=east,gate_direction=west'
[28Feb2026 01:33:12.933] [Worker-Main-5/WARN] [net.minecraft.client.resources.model.BlockStateModelLoader/]: Exception loading blockstate definition: 'moretinygates:blockstates/generator_block.json' missing model for variant: 'moretinygates:generator_block#facing=south,gate_direction=west'
[28Feb2026 01:33:12.933] [Worker-Main-5/WARN] [net.minecraft.client.resources.model.BlockStateModelLoader/]: Exception loading blockstate definition: 'moretinygates:blockstates/generator_block.json' missing model for variant: 'moretinygates:generator_block#facing=up,gate_direction=west'
[28Feb2026 01:33:12.933] [Worker-Main-5/WARN] [net.minecraft.client.resources.model.BlockStateModelLoader/]: Exception loading blockstate definition: 'moretinygates:blockstates/generator_block.json' missing model for variant: 'moretinygates:generator_block#facing=up,gate_direction=east'
[28Feb2026 01:33:12.933] [Worker-Main-5/WARN] [net.minecraft.client.resources.model.BlockStateModelLoader/]: Exception loading blockstate definition: 'moretinygates:blockstates/generator_block.json' missing model for variant: 'moretinygates:generator_block#facing=down,gate_direction=up'
[28Feb2026 01:33:12.933] [Worker-Main-5/WARN] [net.minecraft.client.resources.model.BlockStateModelLoader/]: Exception loading blockstate definition: 'moretinygates:blockstates/generator_block.json' missing model for variant: 'moretinygates:generator_block#facing=east,gate_direction=east'
[28Feb2026 01:33:12.933] [Worker-Main-5/WARN] [net.minecraft.client.resources.model.BlockStateModelLoader/]: Exception loading blockstate definition: 'moretinygates:blockstates/generator_block.json' missing model for variant: 'moretinygates:generator_block#facing=north,gate_direction=north'
[28Feb2026 01:33:12.933] [Worker-Main-5/WARN] [net.minecraft.client.resources.model.BlockStateModelLoader/]: Exception loading blockstate definition: 'moretinygates:blockstates/generator_block.json' missing model for variant: 'moretinygates:generator_block#facing=east,gate_direction=south'
[28Feb2026 01:33:14.011] [Render thread/WARN] [net.minecraft.client.sounds.SoundEngine/]: Missing sound for event: minecraft:item.goat_horn.play
[28Feb2026 01:33:14.012] [Render thread/WARN] [net.minecraft.client.sounds.SoundEngine/]: Missing sound for event: minecraft:entity.goat.screaming.horn_break
[28Feb2026 01:33:14.149] [Render thread/INFO] [com.mojang.blaze3d.audio.Library/]: OpenAL initialized on device OpenAL Soft on Speakers (Realtek(R) Audio)
[28Feb2026 01:33:14.150] [Render thread/INFO] [net.minecraft.client.sounds.SoundEngine/SOUNDS]: Sound engine started
[28Feb2026 01:33:14.332] [Render thread/INFO] [net.minecraft.client.renderer.texture.TextureAtlas/]: Created: 1024x1024x4 minecraft:textures/atlas/blocks.png-atlas
[28Feb2026 01:33:14.354] [Render thread/INFO] [net.minecraft.client.renderer.texture.TextureAtlas/]: Created: 256x256x4 minecraft:textures/atlas/signs.png-atlas
[28Feb2026 01:33:14.355] [Render thread/INFO] [net.minecraft.client.renderer.texture.TextureAtlas/]: Created: 512x512x4 minecraft:textures/atlas/shield_patterns.png-atlas
[28Feb2026 01:33:14.357] [Render thread/INFO] [net.minecraft.client.renderer.texture.TextureAtlas/]: Created: 512x512x4 minecraft:textures/atlas/banner_patterns.png-atlas
[28Feb2026 01:33:14.359] [Render thread/INFO] [net.minecraft.client.renderer.texture.TextureAtlas/]: Created: 1024x1024x4 minecraft:textures/atlas/armor_trims.png-atlas
[28Feb2026 01:33:14.366] [Render thread/INFO] [net.minecraft.client.renderer.texture.TextureAtlas/]: Created: 256x256x4 minecraft:textures/atlas/chest.png-atlas
[28Feb2026 01:33:14.366] [Render thread/INFO] [net.minecraft.client.renderer.texture.TextureAtlas/]: Created: 128x64x4 minecraft:textures/atlas/decorated_pot.png-atlas
[28Feb2026 01:33:14.366] [Render thread/INFO] [net.minecraft.client.renderer.texture.TextureAtlas/]: Created: 512x256x4 minecraft:textures/atlas/beds.png-atlas
[28Feb2026 01:33:14.367] [Render thread/INFO] [net.minecraft.client.renderer.texture.TextureAtlas/]: Created: 512x256x4 minecraft:textures/atlas/shulker_boxes.png-atlas
[28Feb2026 01:33:14.587] [Render thread/INFO] [net.minecraft.client.renderer.texture.TextureAtlas/]: Created: 512x256x0 minecraft:textures/atlas/particles.png-atlas
[28Feb2026 01:33:14.590] [Render thread/INFO] [net.minecraft.client.renderer.texture.TextureAtlas/]: Created: 512x256x0 minecraft:textures/atlas/paintings.png-atlas
[28Feb2026 01:33:14.591] [Render thread/INFO] [net.minecraft.client.renderer.texture.TextureAtlas/]: Created: 256x128x0 minecraft:textures/atlas/mob_effects.png-atlas
[28Feb2026 01:33:14.591] [Render thread/INFO] [net.minecraft.client.renderer.texture.TextureAtlas/]: Created: 64x64x0 minecraft:textures/atlas/map_decorations.png-atlas
[28Feb2026 01:33:14.592] [Render thread/INFO] [net.minecraft.client.renderer.texture.TextureAtlas/]: Created: 1024x512x0 minecraft:textures/atlas/gui.png-atlas
[28Feb2026 01:33:14.632] [Render thread/WARN] [net.minecraft.client.renderer.ShaderInstance/]: Shader rendertype_entity_translucent_emissive could not find sampler named Sampler2 in the specified shader program.
[28Feb2026 01:33:14.703] [Render thread/INFO] [net.neoforged.neoforge.client.entity.animation.json.AnimationLoader/]: Loaded 0 entity animations
[28Feb2026 01:37:43.356] [Render thread/INFO] [net.minecraft.world.item.crafting.RecipeManager/]: Loaded 1336 recipes
[28Feb2026 01:37:43.585] [Render thread/INFO] [net.minecraft.advancements.AdvancementTree/]: Loaded 1399 advancements
[28Feb2026 01:37:43.587] [Render thread/INFO] [com.dannyandson.tinyredstone.TinyRedstone/]: Beginning loading of data for data loader: tiny_block_overrides
[28Feb2026 01:37:43.589] [Render thread/INFO] [com.dannyandson.tinyredstone.TinyRedstone/]: Data loader for tiny_block_overrides loaded 1 jsons
[28Feb2026 01:37:44.298] [Server thread/INFO] [net.minecraft.client.server.IntegratedServer/]: Starting integrated minecraft server version 1.21.1
[28Feb2026 01:37:44.299] [Server thread/INFO] [net.minecraft.server.MinecraftServer/]: Generating keypair
[28Feb2026 01:37:44.658] [Server thread/INFO] [net.minecraft.server.MinecraftServer/]: Preparing start region for dimension minecraft:overworld
[28Feb2026 01:37:44.986] [progressListener/INFO] [net.minecraft.server.level.progress.LoggerChunkProgressListener/]: Preparing spawn area: 0%
[28Feb2026 01:37:45.081] [Server thread/INFO] [net.neoforged.neoforge.server.permission.PermissionAPI/]: Successfully initialized permission handler neoforge:default_handler
[28Feb2026 01:37:45.087] [progressListener/INFO] [net.minecraft.server.level.progress.LoggerChunkProgressListener/]: Time elapsed: 414 ms
[28Feb2026 01:37:45.239] [Server thread/INFO] [net.minecraft.client.server.IntegratedServer/]: Changing view distance to 12, from 10
[28Feb2026 01:37:45.240] [Server thread/INFO] [net.minecraft.client.server.IntegratedServer/]: Changing simulation distance to 12, from 0
[28Feb2026 01:37:46.005] [Server thread/INFO] [net.minecraft.server.players.PlayerList/]: Dev[local:E:4ce619b4] logged in with entity id 5 at (-2.9737460928293986, -60.0, 42.53025583584377)
[28Feb2026 01:37:46.157] [Server thread/INFO] [net.minecraft.server.MinecraftServer/]: Dev joined the game
[28Feb2026 01:37:46.425] [Render thread/INFO] [net.minecraft.advancements.AdvancementTree/]: Loaded 11 advancements
[28Feb2026 01:39:37.185] [Server thread/INFO] [net.minecraft.client.server.IntegratedServer/]: Saving and pausing game...
[28Feb2026 01:39:37.212] [Server thread/INFO] [net.minecraft.server.MinecraftServer/]: Saving chunks for level 'ServerLevel[New World]'/minecraft:overworld
[28Feb2026 01:39:37.231] [Server thread/INFO] [net.minecraft.server.MinecraftServer/]: Saving chunks for level 'ServerLevel[New World]'/minecraft:the_nether
[28Feb2026 01:39:37.231] [Server thread/INFO] [net.minecraft.server.MinecraftServer/]: Saving chunks for level 'ServerLevel[New World]'/minecraft:the_end
[28Feb2026 01:39:37.941] [Server thread/INFO] [net.minecraft.server.network.ServerGamePacketListenerImpl/]: Dev lost connection: Disconnected
[28Feb2026 01:39:37.942] [Server thread/INFO] [net.minecraft.server.MinecraftServer/]: Dev left the game
[28Feb2026 01:39:37.952] [Server thread/INFO] [net.minecraft.server.network.ServerCommonPacketListenerImpl/]: Stopping singleplayer server as player logged out
[28Feb2026 01:39:38.004] [Server thread/INFO] [net.minecraft.server.MinecraftServer/]: Stopping server
[28Feb2026 01:39:38.005] [Server thread/INFO] [net.minecraft.server.MinecraftServer/]: Saving players
[28Feb2026 01:39:38.005] [Server thread/INFO] [net.minecraft.server.MinecraftServer/]: Saving worlds
[28Feb2026 01:39:38.097] [Server thread/INFO] [net.minecraft.server.MinecraftServer/]: Saving chunks for level 'ServerLevel[New World]'/minecraft:overworld
[28Feb2026 01:39:38.124] [Server thread/INFO] [net.minecraft.server.MinecraftServer/]: Saving chunks for level 'ServerLevel[New World]'/minecraft:the_nether
[28Feb2026 01:39:38.127] [Server thread/INFO] [net.minecraft.server.MinecraftServer/]: Saving chunks for level 'ServerLevel[New World]'/minecraft:the_end
[28Feb2026 01:39:38.137] [Server thread/INFO] [net.minecraft.server.MinecraftServer/]: ThreadedAnvilChunkStorage (New World): All chunks are saved
[28Feb2026 01:39:38.137] [Server thread/INFO] [net.minecraft.server.MinecraftServer/]: ThreadedAnvilChunkStorage (DIM-1): All chunks are saved
[28Feb2026 01:39:38.137] [Server thread/INFO] [net.minecraft.server.MinecraftServer/]: ThreadedAnvilChunkStorage (DIM1): All chunks are saved
[28Feb2026 01:39:38.138] [Server thread/INFO] [net.minecraft.server.MinecraftServer/]: ThreadedAnvilChunkStorage: All dimensions are saved
[28Feb2026 01:39:39.194] [Render thread/INFO] [net.minecraft.client.Minecraft/]: Stopping!
